key	name	city	area	type	rating	reviews	price_from_inr
the-hosteller-rishikesh-upper-tapovan	The Hosteller Rishikesh, Upper Tapovan	rishikesh	Tapovan	Hostels	8.2	907	4117
umra-grace-in-by-perfect-stayz	Perfectstayz Value Umra Grace – Near Haridwar Railway Station	haridwar	Railway Station	Hotels	8.4	723	1726
tourist-rest-house	Tourist Rest House Hotel	rishikesh	Laxman Jhula	Guest houses	6.9	659	1053
perfectstayz-dhruv-nanda-near-railway-station	Perfectstayz Value Dhruv Nanda near Haridwar Railway Station	haridwar	Railway Station	Hotels	7.6	494	2685
hostel-hot-house-of-travellers	Hot – House of Travellers, Rishikesh Hostel	rishikesh	Tapovan	Hostels	8.0	439	5170
hotel-montreal-madhuban-inn	Hotel – Montreal Rishikesh Madhuban Inn	rishikesh	Haridwar Road	Hotels	7.9	401	3542
perfectstayz-premium-ganga-heights-at-harkipauri-road	Perfectstayz Premium Ganga Heights – Ganga View Rooftop Cafe	haridwar	Har Ki Pauri	Hotels	8.3	386	4891
grg-pardesi	Grg Pardesi Hotel	haridwar	Upper Road & Mayapur	Hotels	8.8	365	5274
perfect-stays-in	Perfect Stays Hotel in Haridwar	haridwar	Railway Station	Hotels	7.5	339	4219
sukoon-by-the-ganges-with-private-ganga-ghat	Sukoon by the Ganges with Private Ganga Ghat	haridwar	Elsewhere in Haridwar	Hotels	7.9	269	9302
savaya-suite-a-four-star-luxury-hotel-near-aims	Hotel La Meridian by Sitara Group	haridwar	Har Ki Pauri	Hotels	8.2	263	11220
pardesi-har-ki-pauri-road	Hotel Pardesi, Har Ki Pauri Road	haridwar	Har Ki Pauri	Hotels	8.2	274	1822
perfectstayz-value-dwarkesh-near-railway-station	Perfectstayz Value Dwarkesh – Hotel near Haridwar Railway Station	haridwar	Railway Station	Hotels	7.2	256	2781
the-four-season-a-boutique-wellness-cottage-by-aura-in	Hotel Aura Residency – A Luxury Hotel & Resort	haridwar	Elsewhere in Haridwar	Resorts	8.9	231	1534
hostel-hide-in-rishikesh-laxman-jhula	Hide – In Rishikesh, Laxman Jhula Hostel	rishikesh	Tapovan	Hostels	8.3	269	7946
around-stays-rishikesh-tapovan	Around Stays Rishikesh, Tapovan	rishikesh	Tapovan	Other stays	7.3	268	2968
the-reo-twist-haridwar	Haridwar Hotel	haridwar	Bhupatwala	Hotels	7.8	223	1534
perfectstayz-premium-shanti-heritage-near-harkipauri	Perfectstayz Premium Shanti Heritage near Harkipauri	haridwar	Har Ki Pauri	Other stays	7.7	220	4699
madhuban-inn	Madhuban Inn	rishikesh	Haridwar Road	Hotels	8.9	202	2585
shiva-haridwar	Hotel Shiva	haridwar	Upper Road & Mayapur	Hotels	4.9	201	863
foothill-by-around-stays-tapovan	Hotel Foothill by Around Stays Tapovan	rishikesh	Tapovan	Hotels	6.5	198	6127
la-costa-a-four-star-luxury-hotel-resort	Hotel La Costa, A Luxury Hotel & Resort	haridwar	Har Ki Pauri	Resorts	9.1	172	2397
naina-a-luxurious-hotel	Hotel Ramawati, A Luxury Hotel & Resort	haridwar	Kankhal	Hotels	8.1	170	2014
shiv-by-hotelist	Hotel Shiv Inn by Hotelist	haridwar	Railway Station	Hotels	7.2	190	1918
montreal-by-madhuban-inn	Montreal by Madhuban Inn	rishikesh	Veerbhadra Temple	Hotels	8.0	186	2011
hostel-namaste-by-karwaanlife	Namaste by Karwaanlife, Rishikesh Hostel	rishikesh	Tapovan	Hostels	8.2	211	4883
bonfire-hostels	Bonfire Hostels	rishikesh	Tapovan	Hostels	8.0	209	1436
sitara-premium-la-meridian	Hotel La Meridian, A Four Star Luxury Hotel & Resort	haridwar	Rishikesh Road & Motichur	Hotels	8.6	165	2685
hotel-haridwar-24	Hotel La Costa, By Sitara Premium	haridwar	Upper Road & Mayapur	Guest houses	8.3	155	7768
la-meridian-a-four-star-luxury-hotel-resort	Hotel La Meridian – A Four Star Luxury Hotel & Resort	haridwar	Kharkhari	Resorts	9.1	147	3069
perfect-stayz-premium-forest-valley-near-waterfall	Perfectstayz Value Forest Valley near Waterfall	rishikesh	Tapovan	Other stays	8.0	152	3351
namay-by-t-and-m-hotels-inn	Namay Inn by T and M Hotels	haridwar	Railway Station	Hotels	7.0	150	959
ramawati-top-rated-most-awarded-hotel-in	Sitara Premium the Royal Dot, Haridwar Hotel	haridwar	Rishikesh Road & Motichur	Hotels	8.6	139	2110
aura-residency-a-unit-of-sitara-group-road-haridwar	Jhula Hotel	rishikesh	Tapovan	Hotels	8.1	133	1628
prayag	Hotel Prayag Inn	haridwar	Bhupatwala	Hotels	9.0	132	1247
the-reo-lodge-haridwar	Sitara Premium Royal Dot, Haridwar Hotel	haridwar	Rishikesh Road & Motichur	Hotels	7.5	131	8343
perfectstayz-alpine-near-laxman-jhula	Perfectstayz Value Alpine near Laxman Jhula	rishikesh	Laxman Jhula	Other stays	8.4	138	5074
shiv-narayana	Hotel Grey Castle – Near Haridwar Railway Station	haridwar	Har Ki Pauri	Hotels	8.4	136	1534
shreya-galaxy-with-swimming-pool-best-property-in	Hotel Shreya Galaxy with Swimming Pool – Best Property in Haridwar	haridwar	Bhupatwala	Hotels	6.2	133	3165
ndbl-a-four-star-luxury-hotel-resort-near-har-ke	Hotel the Pacific Paradise, Opposite Shantikunj	haridwar	Shantikunj & Saptrishi	Hotels	8.5	118	3165
shiva-palace-best-stay-hotel	Hotel Shiva Palace – Best Stay Hotel	haridwar	Upper Road & Mayapur	Hotels	4.7	132	959
skyard-premium-tapovan	Skyard Premium, Tapovan	rishikesh	Tapovan	Hostels	6.7	149	191
hostel-the-sweven	Trippme Rishikesh – Boutique Hostel, Tapovan	rishikesh	Tapovan	Hostels	8.6	145	4213
dharm-yatri-niwas-rishikesh	Hotel Dharm Yatri Niwas	rishikesh	Laxman Jhula	Dharamshalas	7.0	123	1149
rama-best-selling-property-in	Hotel Rama – Best Selling Property in Haridwar	haridwar	Har Ki Pauri	Hotels	5.0	103	5946
ishan-a-ganges-riverside-retreat-by-salvus	Hotel Ishan – A Ganges Riverside Retreat by Salvus	rishikesh	Tapovan	Hotels	6.9	100	10723
resort-sitara-premium-ndbl-a-four-star-luxury-hotel-near	Hotel Ramawati Classic near Ganga Ghat	haridwar	Kankhal	Resorts	8.0	98	6329
hotel-birbhaddar-1	The Neeraj Ganga Rajmahal Wellness with Ganga View Hotel	rishikesh	Veerbhadra Temple	Hotels	7.4	96	4213
the-roseate-ganges	The Roseate Ganges Rishikesh Hotel	rishikesh	Elsewhere in Rishikesh	Resorts	8.2	83	31211
the-for-u-a-luxury-stay	The for U – A Luxury Stay	rishikesh	Tapovan	Other stays	7.0	92	1149
peepal-tree	Hotel Peepal Tree	rishikesh	Tapovan	Hotels	8.1	101	2585
yogasthali-tapovan	Around Stays – Rising Hills, Tapovan	rishikesh	Tapovan	Other stays	5.3	100	7085
la-casa-jamb	Hotel Royal Dot by Sitara Group	haridwar	Har Ki Pauri	Hotels	7.5	87	8343
shanti-pacific-jamb	Hotel Royal Dot	haridwar	Kharkhari	Hotels	9.0	85	1822
chakrah-by-hermitage	Hotel Chakrah by Hermitage	rishikesh	Tapovan	Hotels	8.0	94	4117
madhuban-rishikesh	Hotel Madhuban Inn	rishikesh	Veerbhadra Temple	Hotels	8.5	124	4883
travellers-paradise-mountain-view-by-around-stays	Around Stays – Shanti Villas, Tapovan	rishikesh	Tapovan	Villas	6.7	92	5170
the-ramawati-a-four-star-luxury-near-ganga-ghat	The Ramawati – A Four Star Luxury Hotel near Ganga Ghat	haridwar	Har Ki Pauri	Hotels	9.0	82	1438
resort-him-river	Him River Resort	rishikesh	Neelkanth Road	Resorts	7.6	119	6989
the-rama-luxury-ac-rooms-prime-location-parking	Hotel the Rama Haridwar #Luxury AC Rooms #Prime Location #Parking #Top Rated #Most Awarded #Property Of the Year	haridwar	Kankhal	Hotels	8.0	79	1630
sitara-premium-the-ramawati	Sitara Premium the Ramawati, Walking Distance from Ganga Ghat	haridwar	Kankhal	Other stays	9.6	68	959
super-o-jwalapur-near-prem-ashram	Super Hotel O Jwalapur near Prem Ashram	haridwar	Jwalapur	Ashrams	9.0	77	1343
hostel-bunk	Bunk Hostel	rishikesh	Tapovan	Hostels	8.1	115	1532
sitara-premium-the-meridian	Sitara Premium the Meridian	haridwar	Bhupatwala	Other stays	8.9	74	3165
the-reo-lodge	The Reo Lodge	haridwar	Railway Station	Lodges	9.0	74	1438
atrium	Hotel Atrium Inn	rishikesh	Triveni Ghat	Hotels	4.9	82	1723
townhouse-oak-tapovan	Townhouse Oak Tapovan	rishikesh	Tapovan	Other stays	6.0	71	3447
pennylane-aesthetic-rooms-with-pottery-studio	Pennylane Hotel – Aesthetic Rooms with Pottery Studio, Artshala, Garden Cafe, Free Airport Pickup for 7 Or More Nights Bookings	rishikesh	Tapovan	Apartments	8.1	110	5074
paradise-palm	Hotel Paradise Palm	rishikesh	Tapovan	B&Bs	6.7	78	2298
nirvana-palace-rishikesh	Hotel Nirvana Palace near Parmarth Niketan	rishikesh	Swarg Ashram	Hotels	7.8	77	5266
ganges-blossam-a-luxury-hotel-in	Hotel Ganges Blossam, A Luxury Hotel in Haridwar	haridwar	Bhupatwala	Hotels	10.0	62	3452
hostel-soul-rishikesh	Soul Hostel	rishikesh	Tapovan	Hostels	8.2	101	383
shri-shyam-hotel-near-harkipauri	Shri Shyam Hotel, Near Harkipauri	haridwar	Har Ki Pauri	Hotels	8.3	70	1822
the-reo-palace	Hotel the Reo Palace	haridwar	Railway Station	Hotels	7.0	59	1726
resort-the-ayali-riverside	Ayali Riverside Resort by Alivaa	rishikesh	Neelkanth Road	Resorts	7.3	57	12446
la-meridian-road-haridwar	Hotel Dhakad Gold by Sitara Group, Near Lakshman Jhula, Tapovan	rishikesh	Tapovan	Hotels	8.7	67	3830
tapovan-cascades-yogvillage-stay	Tapovan Cascades Yogvillage Homestay	rishikesh	Tapovan	Hotels	8.4	97	2585
townhouse-near-har-ki-pauri	Collection O Hotel Ganga Palace	haridwar	Har Ki Pauri	Hotels	5.0	57	2493
gange-a-comfortable-stay	Hotel Gange – A Comfortable Stay	haridwar	Kharkhari	Hotels	9.0	57	2301
amatra-by-the-ganges	Amatra by the Ganges Hotel	haridwar	Elsewhere in Haridwar	Resorts	7.8	46	5850
the-pacific-grand-249201	Hotel the Pacific Select	haridwar	Rishikesh Road & Motichur	Hotels	7.9	96	
the-pacific-grand	Hotel the Pacific Grand	haridwar	Shantikunj & Saptrishi	Hotels	9.0	55	1151
rama-near-ganga-ghat-haridwar	Hotel Rama, Near Ganga Ghat	haridwar	Kharkhari	Hotels	9.4	54	4315
shreys-residency	New Ganga House Hotel	rishikesh	Laxman Jhula	Hotels	7.8	62	6415
treebo-tropical-roots-bhupatwala	Treebo Royal Mirage, Bhoopatwala Hotel	haridwar	Bhupatwala	Hotels	6.4	62	4891
hotel-rishikesh-284	Bhagirathi Residency Hotel	rishikesh	Triveni Ghat	Guest houses	8.9	60	1915
hotel-rishikesh-253	Hotel Mount View Inn with Terrace Ganga View – Near Laxman Jhula, Tapovan	rishikesh	Tapovan	Hotels	7.8	60	2968
sitara-premium-aura	Premium Sitara Grand, Near Har Ke Pauri, Haridwar #Parking #Gamingzone #Conference Hall #Open Terrace	rishikesh	Tapovan	Other stays	9.0	50	2585
the-pacific-managed-by-sitara-group	Hotel the Pacific – Managed by Sitara Group	haridwar	Shantikunj & Saptrishi	Hotels	9.0	50	1247
hotel-haridwar-145	Ganges Blossom Luxury Stay	haridwar	Elsewhere in Haridwar	Hotels	8.3	48	8151
resort-treebo-haveli-roots-bhupatwala	Haveli Resort Roots, Bhupatwala	haridwar	Bhupatwala	Resorts	7.2	58	3260
the-teerath-view-near-har-ke-pauri-road	Hotel the Terath View near Har Ke Pauri Road	haridwar	Shantikunj & Saptrishi	Hotels	9.0	48	1630
regenta-orkos-haridwar-motichur-10-min-from-har-ki-pauri	Regenta Orko's Haridwar, Motichur, 5 Min from Har Ki Pauri	haridwar	Har Ki Pauri	Other stays	7.2	48	3644
the-gange-hill	The Gange Hill Hotel	rishikesh	Tapovan	Hotels	6.8	57	4787
the-pacific-best-selling-hotel-in	Sitara Economy the Pacific, Haridwar Hotel	haridwar	Shantikunj & Saptrishi	Hotels	9.5	57	8439
tapovan-new-residency-5-minutes-walk-to-laxman-jhula	Tapovan New Residency – 5 Minutes Walk to Laxman Jhula	rishikesh	Tapovan	Hotels	6.9	54	5170
the-ganga-divine-a-family	The Ganga Divine – A Family Hotel	haridwar	Kharkhari	Hotels	8.0	44	1247
hostel-tebaar-backpackers	Tebaar Backpackers Hostel	rishikesh	Tapovan	Hostels	8.3	83	1723
oyo-ganga	OYO Hotel Ganga Inn	haridwar	Railway Station	Hotels	4.0	53	1247
the-reo-twist	The Reo Twist, Haridwar Hotel	haridwar	Bhupatwala	Hotels	10.0	43	2877
divine-ganga-luxury-comfort-travellers-delight-budget	Divine Ganga – Luxury Comfort ! Travellers Delight ! Budget Friendly ! Prime Location ! Guest Favourite	haridwar	Bhupatwala	Other stays	8.0	41	1151
aditya-sheraton-haridwar	Hotel Aditya Sheraton near Harki Pauri	haridwar	Upper Road & Mayapur	Hotels	5.6	61	3740
hari-ganga-harkipauri-road	Hotel Hari Ganga – Harkipauri Road	haridwar	Har Ki Pauri	Guest houses	5.2	51	959
pacific-most-awarded-property-in	Hotel Pacific – Most Awarded Property in Haridwar	haridwar	Bhupatwala	Hotels	9.0	41	1151
royal-respite-tapovan	Royal Respite Tapovan	rishikesh	Tapovan	Hotels	7.0	50	3064
resort-upper-tapovan	Upper Tapovan Resort	rishikesh	Tapovan	Resorts	6.4	40	4213
ganges-blossom	Ganges Blossom Hotel	haridwar	Rishikesh Road & Motichur	Hotels	8.3	30	5658
hotel-haridwar-139	Hotel Shiva Palace	haridwar	Upper Road & Mayapur	Hotels	4.0	60	479
mahadevs-mansion	Mahadevs Mansion Hotel	rishikesh	Tapovan	Hotels	6.0	49	1436
collection-o-ganga-sports	Collection O Ganga Sports Hotel	haridwar	Bhupatwala	Hotels	7.0	39	1726
the-palm-bless-a-luxury-hotel	Palm Bliss A Four Star Luxury Hotel	haridwar	Rishikesh Road & Motichur	Hotels	9.1	39	1822
sukoon-by-the-ganges-a-unit-of-perfectstayz	Sukoon by the Ganges – A Unit of Perfectstayz	haridwar	Kankhal	Hotels	7.3	28	12850
royal-dots-a-four-star-luxury-hotel-in	Hotel Royal Dots, A Four Star Luxury Hotel in Haridwar	haridwar	Har Ki Pauri	Hotels	9.5	27	2397
around-stays-hotel-rising-hills-tapovan	Around Stays – Hotel Rising Hills, Tapovan	rishikesh	Tapovan	Hotels	7.0	46	7755
ganges-blossam-haridwar-rishikesh-road-a-four-star-luxury	Ganges Blossam, Haridwar – Rishikesh Road – A Four Star Luxury Hotel	rishikesh	Elsewhere in Rishikesh	Hotels	8.0	36	3542
kaanha-residency-by-shree-krishna-hospitality	Hotel Kaanha Residency Inn by Shree Krishna Hospitality	rishikesh	Tapovan	Hotels	7.3	46	1915
moksha	Hotel Moksha	rishikesh	Swarg Ashram	Hotels	6.0	46	2106
o-ayansh-residency	Hotel O Ayansh Residency	rishikesh	Muni Ki Reti	Hotels	7.0	34	1819
resort-ganges-blossam-a-four-star-luxury	Ganges Blossam – A Four Star Luxury Hotel & Resort	haridwar	Elsewhere in Haridwar	Resorts	9.0	34	3644
ramawati	Hotel Ramawati	haridwar	Kharkhari	Hotels	8.0	33	2781
townhouse-ranipur-mor	Super Townhouse Ranipur Mor Formerly Parmila Inn	haridwar	Ranipur & BHEL	Hotels	4.0	33	2206
the-rio-lodge	The Rio Lodge	haridwar	Kharkhari	Lodges	9.0	33	5274
fabhotel-yamunotri-retreat-tapovan	Fabhotel Yamunotri Retreat, Tapovan	rishikesh	Tapovan	Other stays	7.4	42	2872
bnb-the-ajna-resident-jamb	The Ajna Resident Rishikesh Bed & Breakfast	rishikesh	Tapovan	B&Bs	9.4	42	1245
the-haveli-hari-ganga-by-leisure-hotels	Hari Ganga Niwas, Haridwar – Ihcl Seleqtions Hotel	haridwar	Har Ki Pauri	Hotels	9.3	32	12658
wonder-hills-har-ki-pauri-road	Hotel Wonder Hills, Har Ki Pauri Road	haridwar	Har Ki Pauri	Hotels	8.0	42	5178
resort-euphoric-mohanchatti	Euphoric River Resort	rishikesh	Neelkanth Road	Resorts	7.0	71	2585
aqua-vibes-tapovan	Hotel Aqua Vibes	rishikesh	Tapovan	Hotels	7.5	41	12542
ubex-home	Ubex Home	rishikesh	Tapovan	Other stays	8.4	41	3064
hostel-sitara-economy-the-pacific	Sitara Economy the Pacific, Haridwar Hostel	haridwar	Shantikunj & Saptrishi	Hostels	8.1	71	1438
wooibhotels-the-divine-ganga	Wooibhotels the Divine Ganga	haridwar	Kharkhari	B&Bs	8.0	41	2685
around-stays-hotel-foothills-tapaovan	Around Stays – Comfort, Tapovan	rishikesh	Tapovan	Other stays	4.3	40	8042
parth	Hotel Parth Inn	rishikesh	Tapovan	Hotels	8.8	50	3159
marine-ganga-stays	The Neeraj Marine Ganga Luxury Homestay with Himalayas and Ganga Ghat Access	rishikesh	Haridwar Road	Aparthotels	8.6	40	4117
the-village	The Village	rishikesh	Swarg Ashram	Guest houses	8.1	40	957
aroha-by-rishikesh-swimming-pool-spa	Aroha by Rishikesh – Swimming Pool & Spa	rishikesh	Neelkanth Road	Other stays	7.3	19	9765
treebo-ak-residency-tapovan	Treebo Ak Residency, Tapovan	rishikesh	Tapovan	Hotels	6.4	39	3159
sitara-grand-chhota-simla	Sitara Grand Hs Palace, 1 Km from Har Ke Pauri, Haridwar #Privateparking	haridwar	Bhupatwala	Hotels	8.3	19	3644
perfectstayz-premium-forest-valley	Perfectstayz Value Forest Valley	rishikesh	Tapovan	Other stays	6.9	38	3064
oasis-international-1	Hotel Oasis International	haridwar	Rishikesh Road & Motichur	Hotels	4.6	18	959
aura-residency	Sitara Economy the Pacific, Haridwar Hotel	haridwar	Shantikunj & Saptrishi	Hotels	8.1	28	1918
4-u-premium-tapovan	4 U Premium Tapovan	rishikesh	Tapovan	B&Bs	6.0	37	1149
luxury-aloha-majestic-apartments	Luxury Aloha Majestic Apartments	rishikesh	Tapovan	Apartments	7.0	67	9574
hi-by-madras	Hi Hotel by Madras	rishikesh	Triveni Ghat	Hotels	6.4	16	2681
apt-aadishri-rishikesh	Mahadev Mension Tapovan	rishikesh	Tapovan	Homestays	6.7	65	1340
resort-prana-wellness-by-around-stays	Prana Wellness Resort by Around Stays	rishikesh	Tapovan	Resorts	9.0	35	1340
the-clock-tower-rooms-cafe	The Clock Tower Rooms & Cafe	rishikesh	Triveni Ghat	Other stays	4.7	35	2968
devoy-rishikesh-inn	Devoy Inn	rishikesh	Tapovan	Hotels	4.0	14	479
royal-respite-best-awarded-property-in-with-open	Hotel Rishikesh Paradise – Best Stay in Tapovan, Guests Favourite, Travellers Delight !!	rishikesh	Tapovan	Hotels	8.8	14	2585
ganges-valley-view-a-four-star-luxury-hotel	Ganges Valley View – A Four Star Luxury Hotel	haridwar	Rishikesh Road & Motichur	Hotels	9.0	24	2206
ramawati-near-ganga-ghat	Hotel Ramawati near Ganga Ghat	haridwar	Kankhal	Hotels	9.0	24	1726
super-townhouse-vishwakarma-ghat-formerly-aagman	Super Townhouse Haridwar Vishwakarma Ghat Formerly Haridwar Aagman	haridwar	Kankhal	Other stays	6.0	34	2397
aura-ganges-a-four-star-luxury-hotel-resort-road-haridwar	The Pacific Lodge	haridwar	Bhupatwala	Lodges	8.8	24	3165
fabhotel-prem-bihari	Fabhotel Prem Bihari	haridwar	Kankhal	Other stays	5.2	43	2014
new-aditya	Hotel New Aditya	haridwar	Upper Road & Mayapur	Hotels	6.0	23	5946
pocketchange-stays	Pocketchange Stays	rishikesh	Tapovan	Hostels	7.7	62	1915
hostel-serendipity-cats-cafe	Serendipity Hostel & Cats Cafe	rishikesh	Laxman Jhula	Hostels	9.1	62	4308
the-gange-hill-by-green-bird-hospitality	The Gange Hill by Green Bird Hospitality	rishikesh	Tapovan	Other stays	7.5	32	6702
the-greenview-homestay	The Greenview Homestay	rishikesh	Tapovan	Homestays	6.7	62	2489
mother-land-near-ganga-ghat	Hotel Mother Land near Prem Aashram Ganga Ghat	haridwar	Ranipur & BHEL	Hotels	4.0	32	1151
aloha-serenity-apartments	Aloha Serenity Apartments	rishikesh	Tapovan	Apartments	6.5	61	4978
srinivasa-homestay-by-yatrimap	Srinivasa Homestay Natraj Chowk Isbt by Yatrimap	rishikesh	Dehradun Road	Guest houses	7.1	31	862
kanhaiya-haridwar	Hotel Kanhaiya Inn	haridwar	Railway Station	Hotels	5.5	21	2110
oasis-international-2	Hotel Oasis International	haridwar	Rishikesh Road & Motichur	Hotels	4.3	21	2973
w-grand-a-boutique-hotel	Hotel W Grand – A Boutique Hotel	haridwar	Ranipur & BHEL	Hotels	6.2	31	2589
hostel-bunks-and-bed	Bunks and Bed Hostel	rishikesh	Tapovan	Hostels	7.1	60	1819
the-anand-by-the-ganges	Himalaya Stay by the Anand on the Ganges	rishikesh	Tapovan	Other stays	8.1	30	1819
sufi-stay	Sufi Stay	rishikesh	Tapovan	Other stays	8.4	20	2489
divine-ganga-free-pickup-from-bus-stand-and	Hotel Divine Ganga – Free Pickup from Bus Stand and Railway Staition	haridwar	Bhupatwala	Hotels	8.0	20	1247
kyarki-village-homestay-cafe	Kyarki Village Homestay & Cafe	rishikesh	Elsewhere in Rishikesh	Homestays	8.9	59	2681
fabhotel-dev-palace	Fabhotel Dev Palace	haridwar	Rishikesh Road & Motichur	Hotels	5.3	9	2301
house-goroomgo-gayatri-near-railway-station	Goroomgo Gayatri Guest House near Haridwar Railway Station	haridwar	Railway Station	Guest houses	6.0	39	1630
ganga-house-near-dev-near-krishna-hotel	Hotel Hari Ganga near by Railway and Bus Station	haridwar	Upper Road & Mayapur	Apartments	4.0	59	4124
the-pacific-paradise	Hotel the Pacific Paradise	haridwar	Shantikunj & Saptrishi	Hotels	8.0	19	2397
the-divine-ganga-hot-selling-property-in	The Divine Ganga – Hot Selling Property in Haridwar	haridwar	Bhupatwala	Other stays	9.0	29	2206
elevate-nirvana	Hotel Elevate Nirvana	rishikesh	Laxman Jhula	Hotels	5.2	28	2106
yog-safari-behind-parmarth-niketan	Hotel Yog Safari, Behind Parmarth Niketan	rishikesh	Swarg Ashram	Hotels	8.8	28	13595
oak-leaf	Oak Leaf Hotel	rishikesh	Tapovan	Hotels	8.4	17	5457
sitara-resorts-road-haridwar	Sitara Hotel & Resorts – Rishikesh Road, Haridwar	rishikesh	Elsewhere in Rishikesh	Resorts	10.0	7	1245
the-pacific-grand-haridwar	The Pacific Grand Haridwar Hotel	haridwar	Shantikunj & Saptrishi	Hotels	9.0	17	1247
bnb-qube-house	Qube House BnB	rishikesh	Laxman Jhula	B&Bs	7.4	26	1053
mahadev-palace	Hotel Mahadev Palace	haridwar	Rishikesh Road & Motichur	Hotels	8.1	26	1151
pinaka-hotels-resorts	Pinaka Hotels & Resorts	haridwar	Elsewhere in Haridwar	Resorts	8.2	6	4699
fabhotel-dhruv-nanda	Fabhotel Dhruv Nanda	haridwar	Railway Station	Other stays	7.0	25	4795
hari-ganga-near-by-bus-and-railway-station	Hari Ganga near by Bus and Railway Station Hotel	haridwar	Railway Station	Hotels	6.0	25	959
grand-orchid	Hotel Grand Orchid	haridwar	Bhupatwala	Hotels	6.6	15	3356
ramawati-managed-by-sitara-group	Hotel Ramawati – Managed by Sitara Group	haridwar	Elsewhere in Haridwar	Hotels	8.0	15	4219
shri-shyam-luxury-in-har-ki-paudi	The Park Prime Luxury Hotel & Resort	haridwar	Har Ki Pauri	Resorts	7.7	15	4124
ecko-tapovan-by-the-ganges	Ecko Tapovan by the Ganges	rishikesh	Tapovan	Other stays	7.8	14	8712
the-pacific-managed-by-sitara-group-haridwar	Hotel Gangotri near Lakshman Jhula, Tapovan	rishikesh	Tapovan	Hotels	7.9	24	2202
shiv-palace-yoga-world-retreat	Hotel Shiv Palace Yoga World Retreat	rishikesh	Elsewhere in Rishikesh	Hotels	7.5	24	1340
serenity-rishikesh	Serenity Hotel near Laxman Jhula Tapvon Risikesh	rishikesh	Tapovan	Hotels	4.7	4	3542
aanandam-haveli-har-ki-podi-road	Aanandam Haveli Har Ki Podi Road Hotel	haridwar	Bhupatwala	Hotels	7.8	24	2301
comfort-1	Hotel Comfort Inn	haridwar	Elsewhere in Haridwar	Hotels	9.1	14	8247
crown	Hotel Crown	haridwar	Rishikesh Road & Motichur	Hotels	7.2	24	2781
hotel-rishikesh-251	Hotel Devraj	rishikesh	Laxman Jhula	Hotels	8.0	3	2681
la-casa-bonita-boutique-home-in-tapovan	La Casa Bonita – Boutique Homestay	rishikesh	Tapovan	Homestays	8.6	53	1053
ganga-palace-near-vishwakarmaghat-jamb	Ganga Palace near Vishwakarmaghat	haridwar	Upper Road & Mayapur	Hotels	7.5	23	1247
house-hk	Hotel Hk Haridwar by Hk Guest House	haridwar	Kharkhari	Guest houses	5.3	3	4603
ndbl	Hotel Ndbl near Hari Ki Pauri Haridwar I Hotels in Haridwar	haridwar	Har Ki Pauri	Hotels	6.3	13	3452
the-shri-shyam-prime-main-har-ki-pauri	Hotel Park Prime with Primmum Rooms	haridwar	Har Ki Pauri	Hotels	4.0	13	9302
kanisha-stay-haridwar	Hotel Kanisha Stay	haridwar	Upper Road & Mayapur	Hotels	6.2	32	
inde-reva-resorts-rishhikesh	Eastlynn Resort	rishikesh	Raiwala & Shyampur	Resorts	7.9	11	5266
ima-sadhana	Ima Sadhana Hotel – Sunlit Rooms in Upper Tapovan, Panchkarma, Yoga, Meditation, Ayurvedic Massage with Free Airport Pickup for Bookings More Than 7 Nights	rishikesh	Tapovan	Apartments	8.6	51	1245
tapovan-namaste	Tapovan Namaste	rishikesh	Tapovan	Other stays	8.0	1	3064
goroomgo-bhameshwari-near-vaishno-devi-temple	Goroomgo Bhameshwari Haridwar near Vaishno Devi Temple	haridwar	Rishikesh Road & Motichur	Other stays	7.0	21	1055
o-yog-1	Hotel O Yog 1	rishikesh	Triveni Ghat	Hotels	5.0	20	2776
radhika-rishikesh	Radhika Hotel	rishikesh	AIIMS Rishikesh	Hotels	6.5	50	2011
aloha-divine-ganges-apartments-with-infinity-pool	Aloha Divine Ganges Apartments with Infinity Pool	rishikesh	Tapovan	Aparthotels	6.3	19	17712
resort-ganga-beach	Ganga Beach Resort	rishikesh	Tapovan	Resorts	6.8	19	21254
house-shri-ganga-view	Hotel Ganga View	rishikesh	Laxman Jhula	Guest houses	8.6	19	1340
teerth-rishikesh	Hotel Teerth Inn	rishikesh	Haridwar Road	Hotels	7.4	19	2298
townhouse-rooftop	Townhouse Hotel Rooftop	rishikesh	AIIMS Rishikesh	Hotels	7.0	9	3159
jewel-1	Hotel Jewel	haridwar	Upper Road & Mayapur	Hotels	7.7	19	1726
nirmal-sadan	Nirmal Sadan Hotel	haridwar	Kharkhari	Hotels	7.9	59	
premium-k-p-near-mansa-mata-temple-and-railway-haridwar	Premium Hotel Haridwar K P – Near Mansa Mata Temple and Railway Station Haridwar – Fully Air Conditioned – Free WiFi and Parking Facilities – Best Family Hotel in Haridwar	haridwar	Railway Station	Hotels	8.2	9	2014
navira-hills-domes-rishikesh-shivpuri	Navira Hills Domes Rishikesh Hotel	rishikesh	Shivpuri & rafting belt	Hotels	5.7	18	5170
peacelily-ac-rooms-with-netflix-in-upper-tapovan	Prithvi Hotel – Aesthetic Quite Rooms in Upper Tapovan with Free Airport Pickup for 7 Or More Nights Booking	rishikesh	Tapovan	Aparthotels	9.2	18	670
hotel-haridwar-153	Hotel Aryan Inn at Railway Station Road	haridwar	Railway Station	Hotels	7.8	18	1630
shree-shyam	Hotel Raj – Shree Shyam	haridwar	Railway Station	Hotels	5.9	18	2014
green-bird-hospitality-guru-residency	Green Bird Hospitality – Guru Residency	rishikesh	Tapovan	Hotels	4.7	47	1915
kothli-hills	Kothli Hills Hotel	rishikesh	Elsewhere in Rishikesh	Hotels	6.0	17	7276
soul-haven-on-main	Soul Haven on Main Hotel	rishikesh	Tapovan	Hotels	7.0	27	4404
ved-tree-by-yatrimap-inn	Ved Tree Inn by Yatrimap	rishikesh	Tapovan	Hotels	6.8	17	1628
o-neel-ganga	Hotel O Neel Ganga	haridwar	Bhupatwala	Hotels	10.0	17	1822
ganga-mbs-best-location-family-hotel	Hotel Ganga Mbs Rishikesh # Best Location # Family Hotel	rishikesh	AIIMS Rishikesh	Hotels	8.0	6	3159
moksh-ganga	Moksh Ganga Hotel	rishikesh	Laxman Jhula	Hotels	6.3	26	2298
hotel-haridwar-135	Gokul Dham Hotel	haridwar	Upper Road & Mayapur	Hotels	9.7	6	2685
shoolin-suites-boutique	Hotel Shoolin Suites Boutique	haridwar	Rishikesh Road & Motichur	Hotels	5.6	16	4507
ag-royal-affordable-blissful-stay	Royal Park Prime A Top Awarded Property in Haridwar	haridwar	Rishikesh Road & Motichur	Other stays	7.6	6	3644
adda-by-musafir	Adda by Musafir	rishikesh	Tapovan	Other stays	8.0	15	1245
v4y-4u-tapovan	V4Y Hotel 4U Tapovan	rishikesh	Tapovan	Hotels	4.0	5	3638
o-neu-nest	Fabhotel Neu – Nest	rishikesh	Raiwala & Shyampur	Other stays	6.4	14	1532
laxman-grand-rishikesh	Hotel Laxman Grand	rishikesh	Tapovan	Hotels	4.0	14	2968
hotel-rishikesh-120	Hozello Hotel	rishikesh	Tapovan	Hotels	7.9	14	4500
around-stays-om-blessed-cottages-tapovan	Oslo Ganges by Around Stays, Tapovan	rishikesh	Tapovan	Other stays	8.2	14	2202
the-heritage-rishikesh	The Heritage	rishikesh	Veerbhadra Temple	Other stays	6.0	4	4500
resort-ganges-blossom-a-four-star-luxury	Ganges Blossom – A Four Star Luxury Hotel & Resort	haridwar	Rishikesh Road & Motichur	Resorts	10.0	4	2781
sitara-hotels-resorts-a-lavish-luxury-stay-haridwar	Sitara Hotels & Resorts – A Lavish & Luxury Stay	haridwar	Elsewhere in Haridwar	Resorts	10.0	4	2397
inderlok-rishikesh	Hotel Inderlok	rishikesh	Triveni Ghat	Hotels	6.3	3	1532
o-chandrabhaga	Hotel O Chandrabhaga	rishikesh	Dehradun Road	Hotels	4.0	13	2298
o-yug-residency	Hotel O by OYO Yug Residency	haridwar	Railway Station	Hotels	5.1	13	3260
agk-heritage-top-rated-property-in	Shri Shyam Luxury Hotel – Top Rated Property in Haridwar	haridwar	Bhupatwala	Hotels	10.0	3	8535
rest-inn	Sitara Grand, Near Har Ke Pauri, Haridwar Hotel	haridwar	Kharkhari	Hotels	10.0	3	3644
fabhotel-madhuban-inn	Fabhotel Madhuban Inn	rishikesh	Haridwar Road	Hotels	8.0	42	
ganga-stay-by-the-ganges-at-triveni-ghat	Hotel Ganga – Stay by the Ganges at Triveni Ghat	rishikesh	Triveni Ghat	Hotels	7.0	2	5074
manikut	Hotel Manikut	rishikesh	Laxman Jhula	Guest houses	8.3	12	4500
madhuban-stays	Madhuban Stays	rishikesh	AIIMS Rishikesh	Other stays	8.2	12	3064
krishna-priya-haridwar	Hotel Krishna Priya	haridwar	Har Ki Pauri	Hotels	4.0	2	3932
o-mehfil-hotel	Hotel O Mehfil Hotel	haridwar	Jwalapur	Hotels	6.5	12	1438
lajja-palace	Lajja Palace by T and M Hotels	haridwar	Upper Road & Mayapur	Hotels	5.0	12	1247
o-city-pride	Fabhotel City Pride	haridwar	Ranipur & BHEL	Other stays	7.8	11	2014
ganga-touch-heven-house	Ganga Touch Heven House Hotel	haridwar	Upper Road & Mayapur	Hotels	10.0	1	8247
house-goroomgo-sai-kripa-opposite-railway-station	Goroomgo Sai Kripa Guest House Haridwar Opposite Railway Station – Excellent Service	haridwar	Railway Station	Guest houses	4.0	11	2014
o-four-s	Hotel O Four S	haridwar	Elsewhere in Haridwar	Hotels	10.0	1	1726
agk-alaknanda-vatika-a-luxury-stay	Hotel the Prime, Har Ki Pauri	haridwar	Har Ki Pauri	Hotels	10.0	1	3356
osho-vision	Osho Vision Hotel	haridwar	Bhupatwala	Hotels	10.0	1	1055
shrigo	Shriji Hotel	haridwar	Railway Station	Hotels	8.0	1	2110
ganga-riverfront	Ganga Riverfront	rishikesh	Haridwar Road	Other stays	7.8	10	4213
madhuban-hills	Hotel Madhuban Hills	rishikesh	Haridwar Road	Hotels	5.7	10	1436
collection-o-railway-station-formerly-le-central	Collection O Haridwar Railway Station Formerly Le Central	haridwar	Railway Station	Other stays	4.5	10	1822
mantra	Hotel Mantra Inn	haridwar	Kharkhari	Hotels	8.2	10	1534
keshav-haridwar	Keshav Hotel	haridwar	Rishikesh Road & Motichur	Hotels	4.4	10	2014
ambika-resorts-rishikesh	Ambika Resorts	rishikesh	Neelkanth Road	Resorts	5.9	9	3351
collection-o-durga-palace	Collection O Hotel Durga Palace	rishikesh	Tapovan	Hotels	6.4	9	1723
shiva-palace-at-mayapur-road	Hotel Shiva Palace near Railway Station and Bus Stand	haridwar	Upper Road & Mayapur	Hotels	4.5	39	479
the-tirath-view	The Baris Haridwar Hotel	haridwar	Shantikunj & Saptrishi	Hotels	9.2	9	4699
resort-gayatri-wellness-spa	Gayatri Wellness Resort & Spa	rishikesh	Tapovan	Resorts	7.2	8	2106
house-o-anil	Hotel O Anil Guest House	rishikesh	Tapovan	Guest houses	4.0	8	2202
relax-ganga	Hotel Relax Inn Ganga	rishikesh	Veerbhadra Temple	Hotels	5.6	8	8425
hotel-rishikesh-192	Roots & Peaks Wellness Hotel	rishikesh	Tapovan	Hotels	7.6	8	4883
fabhotel-kirti-heritage	Fabhotel Kirti Heritage	haridwar	Bhupatwala	Other stays	8.3	8	3932
goroomgo-raj-ganga	Goroomgo Raj Ganga	haridwar	Bhupatwala	Other stays	8.0	8	1343
har-ki-pauri-with-terrace-ganga-view	Hotel Har Ki Pauri with Terrace Ganga View	haridwar	Har Ki Pauri	Hotels	9.4	8	3165
kanisha-stay	Hotel Kanisha Stay	haridwar	Rishikesh Road & Motichur	Hotels	7.3	38	1534
house-o-trimurti	Hotel O Trimurti Guest House	haridwar	Kharkhari	Guest houses	7.0	8	2301
luxury-shri-shyam-a-peaceful-stay-near-har-ki-paudi	Prime Park Top Rated Property in Haridwar	haridwar	Har Ki Pauri	Other stays	6.1	8	3165
apt-aloha-ganga-view-2bhk-by-almost-heaven	Aloha on the Ganga&Mountain View 2BHK By Almostheaven	rishikesh	Tapovan	Apartments	8.3	37	18382
hotel-rishikesh-278	Hotel Hitam Rishikesh 2Min Walk to Parmarth Niketan Aashram, Vanprastha Aashram	rishikesh	Swarg Ashram	Guest houses	6.1	17	6989
o-dharohar-homestay	Hotel O Dharohar Homestay	rishikesh	Triveni Ghat	Homestays	6.0	7	1436
kisna-dham-by-yatrimap	Kisna Dham by Yatrimap Hotel	haridwar	Shantikunj & Saptrishi	Hotels	6.5	7	2781
river-heaven-by-tnt-ventures	Hotel River Heaven by Tnt Ventures	rishikesh	Haridwar Road	Hotels	7.7	6	6510
the-7-seas	Hotel the 7 Seas	rishikesh	Veerbhadra Temple	Hotels	4.4	6	5457
resort-phool-chatti	Phool Chatti Riverside Resort	rishikesh	Neelkanth Road	Resorts	6.8	36	5936
rs-galaxy	Rs Galaxy near Aims Rishikesh Hotel	rishikesh	Ganga Barrage	Hotels	8.7	6	2106
motel-sattva-cafe-and	Sattva Cafe and Motel	rishikesh	Tapovan	Other stays	4.0	6	1245
collection-o-86254-oaktel	Collection O 86254 Oaktel Hotel	haridwar	Ranipur & BHEL	Hotels	4.0	6	1343
collection-o-divine-ganges	Collection O Hotel Divine Ganges	haridwar	Ranipur & BHEL	Hotels	4.8	6	1822
trpotels-sudarshan	Hotel Sudarshan	haridwar	Ranipur & BHEL	Hotels	4.3	6	1630
o-jwalapur-near-railway-station	Super Hotel O Jwalapur near Railway Station	haridwar	Railway Station	Hotels	4.0	6	9398
darshan-homestay	Darshan Homestay	rishikesh	Dehradun Road	Homestays	4.2	5	2776
accurate	Hotel Accurate	rishikesh	Dehradun Road	Hotels	7.0	5	2681
rising-hills-rishikesh	Hotel Foothill by Around Stays, Tapovan	rishikesh	Tapovan	Hotels	8.2	5	2106
riyansh-cafe	Hotel Riyansh & Cafe	rishikesh	Tapovan	Hotels	7.4	5	2681
uday-palace-1	Hotel Uday Palace	rishikesh	Tapovan	Hotels	9.6	5	2968
natures-blessing-1bhk-studio	Nature's Blessing Rishikesh 1BHK Studio	rishikesh	Veerbhadra Temple	Apartments	8.8	35	1723
the-shore-boho	The Shore Boho	rishikesh	Tapovan	Other stays	7.0	5	5266
ecko-antarman-on-the-ganges	Ecko Antarman on the Ganges Hotel	haridwar	Upper Road & Mayapur	Hotels	5.0	5	12466
ganga-a-budget-stay	Ganga Hotel A Budget Stay	haridwar	Railway Station	Hotels	6.7	35	1055
ganga-rani-haridwar	Hotel Ganga Rani	haridwar	Har Ki Pauri	Hotels	7.2	5	1630
o-skaga	Hotel O Skaga	haridwar	Ranipur & BHEL	Hotels	4.0	5	4411
apt-85-the-ganges-2-bhk-for-homestay	85 The Ganges 2BHK Apartment for Homestay	rishikesh	Veerbhadra Temple	Apartments	9.7	34	4500
crystal-leaf	Crystal Leaf Hotel	rishikesh	Laxman Jhula	Hotels	4.0	4	5266
vimal-ganga	Hotel & Hostel Vimal Ganga	rishikesh	Tapovan	Hostels	7.8	34	1819
ramayan	Hotel Ramayan Inn – Near Parmarth Niketan	rishikesh	Swarg Ashram	Hotels	6.0	4	2681
ak-residency	Ak Residency Hotel	haridwar	Bhupatwala	Hotels	6.0	4	2397
capital-o-orchid	Capital O Hotel Orchid Inn	haridwar	Upper Road & Mayapur	Hotels	7.8	4	1438
keshav	Hotel Conifer	haridwar	Bhupatwala	Hotels	8.8	24	
vasundhara-1	Hotel Vasundhara	haridwar	Upper Road & Mayapur	Hotels	8.5	4	1822
apt-ananta-square-1bhk	Ananta Square – Rishikesh 1BHK Apartment	rishikesh	Veerbhadra Temple	Apartments	9.2	33	3447
astraal-resorts-and-spa	Astraal Resorts and Spa	rishikesh	Elsewhere in Rishikesh	Resorts	6.3	3	5170
holy-ganga-1	Hotel Holy Ganga	rishikesh	Muni Ki Reti	Hotels	7.7	3	2106
maps-pride	Hotel Pride Inn by Maps Hospitality – Near to Lakshman Jhula & Ghat	rishikesh	Tapovan	Hotels	4.0	3	3351
yog-nagri	Hotel Yog Nagri	rishikesh	Elsewhere in Rishikesh	Hotels	6.7	3	1723
citizen	Hotel Citizen	haridwar	Railway Station	Hotels	8.1	13	1247
golden-peacock	Hotel Golden Peacock	haridwar	Ranipur & BHEL	Hotels	7.7	3	3548
o-anand	Hotel O Anand	haridwar	Upper Road & Mayapur	Hotels	4.0	3	3356
raj-family-stayz	Hotel Raj – Family Stayz	haridwar	Railway Station	Hotels	7.0	33	2397
the-inspira	The Inspira Hotel	haridwar	Shantikunj & Saptrishi	Hotels	4.0	3	1918
ananta-residency	Ananta Residency Hotel	rishikesh	Tapovan	Hotels	9.5	2	957
aranyam-river-retreat	Aranyam River Retreat Hotel	rishikesh	Neelkanth Road	Hotels	5.0	2	17999
behl-ashram	Behl Ashram Hotel	rishikesh	Outside Rishikesh	Ashrams	6.3	12	5936
khushi-wedding-banquet-garden	Hotel Khushi & Wedding Banquet Garden	rishikesh	AIIMS Rishikesh	Hotels	9.2	2	2393
mj	Hotel Mj Inn	rishikesh	Dehradun Road	Hotels	5.5	2	1915
tapovan-retreat-rishikesh	Hotel Tapovan Retreat	rishikesh	Tapovan	Hotels	4.0	2	2489
the-tusk	Hotel the Tusk	rishikesh	Veerbhadra Temple	Hotels	9.0	2	7851
mj-comfort	Mj Comfort	rishikesh	Triveni Ghat	Other stays	6.0	2	1053
smol-door	Smol Door Hotel	rishikesh	Tapovan	Hotels	5.5	2	5744
house-1-bedroom-in-tehri-garhwal	1 Bedroom Guest House in Tehri – Garhwal	rishikesh	Tapovan	Guest houses	5.0	1	3542
amayaah-luxury-spa-resorts	Amayaah Luxury Spa Resorts	rishikesh	Elsewhere in Rishikesh	Resorts	10.0	1	24222
fabhotel-hari-om-inn	Fabhotel Hari Om Inn	rishikesh	Tapovan	Hotels	6.0	1	3925
o-indo-tiger	Hotel O Indo Tiger	rishikesh	Elsewhere in Rishikesh	Hotels	10.0	1	1053
o-krishna-rooms	Hotel O Krishna Rooms	rishikesh	AIIMS Rishikesh	Hotels	10.0	1	1532
o-stay-rishikesh	Hotel O Rishikesh Stay	rishikesh	AIIMS Rishikesh	Hotels	6.0	1	1532
sacred-roots	Hotel Sacred Roots	rishikesh	Triveni Ghat	Hotels	10.0	1	4021
hotel-rishikesh-200	Hotel Shivansh Residency	rishikesh	Tapovan	Hotels	10.0	1	2681
hotel-rishikesh-142	Hotel the Pipal Inn	rishikesh	Haridwar Road	Hotels	5.0	1	5649
humming-bird-a-luxury-stay	Humming Bird – A Luxury Stay	rishikesh	Tapovan	Other stays	10.0	1	3351
resort-mornis-camp-and	Mornis Camp and Resort	rishikesh	Neelkanth Road	Resorts	5.0	1	1149
oyo-pride-by-crazy-door	OYO Hotel Rishikesh Pride by Crazy Door	rishikesh	Tapovan	Hotels	10.0	1	1436
sattva-retreat	Sattva Retreat Hotel	rishikesh	Neelkanth Road	Resorts	5.0	1	7372
the-shivaay-near-aiims-by-lovely-hospitality-jamb	The Shivaay near AIIMS Rishikesh by Lovely Hospitality	rishikesh	AIIMS Rishikesh	Other stays	4.0	1	2106
goroomgo-shiva-palace-near-railway-station-excellent	Goroomgo Shiva Palace Haridwar near Railway Station – Excellent Customer Service – Best Seller	haridwar	Railway Station	Hotels	9.0	1	1055
grand-continental-har-ki-pauri	Grand Continental @ Har Ki Pauri Haridwar Hotel	haridwar	Har Ki Pauri	Hotels	9.0	1	1534
dev-rishi-by-t-and-m-hotels	Hotel Dev Rishi by T and M Hotels	haridwar	Kharkhari	Hotels	5.0	1	2493
dwarkadeesh	Hotel Dwarkadeesh	haridwar	Shantikunj & Saptrishi	Hotels	10.0	1	2493
resort-r	Hotel Rio	haridwar	Railway Station	Resorts	7.0	1	1343
riya-raj-luxury-stay	Hotel Riya Raj – Luxury Stay	haridwar	Bhupatwala	Hotels	10.0	1	2493
vinayak	Hotel Vinayak	haridwar	Ranipur & BHEL	Hotels	6.0	1	4124
park-roots-1	Shree Ji Hotel Park Roots	haridwar	Shantikunj & Saptrishi	Hotels	8.0	1	1438
wow-stayz2-jahanvi-dale	Wow Stayz2 Hotel Jahanvi Dale	haridwar	Kankhal	Hotels	4.0	1	7384
homlee-jumbo-1bhk-2ac-kitchen-lift-parking-tapovan	Homlee – Jumbo 1BHK-2Ac – Kitchen – Lift – Parking – Tapovan	rishikesh	Tapovan	Apartments	8.7	29	1436
hotel-rishikesh-271	Hotel Arti Cottage	rishikesh	Triveni Ghat	Hotels	4.5	28	766
resort-aquatree	Aqua Tree Resort	rishikesh	Neelkanth Road	Resorts	6.9	27	4117
fabhotel-divine-dev-darshan-valley	Fabhotel Divine Dev Darshan Valley	rishikesh	Tapovan	Other stays	7.0	26	
greenland-swiss-cottage	Greenland Swiss Cottage	rishikesh	Tapovan	Cottages	7.6	6	2489
house-maa-vaibhav-laxmi-rishikesh	Maa Vaibhav Laxmi Guest House	rishikesh	Tapovan	Guest houses	7.6	26	4883
villa-atreya-boutique-cottage-serene-near-ram-jhula	Atreya Boutique Cottage near Tapovan	rishikesh	Tapovan	Lodges	9.2	25	3734
baseraa	Baseraa Hotel	rishikesh	Triveni Ghat	Hotels	4.6	5	2872
blue-river-hostel	Blue River Hostel	rishikesh	Tapovan	Hostels	8.9	25	2202
sarwatma-dham-ashram	Sarwatma Dham Ashram Hostel	rishikesh	Dehradun Road	Hostels	4.0	25	1245
soh-sound-of-himalayas-rishikesh	Soh Sound of Himalayas Hotel	rishikesh	Tapovan	Guest houses	8.2	15	
hotel-haridwar-26	Hotel City Ganga Kusha Ghat	haridwar	Har Ki Pauri	Hotels	4.5	4	3069
devoy-1	Hotel Devoy Inn	rishikesh	Ram Jhula	Hotels	4.0	13	
apt-rajaji-delight-rajaji-national-park	Rajaji Delight, Rajaji National Park, Rishikesh Apartment	rishikesh	Elsewhere in Rishikesh	Homestays	8.1	23	3638
hotel-haridwar-62	Hotel Dev	haridwar	Upper Road & Mayapur	Hotels	4.0	3	2493
gange-a-luxuries-stay-haridwar	Hotel Gange – A Luxuries Stay	haridwar	Rishikesh Road & Motichur	Hotels	10.0	3	
city-empire	Hotel La Meridian Managed by Sitara Group	haridwar	Kharkhari	Hotels	10.0	3	
laxmi	Hotel Laxmi Inn	haridwar	Har Ki Pauri	Hotels	4.7	3	2877
rudraksh-haridwar	Hotel Rudraksh	haridwar	Railway Station	Hotels	4.3	3	1343
vedic-stays	Vedic Stays	haridwar	Bhupatwala	Holiday rentals	8.8	23	2685
mm	Hotel Mm Inn	rishikesh	Dehradun Road	Hotels	10.0	2	3159
quick-hotels-shreekanth	Quick Hotels Shreekanth	rishikesh	Tapovan	Hotels	7.5	2	2298
wild-mountain-homestay	Wild Mountain Homestay	rishikesh	Elsewhere in Rishikesh	Homestays	7.6	22	2393
budget-stay-in-the-city-center	Budget Stay in the City Center	rishikesh	Dehradun Road	Other stays	10.0	1	2776
himalaya-rishikesh	Hotel Himalaya	rishikesh	Dehradun Road	Hotels	10.0	1	1723
shiva-keshav-nandan-tapovan	Hotel Shiva Keshav Nandan Tapovan	rishikesh	Tapovan	Hotels	9.5	1	1436
nature-care-village-rajaji-national-park	Nature Care Village Farmstay – Rajaji National Park	rishikesh	Elsewhere in Rishikesh	Cottages	8.5	21	2681
sangam-palace	Sangam Palace	rishikesh	Tapovan	Hotels	10.0	1	4691
resort-the-himayas	The Himaya's Resort	rishikesh	Neelkanth Road	Resorts	8.2	21	4787
kiran-sidcul	Hotel Kiran Sidcul	haridwar	SIDCUL	Hotels	8.0	1	2493
bhagat-ji-atithi-grah	Hotel Bhagat Ji Atithi Grah	haridwar	Upper Road & Mayapur	Hotels	4.0	20	2973
premium-suv-idha-near-railway-station-and-temple	Hotel Premium Suv # Idha near Railway Station and Temple – Fully Air Conditioned Rooms with WiFi – Lift and Restaurant – A Luxuary Hotel	haridwar	Railway Station	Hotels	10.0	10	
yog-kul-home-stay-premium	Yog Kul Home Stay – Premium	rishikesh	Veerbhadra Temple	Apartments	6.7	19	3447
budget-friendly-deecon-valley-1bhk-modern-flat-lift	Deecon Valley City Escape 1BHK Lux Flat Tapovan	rishikesh	Tapovan	Apartments	5.8	18	5649
hotel-rishikesh-276	Kashi Home Stay	rishikesh	Swarg Ashram	Hotels	6.8	18	862
best-stay-by-hariganga	Hotel Best Stay by Hariganga	haridwar	Upper Road & Mayapur	Hotels	6.0	18	959
homestay-at	Homestay at Rishikesh	rishikesh	Veerbhadra Temple	Apartments	9.2	17	2776
homestay-devgiri-by-yatrimap	Homestay Devgiri by Yatrimap	rishikesh	Elsewhere in Rishikesh	Apartments	4.0	17	2489
riverside-swiss-camps-adventure-bear-buddies	Riverside Swiss Camps "Adventure Bear Buddies"	rishikesh	Neelkanth Road	Camps & tents	6.3	17	2681
jashoda-home-stay	Jashoda Home Stay	rishikesh	Tapovan	Homestays	8.2	16	1245
apt-zen-haven-luxury-ganga-access-mountain-view	Zen Haven – Luxury Ganga Access & Mountain View Apartment	rishikesh	Nirmal Bagh near Ganges	Apartments	5.8	16	3638
uday-palace-rishikesh	Hotel Bonita Mirador	rishikesh	Tapovan	Hotels	6.2	15	
q-saina-s-k-regency	Q Saina S K Regency Rishikesh Hotel	rishikesh	Tapovan	Hotels	6.0	15	
bnb-swami-samarpan-ashram	Swami Samarpan Ashram Bed & Breakfast	rishikesh	Tapovan	B&Bs	7.4	15	957
hostel-og-life	Tatsat Hostel & Cafe	rishikesh	Laxman Jhula	Hostels	7.3	15	1915
govind-palace-by-the-ganges-at-triveni-ghat	Hotel Govind Palace – By the Ganges at Triveni Ghat	rishikesh	Triveni Ghat	Hotels	7.8	4	
o-dev-raj-homestay	Hotel O Dev Raj Homestay	rishikesh	Laxman Jhula	Homestays	4.5	44	
maayaa-by-ganges-inn	Maayaa Inn by Ganges	rishikesh	Muni Ki Reti	Hotels	8.8	14	5266
tapovan-lightning-room	Tapovan Lightning Room by Yog Tapovan	rishikesh	Tapovan	Other stays	10.0	4	
the-ganga-elite-rishikesh	The Ganga Elite Hotel	rishikesh	Tapovan	Hotels	6.4	14	1532
shaurya-249407	Hotel Shaurya by Sharma 0Nline Solution	haridwar	Ranipur & BHEL	Hotels	7.2	14	863
ashoka-ganga-stay-by-the-ganges-at-triveni-ghat	Hotel Ashoka Ganga – Stay by the Ganges at Triveni Ghat	rishikesh	Triveni Ghat	Hotels	9.7	3	
spacious-5-bedroom-penthouse	Spacious 5 Bedroom Penthouse	rishikesh	Haridwar Road	Apartments	7.8	13	9861
villa-ganga-euphoria-a-luxury-on-the-ganges	Ganga Euphoria – A Luxury Villa on the Ganges	rishikesh	Veerbhadra Temple	Villas	8.5	12	23073
ganga-river-cozy-stay-by-the-nirvanaa-blues	Ganga River Cozy Stay by the Nirvanaa Blues	rishikesh	Nirmal Bagh near Ganges	Apartments	5.6	12	6415
hostel-hashtagg-and	Hashtagg Hostel and Hotel	rishikesh	Tapovan	Hostels	8.5	12	670
the-shore-travelista	The Shore Travelista	rishikesh	Tapovan	Other stays	6.2	12	4691
crystal-ganga-view-by-ahar	Hotel Crystal Ganga Heights 5 Min from Har Ki Pauri	haridwar	Har Ki Pauri	Hotels	9.5	2	
resort-arika-jamb	Arika Resort	rishikesh	Shivpuri & rafting belt	Resorts	9.0	1	
blue-stayz	Blue Stayz	rishikesh	Tapovan	Guest houses	4.9	11	1628
himalayan-stayz	Himalayan Stayz	rishikesh	Laxman Jhula	Guest houses	7.8	11	1723
house-super-o-shri-radhe-restaurant	Super Hotel O Shri Radhe Guest House & Restaurant	rishikesh	Tapovan	Guest houses	6.0	1	
hotel-rishikesh-286	Hathayogashram Hostel	rishikesh	Tapovan	Hostels	7.5	10	862
yogvan-holidays-1bhk-apartments-tapovan	Yogvan Holidays 1BHK Apartments Tapovan	rishikesh	Tapovan	Apartments	8.8	10	3447
villa-a-radiant-on-ganges-with-modern-amenities-rishikesh	A Radiant Villa on Ganges with Modern Amenities	rishikesh	Haridwar Road	Villas	9.4	9	13308
sanskruti-home-stay	Sanskruti Home Stay	rishikesh	Veerbhadra Temple	Apartments	6.2	9	2489
soreva-the-2-bhk-stylish-living	Soreva – 2BHK Luxury Apartments near Janki Setu & Triveni Ghat	rishikesh	Triveni Ghat	Apartments	8.7	9	6415
vishranti-homestayy	Vishranti Homestayy	rishikesh	Tapovan	Homestays	9.4	9	1053
resort-aspen-riverside	Aspen Riverside Resort – 180 Mountain View	rishikesh	Elsewhere in Rishikesh	Resorts	7.0	8	3447
homlee-heaven-in-hills-1bhk-parking-lift-tapovan	Homlee – Heaven in Hills 1BHK – Parking – Lift – Tapovan	rishikesh	Tapovan	Apartments	8.5	8	9957
sukoon-tapovan	Hotel Sukoon Tapovan	rishikesh	Tapovan	Hotels	5.3	8	4404
omkarananda-shivalaya	Omkarananda Shivalaya Hotel	rishikesh	Muni Ki Reti	Guest houses	9.8	8	8904
residency-by-euphoric-near-neer-waterfall	Rishikesh Residency by Euphoric near Neer Waterfall	rishikesh	Elsewhere in Rishikesh	Hotels	5.0	18	
gateway-2heaven-modern-lux-2bhk-flat-terrace-view-tapovan	The Signature Modern Luxury 1BHK Flats in Tapovan	rishikesh	Tapovan	Apartments	4.1	8	2968
rb	Hotel Rb	haridwar	Upper Road & Mayapur	Homestays	7.8	8	2493
hop-hostels-rishikesh-inn	Hop Inn Hostels	rishikesh	Tapovan	Hostels	8.0	7	1819
resort-the-jungle-mist	The Jungle Mist Resorts & Retreat	rishikesh	Neelkanth Road	Camps & tents	5.8	7	5744
yoganandham	Yoganandham Hotel	rishikesh	Laxman Jhula	Hotels	7.3	7	1340
milap-mansion	Hotel Milap Mansion	haridwar	Railway Station	Guest houses	6.8	7	1822
nirmal-bhawan-jamb	Hotel Nirmal Bhawan	haridwar	Kankhal	Guest houses	9.0	7	2110
o-kailash-ganga	Hotel O Kailash Ganga	haridwar	Shantikunj & Saptrishi	Hotels	5.0	7	2014
teerth	Hotel Teerth	haridwar	Har Ki Pauri	Hotels	9.4	7	
hariom-vidya-stays-at	Hariom Vidya Stays at Rishikesh	rishikesh	Tapovan	Other stays	5.5	6	
tapovanam	Hotel Tapovanam	rishikesh	Tapovan	Hotels	9.0	6	
resort-rajaji-downtown-cafe	Rajaji Downtown Resort & Cafe	rishikesh	Elsewhere in Rishikesh	Resorts	7.2	6	2106
rajasthan-by-rj-group	Rajasthan Hotel by Rj Group	rishikesh	Tapovan	Hotels	5.5	6	3830
hotel-rishikesh-272	Shanti Villas by Around Stays, Tapovan	rishikesh	Tapovan	Hotels	8.0	6	3159
resort-the-family-and-friends	The Family and Friends Resort	rishikesh	Neelkanth Road	Resorts	7.0	6	4978
townhouse-1334-ganga-orbit	Townhouse 1334 Hotel Ganga Orbit	rishikesh	Veerbhadra Temple	Hotels	9.8	6	
yog-kul-home-stay-economy	Yog Kul Home Stay – Economy	rishikesh	Veerbhadra Temple	Apartments	4.7	6	4596
shivmurti-grand-by-uv-stays	Shivmurti Grand by Uv Stays	haridwar	Elsewhere in Haridwar	Other stays	5.3	6	4219
dhara-retreat	Dhara Retreat Bed & Breakfast	rishikesh	Tapovan	B&Bs	9.0	5	2776
house-gaurav-family	Gaurav Family Guest House	rishikesh	Tapovan	Guest houses	9.6	5	1723
rr-stay-cafe	Rr Stay & Cafe	rishikesh	Tapovan	Other stays	6.4	5	1053
villa-stayvista-at-mirador-with-bbq-bonfire-wifi	Stayvista's Villa Mirador – 4BHK With Bar & BBQ	rishikesh	Elsewhere in Rishikesh	Villas	6.4	5	46338
the-dev-boho	The Dev Boho Hotel	rishikesh	Tapovan	Hotels	6.0	5	4213
sky-liner-retreat-cozy-home-stay-near-ganga-ghat	Sky Liner Retreat – Cozy Home Stay near Ganga Ghat	haridwar	Ranipur & BHEL	Guest houses	6.2	5	1438
aradhana-palace	Hotel Aradhana Palace	rishikesh	Tapovan	Hotels	9.8	4	2011
nirmal-ganga	Hotel Nirmal Ganga	rishikesh	Tapovan	Hotels	10.0	4	1340
relax-ganga-rishikesh	Hotel Relax Inn Ganga – 100M From Ganga Ghat	rishikesh	AIIMS Rishikesh	Hotels	9.5	4	
vishla-palace-in-unit-of-sa-brothers-services	Hotel Vishla Palace in "Unit Of Sa Brothers Services"	rishikesh	Tapovan	Hotels	8.0	4	
kala-retreat	Kala Retreat Hotel	rishikesh	Nirmal Bagh near Ganges	Hotels	4.3	4	4117
siddhi-retreat-rishikesh	Siddhi Retreat Hotel	rishikesh	Tapovan	Hotels	6.2	4	1915
spatii-retreat	Spatii Apartment	rishikesh	Elsewhere in Rishikesh	Apartments	10.0	4	2011
the-raajas-camp-resorts	The Raajas – Camp & Resorts	rishikesh	Elsewhere in Rishikesh	Cottages	8.2	4	3830
tulip-3bhk-by-wabi-sabi-stays-with-private-balcony	Tulip 3BHK By Wabi Sabi Stays with Private Balcony	rishikesh	AIIMS Rishikesh	Apartments	9.5	4	100048
blizz-stayz-trishul-express	Blizz Stayz – Trishul Express	haridwar	Elsewhere in Haridwar	Other stays	4.0	4	1151
hotel-haridwar-64	Hotel Himgiri Residency	haridwar	Upper Road & Mayapur	Hotels	4.8	4	2685
luxury-room-with-1-double-bed	Kanta Sant Ram Aashram	haridwar	Rishikesh Road & Motichur	Other stays	9.2	4	2014
cabana-suites-inside-deecon-valley	Cabana Suites Inside Deecon Valley	rishikesh	Tapovan	Aparthotels	4.0	3	1819
d-s-valley	D S Valley	rishikesh	Tapovan	Other stays	7.7	3	
gk-niwas-homestay	Gk Niwas Homestay near Ramjhula	rishikesh	Swarg Ashram	Guest houses	6.3	3	2681
heaven-vibes-stays-rishikesh	Heaven Vibes Stays Luxury 1BHK Apartment Tapovan	rishikesh	Tapovan	Apartments	6.3	3	2011
apt-spatti	Journey Three Apartment	rishikesh	Nirmal Bagh near Ganges	Apartments	7.0	3	1245
mirana-house-a-tasteful-4bhk-condo-with-views	Mirana House – Tasteful, 4BHK Condo near Ram Jhula	rishikesh	Ram Jhula	Apartments	9.7	3	20488
saffronstays-tarangini-by-ganges	Saffronstays Tarangini by Ganges	rishikesh	Nirmal Bagh near Ganges	Villas	9.7	3	37434
sai-ganga-cottage-by-yatrimap	Sai Ganga Cottage by Yatrimap	rishikesh	Tapovan	Cottages	10.0	3	1723
ved-varuna-ayurveda-sadan	Ved Varuna Ayurveda Sadan Hotel	rishikesh	Ram Jhula	Hotels	7.7	3	5553
welcome-home	Welcome Home	rishikesh	Tapovan	Other stays	6.5	3	1053
o-virasat-residency	Hotel O Virasat Residency	haridwar	Railway Station	Hotels	4.0	3	1726
advaitam-ganga-hill-view-homestay-by-the-ganges-ghat	Advaitam Ganga & Hill View Homestay by the Ganges Ghat – Luxury 3BHK	rishikesh	Nirmal Bagh near Ganges	Apartments	10.0	2	11967
aloha-on-the-ganges-ganga-view-with-infinity-pool-2bhk	Aloha on the Ganges 2BHK Ganga Facing 203 Apartment	rishikesh	Tapovan	Apartments	4.5	2	22020
aloha-on-the-ganges-ganga-view-with-infinity-pool-2bhk-1	Aloha on the Ganges 2BHK Ganga Facing 408 Apartment	rishikesh	Tapovan	Apartments	5.5	2	15031
blue-heart-home1bhk-luxury-cosy-flat-in-tapovan	Blue Heart Home~1BHK Luxury & Cosy Flat in Tapovan	rishikesh	Tapovan	Apartments	9.5	2	4978
budget-friendly-modern-1bhk-flat-lift-parking-kitchen	Budget Friendly Modern 1BHK Flat Lift Parking Kitchen Nr Laxman Jhulla and Beach	rishikesh	Tapovan	Apartments	7.0	2	2011
collection-o-shree	Collection O Shree Hotel	rishikesh	Haridwar Road	Hotels	4.0	2	
villa-elysium-the-himalayan-ganges-view-yoga-retreat	Elysium – The Himalayan & Ganges View Yoga Retreat Villa	rishikesh	Nirmal Bagh near Ganges	Holiday rentals	10.0	2	3255
extended-stay	Extended Stay	rishikesh	Nirmal Bagh near Ganges	Apartments	4.0	2	1149
flagship-shivoham-palace	Flagship Hotel Shivoham Palace	rishikesh	Tapovan	Hotels	10.0	2	
resort-hanumant-rishikesh	Hanumant Resort	rishikesh	Tapovan	Resorts	6.5	2	
o-dharohar	Hotel O Dharohar	rishikesh	Triveni Ghat	Hotels	4.5	2	
resort-midway	Midway Resort	rishikesh	Raiwala & Shyampur	Resorts	5.0	2	6415
house-the-blue-by-orang-utan	The Blue Guest House – By Orang Utan	rishikesh	Tapovan	Guest houses	9.5	2	2489
hotel-rishikesh-292	The Pali by Stayvista – 6BHK Mountain – View Villa with Jacuzzi	rishikesh	Elsewhere in Rishikesh	Villas	5.5	2	124557
vista-divine-by-veo-part-of-stayvista	Vista Divine by Veo, Stayvista – 3BHK Pet – Friendly Villa with BBQ & Bonfire	rishikesh	Raiwala & Shyampur	Villas	4.5	2	20967
resort-vna-riverside-camp-and	Vna Riverside Camp and Resort	rishikesh	Elsewhere in Rishikesh	Resorts	5.0	2	10148
gangadham-dhramshala	Gangadham Dhramshala Hotel	haridwar	Rishikesh Road & Motichur	Hotels	4.0	2	2685
o-the-kailash	Hotel O the Kailash	haridwar	Elsewhere in Haridwar	Hotels	9.0	2	
ranipur-rajwada	Hotel Ranipur Rajwada	haridwar	Ranipur & BHEL	Hotels	8.5	2	
house-ramsakha	Ramsakha Guest House	haridwar	Shantikunj & Saptrishi	Guest houses	5.5	2	1726
royal-by-white-panda-hotels-inn	Royal Inn by White Panda Hotels	haridwar	Har Ki Pauri	Hotels	8.5	2	
shri-radhe-radhe	Shri Radhe Radhe Hotel	haridwar	Railway Station	Guest houses	5.0	2	3356
3-bedroom-luxe-penthouse-nearby-harkipauri-by-manstays	The Manstays Haridwar – 15 Mins from Har Ki Pauri	haridwar	Har Ki Pauri	Apartments	5.0	2	6809
villa-a-cozy-in-rishikesh-the-figtree	A Cozy Villa in Rishikesh – The Figtree Inn	rishikesh	Raiwala & Shyampur	Villas	10.0	1	6510
aloha-on-the-ganges-ganga-view-with-infinity-pool-2bhk-249192	Aloha on the Ganges 2BHK Ganga Facing 305 Apartment	rishikesh	Tapovan	Apartments	8.0	1	13691
around-stays-rising-hills-tapovan	Around Stays Plus, Tapovan	rishikesh	Tapovan	Other stays	8.0	1	
apt-blissful-townhouse	Blissful Townhouse Apartment	rishikesh	Elsewhere in Rishikesh	Apartments	10.0	1	4213
collection-o-tapovan-paradise	Collection O Tapovan Paradise	rishikesh	Tapovan	Other stays	10.0	1	
cozy-rio-vista	Cozy Rio Vista Hotel	rishikesh	Nirmal Bagh near Ganges	Guest houses	9.0	1	2011
stayvista-at-echoes-of-ease-with-bonfire-wifi	Echoes of Ease by Veo, Stayvista – 4BHK Villa with BBQ & Bonfire	rishikesh	Elsewhere in Rishikesh	Villas	10.0	1	33796
fusion-retreat	Fusion Retreat Hotel	rishikesh	Laxman Jhula	Hotels	5.0	1	4213
ganga-guesthouse-near-janki-jhula-ram-jhula	Ganga Guesthouse near Janki Jhula & Ram Jhula	rishikesh	Ram Jhula	Guest houses	4.0	1	2776
goroomgo-the-aradhya-gange-residency-rishikesh-perfect	Goroomgo the Aradhya Gange Residency Rishikesh – Perfect Location and Comfortable Room	rishikesh	Tapovan	Hotels	10.0	1	
devraj-by-arena-heritage	Hotel Devraj by Arena Heritage	rishikesh	Laxman Jhula	Hotels	10.0	1	
o-dev-raj	Hotel O Dev Raj	rishikesh	Laxman Jhula	Hotels	6.0	1	1819
hotel-rishikesh-293	Luxury 2BHK White Lotus Apartment by Madanan	rishikesh	Nirmal Bagh near Ganges	Apartments	10.0	1	4596
entire-floor-luxury-3bhk-3baths-5-double-beds-in	Modern Luxury 3BHK 3Double Beds Lift Kitchen Parking in Tapovan Nr Laxman Jhulla	rishikesh	Tapovan	Apartments	4.0	1	7563
hotel-rishikesh-195	Mohan Chatti Resort	rishikesh	Neelkanth Road	Resorts	10.0	1	2681
hostel-moonlight-mowgli	Moonlight Mowgli Hostel	rishikesh	Tapovan	Hostels	10.0	1	1723
aarogya-residency	Nouse Hotel	rishikesh	Tapovan	Hotels	10.0	1	
apt-prakriti-sutra	Prakriti Sutra Rishikesh Apartment	rishikesh	Nirmal Bagh near Ganges	Homestays	9.0	1	1819
river-side-with-gangaotri-view	River Side Hotel with Gangaotri View	rishikesh	Tapovan	Hotels	10.0	1	1628
the-bamboo-stay	The Bamboo Stay	rishikesh	Tapovan	Resorts	7.0	1	3542
house-yogmaya	Yogmaya Guest House	rishikesh	Tapovan	Guest houses	5.0	1	1340
abhi-ganga-homestay	Abhi Ganga Homestay	haridwar	Kankhal	Homestays	8.0	1	5562
aviral-stay	Aviral Stay	haridwar	Bhupatwala	Other stays	4.0	1	2493
collection-o-star-ganges	Collection O Hotel Star Ganges	haridwar	Har Ki Pauri	Hotels	4.0	1	
o-dev-bhoomi-haridwar	Hotel O Dev Bhoomi	haridwar	Rishikesh Road & Motichur	Hotels	10.0	1	
house-o-yatra	Hotel O Yatra Guest House	haridwar	Kankhal	Guest houses	10.0	1	
hotel-haridwar-87	Hotel Pinnacle	haridwar	Rishikesh Road & Motichur	Hotels	5.0	1	
ram	Hotel Ram	haridwar	Upper Road & Mayapur	Lodges	4.0	1	3260
the-vrnda-heritage-haridwar	The Vrnda Heritage	haridwar	Kharkhari	Other stays	4.0	1	
black-pearl	Black Pearl	rishikesh	Muni Ki Reti	Other stays			5170
damini	Damini Hotel	rishikesh	Tapovan	Hotels			2298
resort-himalayan	Himalayan Resort	rishikesh	Tapovan	Resorts			2585
blue-moon-1	Hotel Blue Moon	rishikesh	Tapovan	Hotels			1628
haven	Hotel Haven	rishikesh	Tapovan	Hotels			5266
apt-minimalist-2-bedroom-near-aiims	Minimalist Apartment near AIIMS – For Cool Adults & Family Only	rishikesh	AIIMS Rishikesh	Apartments	9.2	30	
apt-spatii-studio	Spatii Studio Apartment	rishikesh	Nirmal Bagh near Ganges	Apartments			1819
the-v3	The Hotel V3	rishikesh	Tapovan	Hotels			2776
resort-vanantra	Vanantra Resort	rishikesh	Elsewhere in Rishikesh	Resorts			9861
aryan	Hotel Aryan Inn	haridwar	Ranipur & BHEL	Hotels			2973
ramawati-top-rated-most-awarded-hotel-in-haridwar	Hotel Ramawati, Top Rated & Most Awarded Hotel in Haridwar	haridwar	Railway Station	Hotels			5658
the-gold-regency	Hotel Tara Ji Bliss	haridwar	Kharkhari	Hotels			2110
ivy-top-rated-most-awarded-hotel-in	Sitara Premium Rama Classic	haridwar	Rishikesh Road & Motichur	Other stays			2301
hostel-moustache	Moustache Hostel	rishikesh	Tapovan	Hostels	8.2	27	
prithvi-aesthetic-room-in-upper-tapovan-with-tv	Prithvi Hotel – Aesthetic Room in Upper Tapovan with TV, AC and Free Airport Pickup for 7 Or More Nights Bookings	rishikesh	Tapovan	Hotels	7.4	27	
kailash-haridwar	Hotel Kailash	haridwar	Railway Station	Hotels	6.2	6	
rooms-for-family-by-raj	Family Stays – Hotel Raj	haridwar	Railway Station	Hotels	7.2	5	
dormitory-in-by-raj	Dormitory in Haridwar – By Hotel Raj	haridwar	Railway Station	Hotels	4.9	24	
hostel-for-u-a-premium-stay	For U Hostel – A Premium Stay	rishikesh	Tapovan	B&Bs	6.0	22	
narayan	Hotel Narayan Inn Unit of Jethuri Hotel	rishikesh	Elsewhere in Rishikesh	Hotels	10.0	1	
bnb-aashraya-on-ganga	Aashraya on Ganga Bed & Breakfast	rishikesh	Elsewhere in Rishikesh	B&Bs			17520
resort-anandam	Anandam Resort	rishikesh	Tapovan	Resorts			9574
resort-anandvan-jungle-by-rfh	Anandvan Jungle Resort by Rfh	rishikesh	Neelkanth Road	Resorts			12542
ellbee-ganga-view	Ellbee Ganga View Hotel	rishikesh	Haridwar Road	Hotels			6893
resort-ezzenza-mahayana-spa	Ezzenza Mahayana Resort & Spa	rishikesh	Neelkanth Road	Resorts			11106
4-you-with-open-rooftop-cafe	Hotel 4 You – With Open Rooftop Cafe	rishikesh	Tapovan	Hotels			1053
ganga-grand-parking-lift-restaurant-near-ghat	Hotel Ganga Grand Rishikesh # Parking # Lift # Restaurant # Near Ghat # Property of the Year	rishikesh	Tapovan	Hotels			2681
great-ganga-restaurant-parking-lift-traveler	Hotel Great Ganga Inn Rishikesh # Restaurant # Parking # Lift # Traveler Choice # Open Rooftop	rishikesh	Haridwar Road	Hotels			2681
laxmi-heights	Hotel Laxmi Heights	rishikesh	Tapovan	Hotels			3638
radha-krishan	Hotel Radha Krishan	rishikesh	Tapovan	Hotels			2106
royal-respite-luxury-comfort-travellers-delight	Hotel Royal Respite – Luxury Comfort ! Travellers Delight ! Budget Friendly ! Prime Location ! Guest Favourite	rishikesh	Tapovan	Hotels			1149
hotel-rishikesh-94	Hotel Terrace Vansara Tapovan	rishikesh	Tapovan	Hotels			6893
the-amaris	Hotel the Amaris	rishikesh	Dehradun Road	Hotels			5649
zee-green-palace-near-trayambakeshwar-temple-a	Hotel Zee Green Palace near Trayambakeshwar Temple – A Top Rated Hotel	rishikesh	Tapovan	Hotels			5649
ima-ganga-aesthetic-quite-mountain-view-rooms-rishikesh	Ima Ganga Hotel – Aesthetic, Quite Mountain View Rooms with Netflix, Free Airport Pickup for 7 Or More Nights Booking, Elevator and Backup in Upper Tapovan	rishikesh	Tapovan	Hotels			2393
resort-mr-river-mohanchatti	Mr River Resort – Mohanchatti	rishikesh	Neelkanth Road	Resorts			25945
narayana-sanctuary-suites-by-salvus	Narayana Sanctuary Suites by Salvus	rishikesh	Tapovan	Other stays			15127
naturoville-ayurvedic-and-yoga-retreat	Naturoville Ayurvedic and Yoga Retreat Hotel	rishikesh	Nepali Farm	Hotels			17903
nishantam	Nishantam Rishikesh	rishikesh	Neelkanth Road	Other stays			4691
ojas-resorts	Ojas Resorts	rishikesh	Neelkanth Road	Resorts			7180
one-earth-city-heart	One Earth City Heart	rishikesh	Tapovan	Other stays			1915
orang-lodge	Orang Lodge	rishikesh	Tapovan	Lodges			9478
resort-panambi-rishikesh	Panambi Resort Rishikesh.	rishikesh	Elsewhere in Rishikesh	Resorts			16467
regenta-on-the-ganges-inn	Regenta Inn on the Ganges	rishikesh	Tapovan	Hotels			6032
resort-river-valley-rishikesh	River Valley Resort	rishikesh	Shivpuri & rafting belt	Resorts			8138
hotel-rishikesh-42	Shantimakaan – Price Include Accomodation & Panchakarma and Yoga	rishikesh	Laxman Jhula	Hotels			4691
shubhra-heights-near-laxman-jhulla-near-bus-stand	Shubhra Heights Rishikesh !! Near Laxman Jhulla # Near Bus Stand & Railway Station # Prime Location Tapovan	rishikesh	Tapovan	Other stays			1723
resort-sumedha-and-spa	Sumedha Resort and Spa	rishikesh	Elsewhere in Rishikesh	Resorts			6415
the-narayana-palace-by-salvus	The Narayana Palace by Salvus Hotel	rishikesh	Tapovan	Resorts			5744
hotel-rishikesh-40	Trip for Life Cottages and Hostel	rishikesh	Tapovan	Hotels			3830
country-haridwar-inn	Country Inn	haridwar	Elsewhere in Haridwar	Hotels			5466
golden-tulip	Golden Tulip Haridwar Hotel	haridwar	Rishikesh Road & Motichur	Hotels			7384
ganga-darshan	Hotel Ganga Darshan	haridwar	Har Ki Pauri	Hotels			3260
king-plaza-fully-air-conditioned-hotel-lift-wifi-haridwar	Hotel King Plaza ! Haridwar होटल किंग प्लाजा, ஹோட்டல் கிங் பிளாசா, హోటల్ కింగ్ ప్లాజా Fully – Air – Conditioned – Hotel, Lift – WiFi – And – Parking – Availability near Ganga Ghaat and Mansa Devi Temple	haridwar	Upper Road & Mayapur	Hotels			4603
modi-ramakrishna	Hotel Modi Inn Ramakrishna	haridwar	Elsewhere in Haridwar	Hotels			2589
o-dolphin	Hotel O Dolphin	haridwar	Bhupatwala	Hotels			1630
o-sheetal-ganga-dham	Hotel O Sheetal Ganga Dham	haridwar	Shantikunj & Saptrishi	Hotels			1247
olive-inn	Hotel Olive Inn	haridwar	Bhupatwala	Hotels			1247
pinaki	Hotel Pinaki	haridwar	Bhupatwala	Hotels			1151
premium-b-k-near-railway-station-fully-air	Hotel Premium B K near Railway Station – Fully Air Conditioned Rooms with WiFi – Lift and Restaurant – A Top Premium Hotel in Haridwar	haridwar	Railway Station	Hotels			4987
premium-k-p-near-mansa-mata-temple-and-railway	Hotel Premium K-P Near Mansa Mata Temple and Railway Station – Fully Air Conditioned Rooms with WiFi – Lift and Restaurant – A Top Rated Hotel in Haridwar	haridwar	Railway Station	Hotels			3260
rama-top-rated-and-most-awarded-property-in	Hotel Rama, Top Rated and Most Awarded Property in Haridwar	haridwar	Har Ki Pauri	Hotels			3069
ndbl-exotica-inn	Ndbl Exotica Inn	haridwar	Kharkhari	Hotels			2301
oyo-townhouse-853-the-royal-aroma	OYO Townhouse 853 Hotel the Royal Aroma	haridwar	Bhupatwala	Hotels			1343
premium-s-d-near-railwary-station-maa-mansa-devi	Premium Hotel S D near Railwary Station Maa Mansa Devi Temple – Fully Air Conditioned Room – Lift and Parking Available – Best Hotel in Haridwar	haridwar	Upper Road & Mayapur	Hotels			3932
reo-classic-near-railway-station-bus-stand	Reo Classic, Near Haridwar Railway Station & Bus Stand	haridwar	Har Ki Pauri	Other stays			2206
spring-sky-by-shrigo-hotels	Spring Sky Haridwar by Shrigo Hotels	haridwar	Bhupatwala	Hotels			3356
suvidha-deluxe	Suvidha Deluxe Hotel	haridwar	Railway Station	Hotels			1247
the-ganga-view-by-wooibhotels	The Ganga View Haridwar by Wooibhotels	haridwar	Kharkhari	Cottages			2397
the-ganga-view-top-selling-property-in	The Ganga View – Top Selling Property in Haridwar	haridwar	Ranipur & BHEL	Other stays			3644
sitara-economy-the-pacific	The Pacific, Haridwar Hotel	haridwar	Kharkhari	Hotels			2206
hostel-spontrail-laxman-jhula	Spontrail Laxman Jhula Hostel	rishikesh	Laxman Jhula	Hostels	9.3	19	
dormitory-raj	Dormitory – Hotel Raj	haridwar	Railway Station	Hostels	4.4	14	
apt-ayu-aanandam-live-i-heal-i-rest	Ayu Aanandam – Live I Heal I Rest Apartment	rishikesh	Ram Jhula	Apartments	7.4	12	
theprefabnest	Theprefabnest Apartment	rishikesh	Triveni Ghat	Homestays	9.6	12	
renuka	Wooibhotels Yogasthali Tapovan	rishikesh	Tapovan	Other stays	6.4	12	
resort-yogi-and-garden-cafe	Yogi Resort and Garden Cafe	rishikesh	Tapovan	Hostels	7.6	12	
house-2-bedroom-in-tapovan	2 Bedroom Guest House in Tapovan	rishikesh	Tapovan	Guest houses			4787
5-elements-kaudiyala	5 Elements Kaudiyala Rishikesh Hotel	rishikesh	Shivpuri & rafting belt	Hotels			13595
resort-around-stays-prana-wellness	Around Stays – Prana Wellness Resort	rishikesh	Tapovan	Resorts			2872
aviral-ganga-by-kundalini	Aviral Ganga by Kundalini Hotel	rishikesh	Tapovan	Hotels			11872
hotel-rishikesh-246121	Baramasa Resort	rishikesh	Neelkanth Road	Hotels			9000
bhagirathi-by-restay-hotels	Bhagirathi by Restay Hotels	rishikesh	Tapovan	Hotels			9382
bliss-ganga-uttarakhand	Bliss Ganga Rishikesh, Uttarakhand	rishikesh	Tapovan	Other stays			8808
house-the-blue-rishikesh	Blue Bird Stays	rishikesh	Tapovan	Other stays			7180
resort-brahmguru	Brahmguru Resort	rishikesh	Tapovan	Resorts			7180
capital-o-27980-inderlok	Capital O 27980 Hotel Inderlok	rishikesh	Triveni Ghat	Hotels			6702
resort-chanakya	Chanakya Resort	rishikesh	Shivpuri & rafting belt	Resorts			6510
fabhotel-hi-by-madras	Fabhotel Hi by Madras	rishikesh	Triveni Ghat	Other stays			4500
fabhotel-uv	Fabhotel Uv	rishikesh	Tapovan	Other stays			4117
hotel-rishikesh-79	Freespirithub	rishikesh	Tapovan	Hotels			4596
ganga-forest-view	Ganga Forest View	rishikesh	Veerbhadra Temple	Other stays			6798
ganga-vatika-ayurveda-bhavan	Ganga Vatika Ayurveda Bhavan Hotel	rishikesh	Muni Ki Reti	Hotels			4213
resort-garud-chatti-river	Garud Chatti River Resort	rishikesh	Neelkanth Road	Resorts			7659
goroomgo-anandam-home-stay-near-bus-stand-railway	Goroomgo Anandam Home Stay Rishikesh near Bus Stand – Railway Station – Best Customer Service Experience	rishikesh	Muni Ki Reti	Homestays			2776
resort-gurugram	Gurugram Resort	rishikesh	Shivpuri & rafting belt	Resorts			7468
h7-stay-on-the-ganges-yoga-spa-resort	H7 Stay on the Ganges, Yoga & Spa Resort	rishikesh	Tapovan	Resorts			3925
h7-stay-tapovan	H7 Stay Tapovan	rishikesh	Tapovan	Other stays			2585
holistic-stay-with-yoga-sessions	Holistic Stay with Yoga Sessions	rishikesh	Swarg Ashram	Other stays			1819
bhagirathi-place	Hotel Bhagirathi Palace	rishikesh	Tapovan	Hotels			3064
devbhoomi	Hotel Devbhoomi Inn	rishikesh	Dehradun Road	Hotels			1819
dhakad-gold-tapovan	Hotel Dhakad Gold – Tapovan	rishikesh	Tapovan	Hotels			3830
durga-palace-by-veda-group-of-hotels	Hotel Durga Palace by Veda Group of Hotels	rishikesh	Laxman Jhula	Hotels			2681
ganga-elena	Hotel Ganga Elena	rishikesh	Tapovan	Hotels			2872
ganges-view	Hotel Ganges View	rishikesh	Tapovan	Hotels			9765
gharonda	Hotel Gharonda	rishikesh	Haridwar Road	Hotels			4500
gharonda-ganga-valley-view	Hotel Gharonda – Ganga Valley View	rishikesh	Haridwar Road	Hotels			3064
govind-palace-near-ganga	Hotel Govind Palace near – By the Ganges at Triveni Ghat	rishikesh	Triveni Ghat	Hotels			2968
grand-haveli-rishikesh	Hotel Grand Haveli	rishikesh	Tapovan	Hotels			3925
holy-ganga-rishikesh	Hotel Holy Ganga	rishikesh	Muni Ki Reti	Hotels			2106
jsr-residency-by-akc-hotels	Hotel Jsr Residency by Akc Hotels	rishikesh	AIIMS Rishikesh	Hotels			4213
grand-haveli	Hotel Krish Elite	rishikesh	Tapovan	Hotels			2106
laxmi-narayan	Hotel Laxmi Narayan	rishikesh	Tapovan	Hotels			3159
laxmi-palace-rishikesh	Hotel Laxmi Palace	rishikesh	Tapovan	Hotels			5361
o-balaknath-temple-road-tapovan	Hotel O Balaknath Temple Road Tapovan	rishikesh	Tapovan	Hotels			4213
hotel-rishikesh-277	Hotel O Townhouse	rishikesh	Haridwar Road	Hotels			2776
om-shivaay	Hotel Om Shivaay Inn	rishikesh	Tapovan	Hotels			2585
prasanna	Hotel Prasanna Inn	rishikesh	Muni Ki Reti	Hotels			4500
raja-palace-by-stayapart	Hotel Raja Palace Inn by Stayapart	rishikesh	Laxman Jhula	B&Bs			4021
by-rfh	Hotel Rishikesh Inn by Rfh	rishikesh	Muni Ki Reti	Hotels			14457
saptrishi-rishikesh	Hotel Saptrishi	rishikesh	Tapovan	Hotels			1819
shivlok	Hotel Shivlok	rishikesh	Laxman Jhula	Hotels			2298
hotel-rishikesh-137	Hotel Suraj Unit of Butola Hotels	rishikesh	Dehradun Road	Hotels			2872
tapasthali-by-meera-hotels	Hotel Tapasthali	rishikesh	Tapovan	Hotels			2776
the-great-ganga	Hotel the Great Ganga	rishikesh	Muni Ki Reti	Hotels			9287
the-mountain-view-rishikesh	Hotel the Mountain View	rishikesh	Tapovan	Hotels			2968
villa-the-premium	Hotel the Premium Villa	rishikesh	Tapovan	Villas			2393
tulsi	Hotel Tulsi	rishikesh	Dehradun Road	Hotels			5074
veda-retreat-rishikesh	Hotel Veda Retreat	rishikesh	Tapovan	Hotels			5553
hotel-rishikesh-132	Hotel Yamnotri Retreat	rishikesh	Tapovan	Hotels			14074
yog-tapovan-249192	Hotel Yog Tapovan – Family Room	rishikesh	Tapovan	Hotels			3064
yog-tapovan-rafting-available	Hotel Yog Tapovan – Rafting Available	rishikesh	Tapovan	Hotels			1723
la-riqueza-pride-customers-favourite-in-tapovan	La Riqueza Pride Inn Tapovan – Mountain View Rooms – Top Selling – Best Location – Close to Ganga Ghat	rishikesh	Tapovan	Hotels			4117
resort-mirayas	Miraya's Resort	rishikesh	Tapovan	Resorts			5170
mountain-view-room-by-yog-tapovan	Mountain View Room by Yog Tapovan	rishikesh	Tapovan	Aparthotels			4691
mystic-cottage-ram-jhula	Mystic Cottage – Ram Jhula	rishikesh	Ram Jhula	Cottages			2968
namah	Namah Hotel	rishikesh	Tapovan	Hotels			1245
hotel-rishikesh-36	Nirvana River Resort	rishikesh	Neelkanth Road	Hotels			9000
oyo-22298-mannat-farms	OYO 22298 Mannat Farms Hotel	rishikesh	Raiwala & Shyampur	Hotels			1532
oyo-22301-sound-sleep	OYO 22301 Hotel Sound Sleep	rishikesh	Veerbhadra Temple	Hotels			1819
oyo-5936-hermitage	OYO 5936 Hotel Hermitage	rishikesh	Tapovan	Hotels			3734
oyo-divine-residency	OYO Hotel Divine Residency	rishikesh	AIIMS Rishikesh	Hotels			957
oyo-mg-residency	OYO Hotel Mg Residency	rishikesh	Muni Ki Reti	Hotels			2489
resort-panambi-tapovan	Panambi Tapovan Resort	rishikesh	Tapovan	Resorts			5170
prem-palace	Prem Palace Hotel	rishikesh	Tapovan	Hotels			2968
hotel-rishikesh-16	Prithvi Yatra	rishikesh	Dehradun Road	Hotels			4596
hotel-rishikesh-249001	Rishikesh Cottage & Spa	rishikesh	Elsewhere in Rishikesh	Hotels			2106
grand-rishikesh	Rishikesh Grand Hotel	rishikesh	Tapovan	Hotels			5936
hotel-rishikesh-inn	Rishikesh Inn	rishikesh	Tapovan	Hotels			1915
rishikesh-sadan-a-yoga-spritual-retreat	Rishikesh Sadan A Yoga & Spritual Retreat Hotel	rishikesh	Laxman Jhula	Hotels			2393
house-s-s-d	S.S.D. Guest House	rishikesh	Laxman Jhula	Guest houses			3064
shanti-vilaas	Shivaantara Hotels Shanti Vilaas	rishikesh	Tapovan	Hotels			2489
shridhar-reesort	Shridhar Reesort Hotel	rishikesh	Laxman Jhula	Hotels			7085
hotel-rishikesh-4	Soank Paradise – The Boutique Hotel	rishikesh	Haridwar Road	Hotels			2393
soh-sound-of-himalayas	Soh – Sound of Himalayas Hotel	rishikesh	Tapovan	Guest houses			1149
tapovan-rise-cottages-and-cafe-rishikesh	Tapovan Rise Cottages and Cafe	rishikesh	Tapovan	Cottages			4596
tatsat-homes-by-the-ganges	Tatsat Homes by the Ganges	rishikesh	Triveni Ghat	B&Bs			2393
ekantam-aspen-by-yatri-india-hospitality	The Ekantam by Aspen	rishikesh	Shivpuri & rafting belt	Other stays			5553
the-hummingbird	The Hummingbird Hotel	rishikesh	Tapovan	Hotels			3351
the-lily	The Lily Hotel	rishikesh	Tapovan	Hotels			9670
resort-tree-house-cottage-by-sarvottam	Tree House Cottage by Sarvottam Resort	rishikesh	Laxman Jhula	Resorts			11393
treebo-trend-mj-inn	Treebo Trend Mj Inn	rishikesh	Dehradun Road	Hotels			5553
treebo-trend-the-lily	Treebo Trend the Lily Hotel	rishikesh	Tapovan	Hotels			2585
resort-valley-king	Valley King Resort	rishikesh	Elsewhere in Rishikesh	Resorts			3159
a-budget-sheeva-palace-near-tulshi-chowk	A Budget Hotel Shiva Palace near Ganesh Ghat, Amrapur Ghat	haridwar	Upper Road & Mayapur	Hotels			863
aarti-the-boutique	Aarti the Boutique Hotel	haridwar	Elsewhere in Haridwar	Hotels			3165
brinjal-clarks-inn	Brinjal Clarks Inn	haridwar	Upper Road & Mayapur	Hotels			15535
chitra-grand	Chitra Grand Hotel	haridwar	Railway Station	Hotels			3644
collection-o-28628-himgiri-residency	Collection O 28628 Hotel Himgiri Residency	haridwar	Elsewhere in Haridwar	Hotels			2301
collection-o-3269-jagat	Collection O 3269 Hotel Jagat Inn	haridwar	Ranipur & BHEL	Hotels			3644
collection-o-paradise-plaza	Collection O Hotel Paradise Plaza	haridwar	Rishikesh Road & Motichur	Hotels			3165
fabexpress-kartikey-inn	Fabexpress Kartikey Inn	haridwar	Upper Road & Mayapur	Hotels			1151
fabhotel-agk-haridwar	Fabhotel Agk	haridwar	Rishikesh Road & Motichur	Other stays			2589
fabhotel-green-leaf-fully-vaccinated-staff	Fabhotel Green Leaf – Fully Vaccinated Staff	haridwar	Delhi Road	Other stays			1343
fabhotel-pearl	Fabhotel Pearl	haridwar	Rishikesh Road & Motichur	Other stays			1726
fabhotel-relax-palace-inn	Fabhotel Relax Inn Palace	haridwar	Rishikesh Road & Motichur	Hotels			1630
fabhotel-riverdale	Fabhotel Riverdale	haridwar	Bhupatwala	Other stays			4891
ganga-azure	Ganga Azure Hotel	haridwar	Railway Station	Hotels			1343
resort-gardenia-spa	Gardenia Hotel Spa & Resort	haridwar	Ranipur & BHEL	Resorts			6904
goroomgo-ganga-exotica-prime-location-ganga-river	Goroomgo Ganga Exotica Haridwar – Prime Location – Ganga River View Point – Luxury and Spacious Room – Best Hotel in Haridwar	haridwar	Upper Road & Mayapur	Hotels			14288
harmony	Haridwar Harmony Hotel	haridwar	Bhupatwala	Hotels			2589
holiday-stay-home-inn	Holiday Inn – Stay Home	haridwar	Jwalapur	Hotels			1343
aananda	Hotel Aananda	haridwar	Rishikesh Road & Motichur	Hotels			3260
aashiyana-haridwar	Hotel Aashiyana	haridwar	Jwalapur	Hotels			1438
bk-kutter-fully-air-conditioned-hotel-lift-wifi	Hotel Bk Kutter ! Haridwar Fully Air – Conditioned Hotel, Lift – WiFi and Restaurant Available, Near Ganga Ghaat and Mansa Devi Temple	haridwar	Har Ki Pauri	Hotels			2589
blue-pine	Hotel Blue Pine Raiwala	haridwar	Bhupatwala	Hotels			1438
blue-sky	Hotel Blue Sky	haridwar	Upper Road & Mayapur	Hotels			2973
city-heritage-haridwar	Hotel City Heritage	haridwar	Upper Road & Mayapur	Hotels			5850
crystal	Hotel Crystal	haridwar	Shantikunj & Saptrishi	Hotels			2589
dreamland	Hotel Dreamland	haridwar	Delhi Road	Hotels			4028
fortune-ganga	Hotel Fortune Ganga	haridwar	Ranipur & BHEL	Hotels			3356
gagandeep	Hotel Gagandeep	haridwar	Har Ki Pauri	Hotels			2110
ganga-aamantran	Hotel Ganga Aamantran	haridwar	Railway Station	Hotels			1534
ganga-amrit-near-railway-station	Hotel Ganga Amrit	haridwar	Railway Station	Hotels			1534
ganga-view	Hotel Ganga View	haridwar	Ranipur & BHEL	Hotels			2206
ganges-park-1	Hotel Ganges Park	haridwar	Ranipur & BHEL	Hotels			1055
house-gayatri-near-railway-station-ganga-ghat-best-hotel-in	Hotel Gayatri Guest House Haridwar near Railway Station – Ganga Ghat – Best Hotel in Haridwar	haridwar	Railway Station	Guest houses			2110
gopi-dham-ashram-near-shanti-kunj	Hotel Gopi Dham Ashram Haridwar near Shanti Kunj	haridwar	Shantikunj & Saptrishi	Ashrams			1630
grey-castle	Hotel Grey Castle	haridwar	Railway Station	Hotels			3644
hotel-haridwar-3	Hotel Grey Castle near Haridwar Railway Station by Perfect Stayz	haridwar	Railway Station	Hotels			2589
har-ki-pauri-by-around-stays	Hotel Har Ki Pauri by Around Stays	haridwar	Har Ki Pauri	Hotels			4219
resort-hill-view-by-first-time-hotelsand	Hotel Hill View by First Time Hotelsand Resort	haridwar	Shantikunj & Saptrishi	Resorts			6521
himalaya-haridwar	Hotel Himalaya	haridwar	Har Ki Pauri	Hotels			3548
shivaay-1	Hotel Hs Palace, A Four Star Luxury Hotel & Resort in Haridwar	haridwar	Kharkhari	Resorts			2685
imperial-blue	Hotel Imperial Blue	haridwar	Ranipur & BHEL	Hotels			3356
lakshayas	Hotel Lakshaya's	haridwar	Jwalapur	Hotels			4987
madhuban-har-ki-pauri	Hotel Madhuban – Har Ki Pauri	haridwar	Har Ki Pauri	Hotels			3932
mountain-view-haridwar	Hotel Mountain View	haridwar	Railway Station	Hotels			4028
nanda-residency	Hotel Nanda Residency	haridwar	Bhupatwala	Hotels			1438
neel-ganga-at-shanti-kunj	Hotel Neel Ganga at Shanti Kunj	haridwar	Shantikunj & Saptrishi	Hotels			1151
o-shiva-palace	Hotel O by OYO Shiva Palace	haridwar	Upper Road & Mayapur	Hotels			2973
hotel-haridwar-100	Hotel O Flagship Hotel Sg Plaza	haridwar	Kharkhari	Hotels			1438
kings	Hotel O Kings Inn	haridwar	Bhupatwala	Hotels			2014
o-krishna-priya	Hotel O Krishna Priya	haridwar	Bhupatwala	Hotels			1343
collection-o-7440-paradise	Hotel O Paradise	haridwar	Rishikesh Road & Motichur	Hotels			2973
oyo-saranga-dham	Hotel O Saranga Dham	haridwar	Shantikunj & Saptrishi	Hotels			9685
o-yashoda-sadan	Hotel O Yashoda Sadan	haridwar	Kharkhari	Hotels			3932
orchid-249401	Hotel Orchid Inn	haridwar	Upper Road & Mayapur	Hotels			3165
pacific-paradise-lavish-luxury-stay-in	Hotel Pacific Paradise, Lavish & Luxury Stay in Haridwar	haridwar	Railway Station	Hotels			2206
hotel-haridwar-25	Hotel Paradise Inn & Banquet	haridwar	Rishikesh Road & Motichur	Hotels			1918
raghuveer-residency	Hotel Raghuveer Residency	haridwar	Rishikesh Road & Motichur	Hotels			2397
relax-near-railway-station-and-ganga-ghat	Hotel Relax Inn near Railway Station and Ganga Ghat	haridwar	Railway Station	Hotels			1247
riverdale	Hotel Riverdale	haridwar	Bhupatwala	Hotels			3452
shiva-nearby-bus-and-railway-station	Hotel Shiva Palace Haridwar – Nearby Bus and Railway Station	haridwar	Railway Station	Hotels			1343
shivaay	Hotel Shivaay	haridwar	Bhupatwala	Hotels			2206
shivmurti-classic	Hotel Shivmurti Classic	haridwar	Upper Road & Mayapur	Hotels			1438
siya-ram-by-dp-hotels	Hotel Siya Ram by Dp Hotels	haridwar	Bhupatwala	Hotels			1726
sunshine	Hotel Sunshine	haridwar	Upper Road & Mayapur	Hotels			3644
suryoday	Hotel Suryoday	haridwar	Har Ki Pauri	Hotels			4507
the-ganga-castle	Hotel the Ganga Castle	haridwar	Bhupatwala	Hotels			1151
vinayak-grand	Hotel Vinayak Grand	haridwar	Ranipur & BHEL	Hotels			5178
hotel4u	Hotel4U Haridwar	haridwar	Upper Road & Mayapur	Other stays			2685
itsy-hotels-paradise-inn	Itsy Hotels Paradise Inn	haridwar	Rishikesh Road & Motichur	Hotels			3069
khanna-palace	Khanna Palace	haridwar	Bhupatwala	Hotels			5370
l-s-residency	L S Residency Hotel	haridwar	Ranipur & BHEL	Hotels			3644
lajja-palace-at-harki-pauri	Lajja Palace at " Harki Pauri " Hotel	haridwar	Upper Road & Mayapur	Hotels			5466
house-madhuban	Madhuban Guest House	haridwar	Railway Station	Guest houses			11699
one-earth-ganga-stone	One Earth Ganga Stone Hotel	haridwar	Bhupatwala	Hotels			5082
one-earth-hardwar	One Earth Hardwar Hotel	haridwar	Shantikunj & Saptrishi	Hotels			2397
oyo-18273-basera	OYO 18273 Hotel Basera	haridwar	Railway Station	Hotels			2110
oyo-29694-heritage	OYO 29694 Hotel Heritage	haridwar	Ranipur & BHEL	Hotels			2206
oyo-2974-aastha-palace	OYO 2974 Hotel Aastha Palace	haridwar	Railway Station	Hotels			2110
oyo-3395-arjun	OYO 3395 Hotel Arjun	haridwar	Railway Station	Hotels			2110
oyo-35366-shiv-murti	OYO 35366 Hotel Shiv Murti	haridwar	Railway Station	Hotels			2877
oyo-39595-ray-ban-kankhal	OYO 39595 Hotel Ray Ban Kankhal	haridwar	Kankhal	Hotels			5178
oyo-4375-gang-tarang	OYO 4375 Hotel Gang Tarang	haridwar	Jwalapur	Hotels			2685
oyo-4511-nagpal	OYO 4511 Hotel Nagpal	haridwar	Ranipur & BHEL	Hotels			3260
oyo-4926-le-central	OYO 4926 Hotel Le Central	haridwar	Ranipur & BHEL	Hotels			2301
oyo-6976-ganges-park	OYO 6976 Hotel Ganges Park	haridwar	Ranipur & BHEL	Hotels			4028
oyo-guru-mandal-atithi-grah	OYO Guru Mandal Atithi Grah Hotel	haridwar	Ranipur & BHEL	Hotels			1343
oyo-hill-view-by-first-time-hotels-and-resorts	OYO Hill View by First Time Hotels and Resorts	haridwar	Bhupatwala	Resorts			2014
hotel-haridwar-8	Prithvi Yatra	haridwar	Bhupatwala	Hotels			4987
hotel-haridwar-15	Prithvi Yatra Vedic Stay	haridwar	Har Ki Pauri	Hotels			1438
hotel-haridwar-21	Raj Place by Clanstays	haridwar	Kharkhari	Hotels			3069
resort-river-view-haridwar	River View Resort	haridwar	Elsewhere in Haridwar	Resorts			5274
sarva-darshan-ashram	Sarva Darshan Ashram	haridwar	Rishikesh Road & Motichur	Ashrams			2301
shiv-murti-grand	Shiv Murti Grand	haridwar	Elsewhere in Haridwar	Other stays			4891
shoolin-suites-by-delight-stay	Shoolin Suites by Delight Stay	haridwar	Bhupatwala	Other stays			4603
hotel-haridwar-47	Teertham Hotel	haridwar	Rishikesh Road & Motichur	Hotels			7000
the-great-ananda	The Great Ananda Hotel	haridwar	Shantikunj & Saptrishi	Hotels			3165
hotel-haridwar-151	The Hoften Vibranta	haridwar	Bhupatwala	Hotels			1918
the-latitude-luxury	The Latitude Luxury Haridwar Hotel	haridwar	Rishikesh Road & Motichur	Hotels			12754
resort-the-veda-greens	The Veda Greens Resort	haridwar	Railway Station	Resorts			3069
trimurti-palace	Trimurti Palace	haridwar	Bhupatwala	Hotels			3165
vedik-kaaya	Vedik Kaaya Hotel	haridwar	Kankhal	Hotels			5370
wanna-stay-haridwar	Wanna Stay	haridwar	Kharkhari	Other stays			2877
girija-homestay	Girija Homestay	rishikesh	Veerbhadra Temple	Guest houses	8.0	8	
art-bliss-homes	Luna Homes	rishikesh	Laxman Jhula	Other stays	6.5	7	
purna-viraam	Purna Viraam Tapovan	rishikesh	Tapovan	Apartments	8.4	7	
ghumo-ghumao-travel	Ghumo Ghumao Travel Hotel	rishikesh	AIIMS Rishikesh	Hotels	6.0	6	
om-shanti-stay	Om Shanti Stay	rishikesh	Laxman Jhula	Guest houses	7.5	6	
shri-krishna-bhawan	Shri Krishna Bhawan Apartment	rishikesh	Triveni Ghat	Apartments	9.0	6	
lakmi-homestay	Lakmi Homestay	rishikesh	Muni Ki Reti	Homestays	4.0	5	
hotel-rishikesh-238	Traverse Riverside Resort	rishikesh	Neelkanth Road	Hotels	10.0	5	
ganga-kinare-homestay	Ganga Kinare Homestay	rishikesh	Swarg Ashram	Apartments	8.8	4	
gj-wellness-stay	Gj Wellness & Stay	rishikesh	Tapovan	Other stays	7.5	4	
apt-healing-house	Healing House Rishikesh Apartment	rishikesh	Tapovan	Apartments	7.5	4	
pookiestays	Pookiestays Rishikesh	rishikesh	Tapovan	Apartments	4.0	4	
heaven-vibes-stays-249192	Heaven Vibes Stays Serene 1BHK Near Laxman Jhula	rishikesh	Tapovan	Apartments	5.7	3	
serenity-home	Serenity Home	rishikesh	Tapovan	Apartments	9.7	3	
baidehi-cottage	Baidehi Cottage	rishikesh	Dehradun Road	Homestays	10.0	2	
hotal-badri-palace	Hotal Badri Palace	rishikesh	AIIMS Rishikesh	Hotels	10.0	2	
apt-2-bedroom-ganga-view-aloha	Minimalist Apartment in Aloha 2BHK Luxury Ganga View – For Cool Adults & Family Only	rishikesh	Tapovan	Apartments	10.0	2	
hindustan-royal-inn	Hindustan Royal Inn	haridwar	Shantikunj & Saptrishi	Hotels	4.0	2	
babua-stay	Hotel Babua Stay	haridwar	Har Ki Pauri	Hotels	8.5	2	
shri-balaji	Shri Balaji Hotel	haridwar	Railway Station	Hotels	4.0	2	
siya-palace	Hotel Siya Palace	rishikesh	Elsewhere in Rishikesh	Hotels	7.0	1	
apt-indrangan-near-ganga-ji-3bhk	Indrangan 3BHK By Grihasaarthi Apartment	rishikesh	Veerbhadra Temple	Apartments	9.0	1	
narayana-cottage-homestay	Narayana Cottage & Homestay	rishikesh	Nepali Farm	Apartments	10.0	1	
house-negi-4	Negi Guest House	rishikesh	AIIMS Rishikesh	Guest houses	10.0	1	
nomads-retreat-by-sjj	Nomads Retreat by Sjj Hotel	rishikesh	Elsewhere in Rishikesh	Camps & tents	7.0	1	
rudra-by-di-ganga	Rudra by Di Ganga Apartment	rishikesh	Nirmal Bagh near Ganges	Apartments	10.0	1	
apt-sukoon-retreat-1bhk-mountain-view-in	Sukoon Retreat 1BHK Mountain View Apartment in Rishikesh	rishikesh	Tapovan	Apartments	9.0	1	
the-secret-stays	The Hidden Cascade Waterfall Studio in Tapovan	rishikesh	Tapovan	Holiday rentals	5.0	1	
the-mountain-view	The Mountain View Hotel	rishikesh	Raiwala & Shyampur	Hotels	5.0	1	
hotel-rishikesh-206	The Shivoham	rishikesh	Tapovan	B&Bs	10.0	1	
the-shrinam-stays-near-hidden-waterfall	The Shrinam Stays Luxury Retreats, Private 1BHK &Near Secret Waterfall	rishikesh	Tapovan	Apartments	10.0	1	
2bhk-comfortable-stay-for-family-and-couples-near-ganga	Trilok Retreat Homestay near Rishikesh 2BHK	rishikesh	Elsewhere in Rishikesh	Apartments	8.0	1	
hotel-haridwar-149	Bunk Bed in Haridwar Hostel	haridwar	Railway Station	Hostels	10.0	1	
sanat-samridhi-haridwar	Hotel Sanat Samridhi	haridwar	Upper Road & Mayapur	Hotels	10.0	1	
house-narayan-homestay	Narayan Homestay & Guest House	haridwar	Shantikunj & Saptrishi	Holiday rentals	10.0	1	
hotel-rishikesh-35	Aviral Ganga	rishikesh	Tapovan	Hotels			2585
blessed-cottages	Blessed Cottages	rishikesh	Laxman Jhula	Cottages			2106
classic-stay-in	Classic Stay in Rishikesh	rishikesh	Laxman Jhula	Other stays			2393
villa-comfort-ixora-in	Comfort Ixora Villa in Rishikesh	rishikesh	Elsewhere in Rishikesh	B&Bs			2585
dev-rishi-homes	Dev Rishi Homes	rishikesh	Tapovan	Other stays			2776
fabhotel-kailash-residency	Fabhotel Kailash Residency	rishikesh	Muni Ki Reti	Hotels			3255
hotel-rishikesh-71	Gautam Palace	rishikesh	Haridwar Road	Hotels			3734
devoy-249192	Hotel Devoy Inn	rishikesh	Tapovan	Hotels			2585
digvijay-and-restuarant	Hotel Digvijay and Restuarant	rishikesh	Dehradun Road	Hotels			1628
divya	Hotel Divya	rishikesh	Laxman Jhula	Hotels			3447
hare-rama	Hotel Hare Rama	rishikesh	Laxman Jhula	Hotels			2968
heaven-rishikesh	Hotel Heaven	rishikesh	Outside Rishikesh	Hotels			1340
madhusudan	Hotel Madhusudan	rishikesh	Laxman Jhula	B&Bs			4691
shivanta-residency-by-wb	Hotel Shivanta Residency by Wb Inn	rishikesh	Tapovan	Hotels			4021
sri-ganga-ramjhula	Hotel Sri Ganga Ramjhula	rishikesh	Ram Jhula	Hotels			2968
suruchi	Hotel Suruchi	rishikesh	Dehradun Road	Hotels			2776
tirupati-a-luxury-stay	Hotel Tirupati A Luxury Stay	rishikesh	Muni Ki Reti	Hotels			
keys-lite-by-lemon-tree-hotels-tapovan	Keys Lite by Lemon Tree Hotels, Tapovan	rishikesh	Tapovan	Hotels			7659
house-mango-tree	Mango Tree Guest House	rishikesh	Laxman Jhula	Guest houses			2298
oyo-1811-leisure-palace	OYO 1811 Hotel Leisure Palace	rishikesh	Tapovan	Hotels			3064
house-paradise-palm	Paradise Palm Guest House	rishikesh	Tapovan	Guest houses			2681
prasanna-inn	Prasanna Inn	rishikesh	Muni Ki Reti	Hotels			6319
rooms-facing-mountains-in-tapovan	Rooms Facing Mountains in Tapovan	rishikesh	Tapovan	Other stays			3351
house-rudra	Rudra Guest House	rishikesh	Laxman Jhula	Guest houses			1149
resort-shiv	Shiv Resort	rishikesh	Tapovan	Resorts			4883
resort-shivansh	Shivansh Inn Resort	rishikesh	Tapovan	Resorts			13787
hotel-rishikesh-3	Silver Bells Resort	rishikesh	Tapovan	Hotels			5266
spot-on-43453-yuvraj	Spot on 43453 Hotel Yuvraj	rishikesh	Laxman Jhula	Hotels			3638
suvidha-home-stay	Suvidha Home Stay	rishikesh	Triveni Ghat	Homestays			3064
swiss-cottege-by-oscenox	Swiss Cottege by Oscenox Hotel	rishikesh	Tapovan	Hotels			4500
the-holiday-home	The Holiday Home	rishikesh	Tapovan	Other stays			1532
the-namami-tapovan-by-natures-hooks	The Namami Tapovan by Natures Hooks	rishikesh	Tapovan	Other stays			3925
vishwa-chandra-palace	Vishwa Chandra Palace	rishikesh	Tapovan	Hotels			2202
xomotel-evana-on-the-ganges	Xomotel Evana on the Ganges	rishikesh	Tapovan	Other stays			6415
shree-chitra-residency-by-grb	Chitra Residency Hotel	haridwar	Railway Station	Hotels			4891
family-shiva-palace-hotel	Family Hotel – Shiva Palace Hotel	haridwar	Railway Station	Hotels			1630
ganga-lodge-family-stay-near-ganga-ghat	Ganga Lodge Family Stay near Ganga Ghat	haridwar	Upper Road & Mayapur	Lodges			1726
hotal-glory-ganga	Hotal Glory Ganga Hotel	haridwar	Kankhal	Hotels			
ashirwad-haridwar	Hotel Ashirwad	haridwar	Bhupatwala	Hotels			1055
chitra-heritage	Hotel Chitra Heritage	haridwar	Railway Station	Hotels			1343
divine-haridwar	Hotel Divine Inn	haridwar	Kharkhari	Hotels			2110
ganges-rivera	Hotel Ganges Rivera	haridwar	Kankhal	Hotels			11220
jasmine	Hotel Jasmine	haridwar	SIDCUL	Hotels			21385
kapoor	Hotel Kapoor	haridwar	Upper Road & Mayapur	Hotels			3356
la-vista-haridwar	Hotel La Vista	haridwar	Rishikesh Road & Motichur	Hotels			671
la-vistaa-haridwar	Hotel La Vistaa	haridwar	Shantikunj & Saptrishi	Hotels			
lavanya	Hotel Lavanya	haridwar	Har Ki Pauri	Hotels			4603
laxmi-deluxe	Hotel Laxmi Deluxe	haridwar	Har Ki Pauri	Hotels			1055
manglam-kusha-ghat	Hotel Manglam Kusha Ghat	haridwar	Upper Road & Mayapur	Hotels			3069
mansarover-international	Hotel Mansarover International	haridwar	Upper Road & Mayapur	Hotels			5274
melrose	Hotel Melrose Inn	haridwar	Delhi Road	Hotels			4411
midtown	Hotel Midtown	haridwar	Upper Road & Mayapur	Hotels			2877
shankar-niwas	Hotel Shankar Niwas	haridwar	Har Ki Pauri	Hotels			1055
shivalaya-by-gph	Hotel Shivalaya by Kuumar's	haridwar	Bhupatwala	Hotels			6041
hotel-haridwar-71	Hotel Star Ganges	haridwar	Bhupatwala	Hotels			2493
suncity	Hotel Suncity	haridwar	Upper Road & Mayapur	Hotels			21289
the-rio	Hotel the Rio	haridwar	Railway Station	Hotels			2781
trishul	Hotel Trishul	haridwar	Upper Road & Mayapur	Hotels			3932
vijay-lakshmi	Hotel Vijay Lakshmi Inn	haridwar	Ranipur & BHEL	Hotels			3069
oyo-15643-laxmi-sadan-residency	OYO 15643 Laxmi Sadan Residency Hotel	haridwar	Shantikunj & Saptrishi	Hotels			1534
hotel-haridwar-12	Prithvi Yatra Haridwar 1	haridwar	Har Ki Pauri	Hotels			1918
hotel-haridwar-11	Prithvi Yatra Shri Krishna Residency	haridwar	Rishikesh Road & Motichur	Hotels			1630
samrat-restaurant	Samrat Hotel & Restaurant	haridwar	Elsewhere in Haridwar	Hotels			5946
spot-on-shyam-dharamshala	Spot on by OYO Shyam Dharamshala Hotel	haridwar	Elsewhere in Haridwar	Dharamshalas			1918
hotel-haridwar-14	The Meridian	haridwar	Railway Station	Hotels			
vb-hotels	Vb Hotels	haridwar	Rishikesh Road & Motichur	Hotels			5562
camp-aqua-forest	Camp Aqua Forest Hotel	rishikesh	Neelkanth Road	Camps & tents			
resort-fabhotel-anandam	Fabhotel Anandam Resort	rishikesh	Laxman Jhula	Resorts			
ganga-tapovan-room	Ganga Tapovan Room	rishikesh	Tapovan	Other stays			
highlands	Highlands Hotel	rishikesh	Laxman Jhula	Hotels			
dev-ganga-rishikesh	Hotel Dev Ganga	rishikesh	Tapovan	Hotels			
kavya	Hotel Kavya	rishikesh	Tapovan	Hotels			
hotel-rishikesh-259192	Hotel Laxman Jhula Inn	rishikesh	Laxman Jhula	Hotels			
nirwan	Hotel Nirwan	rishikesh	Tapovan	Hotels			
relax-near-by-the-ganges-at-triveni-ghat	Hotel Relax Inn near By--The Ganges at Triveni Ghat	rishikesh	Triveni Ghat	Hotels			
shubhra-heights-rishikesh-mountain-river-view	Hotel Shubhra Heights Rishikesh – Mountain & River View ! Prime Location ! Walking from Laxman Jhula ! Top Rated & Most Awarded by Company	rishikesh	Laxman Jhula	Hotels			
tamanna	Hotel Tamanna	rishikesh	Tapovan	Hotels			
tapomay-retreat	Hotel Tapomay Retreat	rishikesh	Tapovan	Hotels			
tapovan-by-terraa-hotels	Hotel Tapovan by Terraa Hotels	rishikesh	Tapovan	Hotels			
the-terrace-rishikesh	Hotel the Terrace	rishikesh	Tapovan	Hotels			
resort-mahayana-river	Mahayana River Resort	rishikesh	Neelkanth Road	Resorts			
mj-hills	Mj Hills Rishikesh Hotel	rishikesh	Tapovan	Hotels			
resort-nature-on-the-rocks-glamping	Nature on the Rocks Glamping Resort	rishikesh	Elsewhere in Rishikesh	Resorts			
hotel-rishikesh-150	Rishikesh Nature Resort	rishikesh	Tapovan	Hotels			
sitara-resorts-a-luxury-hotel-on-road-haridwar	Sitara Hotel & Resorts – A Luxury Hotel on Rishikesh Road Haridwar	rishikesh	Haridwar Road	Resorts			
the-ayali-prime-tapovan	The Ayali Prime Tapovan Hotel	rishikesh	Tapovan	Hotels			
bliss-agk-a-top-rated-property-in	Bliss Agk A Top Rated Property in Haridwar	haridwar	Rishikesh Road & Motichur	Other stays			
classic-heritage	Hotel Classic Heritage	haridwar	Delhi Road	Hotels			
prl-comfortable-stay-travel-dsek	Hotel Haridwar Prl Inn – Comfortable Stay – Travel Dsek	haridwar	Upper Road & Mayapur	Hotels			
india-1	Hotel India	haridwar	Elsewhere in Haridwar	Hotels			
karishna	Hotel Karishna	haridwar	Upper Road & Mayapur	Hotels			
karuni	Hotel Karuni	haridwar	Har Ki Pauri	Hotels			
kblessings	Hotel Kblessings Inn	haridwar	Elsewhere in Haridwar	Hotels			
lakshay	Hotel Lakshay	haridwar	Har Ki Pauri	Hotels			
luxuary-r-b-near-near-railway-station-fully-air	Hotel Luxuary R-B Near near Railway Station – Fully Air Conditioned Rooms with WiFi – Lift and Restaurant – A Top Rated Hotel	haridwar	Railway Station	Hotels			
sr-grand	Hotel Sr Grand	haridwar	Elsewhere in Haridwar	Hotels			
house-mansa-devi-royal	Mansa Devi Royal Guest House	haridwar	Rishikesh Road & Motichur	Guest houses			
hotel-haridwar-59	Shree Bhagwan Atithi Grah	haridwar	Kharkhari	Hotels			
hotel-haridwar-138	The Holy Stay	haridwar	Bhupatwala	Hotels			
udman-by-ferns-n-petals	Udman Haridwar by Ferns N Petals Hotel	haridwar	Rishikesh Road & Motichur	Hotels			
resort-7-hills-view	7 Hills View Resort	rishikesh	Elsewhere in Rishikesh	Resorts			6415
apt-aarya-luxurious-2-bhk	Aarya Rishikesh – Luxurious 2BHK Apartment	rishikesh	Veerbhadra Temple	Apartments			4021
hotel-rishikesh-47	Acorn International	rishikesh	Tapovan	Hotels			
advik-ganga-hill-view-serene	Advik – Ganga & Hill View Serene	rishikesh	Nirmal Bagh near Ganges	Apartments			3542
aloha-2-bedroom-ganges-room	Aloha Rishikesh – 2 Bedroom – Ganges Room	rishikesh	Tapovan	Aparthotels			5457
apt-aloha-terrace-by-punianis	Aloha Terrace Apartment by Punianis	rishikesh	Tapovan	Apartments			26137
aluna-homestay	Aluna Homestay	rishikesh	Tapovan	Homestays			
apt-anamika-1bhk-in-tapovan	Anamika 1BHK Apartment in Rishikesh Tapovan	rishikesh	Tapovan	Apartments			2968
resort-anandam-by-opulence-hotels	Anandam Resort by Opulence Hotels	rishikesh	Laxman Jhula	Resorts			
anandmay-homestay-isbt-249201	Anandmay Homestay, Isbt	rishikesh	Triveni Ghat	Homestays			7276
ananta-dhyan-kendra	Ananta Dhyan Kendra Hotel	rishikesh	Tapovan	Hotels			1149
around-stays-hotel-aviral-ganga-tapovan	Around Stays – Hotel Aviral Ganga, Tapovan	rishikesh	Tapovan	Hotels			
around-stays-shanti-vilas-tapovan	Around Stays – Shanti Vilas, Tapovan	rishikesh	Tapovan	Other stays			
house-ashutosh	Ashutosh Guest House	rishikesh	Tapovan	Guest houses			
aspen-adventures-camp-by-aspen	Aspen Adventures Camp by Aspen Hotel	rishikesh	Neelkanth Road	Camps & tents			2681
athalia-guesthouse	Athalia Guesthouse	rishikesh	Tapovan	Homestays			1723
atman-homes	Atman Homes	rishikesh	Tapovan	Other stays			1628
aura-homes-a-boho-green-escape	Aura Homes – A Boho Green Escape	rishikesh	Tapovan	Apartments			4691
awesome-property-someone-will-love-to-live-rishikesh	Awesome Property Someone Will Love to Live	rishikesh	AIIMS Rishikesh	Apartments			26424
ayuskama-ayurveda-yoga-retreat-center	Ayuskama Ayurveda Yoga Retreat Center Hotel	rishikesh	Tapovan	Hotels			1819
bhandari-home-stay	Bhandari Home Stay	rishikesh	Tapovan	Homestays			862
hotel-rishikesh-41	Bmg Serviced Suites	rishikesh	Veerbhadra Temple	Aparthotels			1819
hotel-rishikesh-31	Breakfree Backpacker Panda	rishikesh	Tapovan	Hostels			1340
budget-friendly-1-bhk-luxury-home-stay	Budget Friendly 1BHK Luxury Home Stay	rishikesh	Tapovan	Apartments			2585
bunk-house	Bunk House Hostel	rishikesh	Tapovan	Hostels			574
cabana-suites-1bhk-301	Cabana Suites 1BHK 301	rishikesh	Tapovan	Aparthotels			3064
cabana-suites-1bhk-303	Cabana Suites 1BHK 303	rishikesh	Tapovan	Aparthotels			4404
cabana-suites-rk-studio	Cabana Suites Rk Studio	rishikesh	Tapovan	Aparthotels			1532
hotel-rishikesh-84	Cohost Laxman Jhula Regency Resort	rishikesh	Laxman Jhula	Hotels			
collection-o-kedar-in	Collection O Kedar in Hotel	rishikesh	Tapovan	Hotels			
comfortable-rooms-on-laxman-jhula	Comfortable Rooms on Laxman Jhula	rishikesh	Laxman Jhula	Other stays			3159
hostel-crazy-door	Crazy Door Hostel	rishikesh	Tapovan	Hostels			
hostel-dsocialz	D' Socialz Hostel	rishikesh	Tapovan	Hostels			
d2-hotels	D2 Hotels	rishikesh	Tapovan	Hotels			
resort-delhi-34	Delhi 34 Resort	rishikesh	Elsewhere in Rishikesh	Resorts			4500
dharohar-homestay-by-yatrimap	Dharohar Homestay by Yatrimap	rishikesh	Triveni Ghat	Homestays			2011
apt-divine-lookout	Divine Lookout Apartment	rishikesh	Laxman Jhula	Apartments			1723
divya-249302	Divya Hotel	rishikesh	Laxman Jhula	Hotels			6127
economical-rooms-at-mukti-dham	Economical Rooms at Mukti Dham	rishikesh	Swarg Ashram	Other stays			1245
ensquare-apartments	Ensquare Apartments	rishikesh	Tapovan	Apartments			14552
ensquare-2-bedroom-apartments-near-laxman-jhula	Ensquare Hotel – 2 Bedroom Apartments near Laxman Jhula with Kitchen	rishikesh	Tapovan	Apartments			9287
apt-ensquare-2bhk-with-netflix-kitchen-near-laxman	Ensquare Hotel – 2BHK Apartment with Netflix, Kitchen near Laxman Jhula Tapovan	rishikesh	Tapovan	Apartments			3351
ensquare-2-bhk-apartments-with-kitchen-rooftop	Ensquare Hotel – 2BHK Apartments with Kitchen, Rooftop River View Cafe, Live Events	rishikesh	Tapovan	Apartments			9861
ensquare-aesthetic-2-bedroom-1-living-room	Ensquare Hotel – Aesthetic 2 Bedroom, 1 Living Room Apartments with Kitchen near Top Location Laxman Jhula	rishikesh	Laxman Jhula	Holiday rentals			4213
maheshwari-home-stay	Error Apartment	rishikesh	Muni Ki Reti	Apartments			1340
exotic-rishikesh	Exotic Hotel	rishikesh	Tapovan	Hotels			
flagship-guestlo-verse	Flagship Guestlo Verse	rishikesh	Tapovan	Other stays			
forest-view-rishikesh	Forest View Hotel	rishikesh	Dehradun Road	Hotels			
hostel-freebird-nest	Freebird Nest Hostel	rishikesh	Tapovan	Hostels			574
hotel-rishikesh-249306	G Village Resort & Spa by Beyond Stay	rishikesh	Elsewhere in Rishikesh	Hotels			4500
apt-ganga-bhumi-2bhk	Ganga Bhumi Rishikesh 2BHK Apartment	rishikesh	Nirmal Bagh near Ganges	Apartments			8138
hostel-ganga	Ganga Hostel	rishikesh	Tapovan	Hostels			2202
ganges-view-rishikesh	Ganges View Hotel	rishikesh	Tapovan	Hotels			
gayatri-niwas	Gayatri Niwas Hotel	rishikesh	Tapovan	Hotels			2298
resort-glampers	Glampers Resort	rishikesh	Neelkanth Road	Resorts			8712
resort-glampers-rishikesh	Glampers Resort Rishikesh at River Side	rishikesh	Neelkanth Road	Resorts			5936
goroomgo-the-aradhya-gange-residency	Goroomgo the Aradhya Gange Residency	rishikesh	Tapovan	Hotels			
goroomgo-ubex-home-jungle-safari-restaurant	Goroomgo Ubex Home Rishikesh – Jungle Safari – Restaurant	rishikesh	Tapovan	Other stays			
gostops-rishikesh	Gostops Rishikesh, Tapovan	rishikesh	Tapovan	Hostels			1628
guesthouse-near-lakshman-jhula-rishikesh-by-guesthouser-44093	Guesthouse near Lakshman Jhula, Rishikesh, By Guesthouser 44093	rishikesh	Tapovan	Guest houses			4883
h-r-stays	H R Stays	rishikesh	Tapovan	Other stays			1340
happy-homes-by-yoga-smiles-upper-tapovan	Happy Homes by Yoga & Smiles, Upper Tapovan	rishikesh	Tapovan	Other stays			2106
hostel-hashtag	Hashtag Hostel	rishikesh	Tapovan	Hostels			1149
hbc-accurate	Hbc Hotel Accurate	rishikesh	Dehradun Road	Hotels			
hill-heritage	Hill Heritage Hotel	rishikesh	Tapovan	Hotels			1053
apt-himalayan-hideaway-1-bhk-luxury	Himalayan Hideaway: 1BHK Luxury Apartment	rishikesh	Tapovan	Apartments			6127
apt-himalayas	Himalayas Apartment	rishikesh	Laxman Jhula	Homestays			2106
home-of-lavenia	Home of Lavenia	rishikesh	Tapovan	B&Bs			2106
hostel-hola-rishikesh	Hostel Hola	rishikesh	Tapovan	Hostels			1915
hotel-rishikesh-287	Hotel 7 Chakra in Rishikesh	rishikesh	Tapovan	Hostels			1149
badri-palace-rishikesh	Hotel Badri Palace	rishikesh	AIIMS Rishikesh	Hotels			2681
bhagirathi-by-reet	Hotel Bhagirathi by Reet	rishikesh	Laxman Jhula	B&Bs			1915
cosy-nook	Hotel Cosy Nook	rishikesh	Laxman Jhula	B&Bs			2681
dev-rishikesh	Hotel Dev	rishikesh	Laxman Jhula	Hotels			
dev-palace-by-wb	Hotel Dev Palace by Wb Inn	rishikesh	Tapovan	Hotels			6510
digvijay	Hotel Digvijay	rishikesh	Dehradun Road	Hotels			
foothill-by-around-stays	Hotel Foothill by Around Stays	rishikesh	Tapovan	Hotels			2489
ganga	Hotel Ganga	rishikesh	Laxman Jhula	Hotels			1245
gangetic-yoga-getaway	Hotel Gangetic Yoga Getaway	rishikesh	Tapovan	Hotels			
gloria	Hotel Gloria	rishikesh	Laxman Jhula	Hotels			
gold-tapovan	Hotel Gold Tapovan	rishikesh	Tapovan	Hotels			
jk-heaven	Hotel Jk Heaven	rishikesh	Tapovan	Hotels			3159
marc-blu-tapovan	Hotel Marc Blu Tapovan	rishikesh	Tapovan	Hotels			
hotel-rishikesh-99	Hotel Narayan Inn	rishikesh	Haridwar Road	Hotels			
resort-o-rajaji-wild-trail	Hotel O Rajaji Wild Trail Resort	rishikesh	Elsewhere in Rishikesh	Resorts			1245
hotel-rishikesh-164	Hotel Orange	rishikesh	Laxman Jhula	Hotels			
p2p-hills	Hotel P2P Hills	rishikesh	Tapovan	Hotels			
paayal-accessible-affordable	Hotel Paayal – Accessible & Affordable	rishikesh	Dehradun Road	Hotels			
samridhhi-retreat	Hotel Samridhhi Retreat	rishikesh	Tapovan	Hotels			3159
sara	Hotel Sara	rishikesh	Tapovan	B&Bs			4117
shri-ganga	Hotel Shri Ganga	rishikesh	Ram Jhula	Hotels			2681
sk-international	Hotel Sk International	rishikesh	Tapovan	Hotels			
soham	Hotel Soham Inn	rishikesh	Laxman Jhula	Hotels			1532
hotel-rishikesh-34	Hotel the Aman Palace	rishikesh	Tapovan	Hotels			1053
hotel-rishikesh-87	Hotel the Classio	rishikesh	Tapovan	Hotels			
the-holiday-home-rishikesh-249192	Hotel the Holiday Home	rishikesh	Tapovan	B&Bs			
the-holiday-home-249192	Hotel the Holiday Home	rishikesh	Elsewhere in Rishikesh	Hotels			862
townhouse	Hotel Townhouse	rishikesh	Haridwar Road	Hotels			1245
v-n-ganga	Hotel V N Ganga	rishikesh	Laxman Jhula	Hostels			479
hotstel-rishikesh-tapovan	Hotstel Rishikesh, Tapovan	rishikesh	Tapovan	Hostels			4787
hr-stays	Hr Stays	rishikesh	Tapovan	Other stays			2681
ima-ganga-aesthetic-quite-mountain-view-rooms	Ima Ganga Hotel – Aesthetic, Quite Mountain View Rooms with Netflix, Free Airport Pickup for Booking More Than 7 Nights, Elevator, Backup, Room Heater in Upper Tapovan	rishikesh	Tapovan	Apartments			1819
kailash-rishikesh	Kailash Rishikesh	rishikesh	Dehradun Road	Apartments			5074
kalakriti-homestay	Kalakriti Homestay	rishikesh	Triveni Ghat	Homestays			1819
kamay-the-indira-nikunj	Kamay the Indira Nikunj	rishikesh	Muni Ki Reti	Other stays			
hotel-rishikesh-102	Kandari Homestay	rishikesh	Tapovan	Hotels			
kedar-valley-resorts	Kedar Valley Resorts	rishikesh	Outside Rishikesh	Resorts			3447
hotel-rishikesh-130	Krishna Paying Guest House	rishikesh	Laxman Jhula	Hotels			383
kwik-stay-tapovan	Kwik Stay Tapovan	rishikesh	Tapovan	Other stays			
hostel-landlopers	Landlopers Hostel	rishikesh	Tapovan	Hostels			1723
hotel-rishikesh-147	Le Sejour Ganga View Cottage	rishikesh	Tapovan	Hotels			
hostel-live-free-2-0	Live Free Hostel 2.0	rishikesh	Tapovan	Hostels			3925
villa-luxury-4-bedrooms-indepandent	Luxury 4 Bedroom's Indepandent Villa	rishikesh	Ram Jhula	Villas			39828
luxury-home-vacationer-2bhk-3double-beds-luxury-flats	Luxury Home Vacationer 2BHK 3Double Beds Luxury Flats #Goodvibes Tapovan	rishikesh	Tapovan	Apartments			3925
house-maa-vaibhav-laxmi-yellow	Maa Vaibhav Laxmi Yellow Guest House	rishikesh	Tapovan	Guest houses			1723
bnb-madhuban-ashram	Madhuban Ashram Bed & Breakfast	rishikesh	Muni Ki Reti	B&Bs			2393
hotel-rishikesh-20	Mj River Resort	rishikesh	Elsewhere in Rishikesh	Hotels			3159
moonlight-camps-by-wb-inn	Moonlight Camps by Wb Inn	rishikesh	Muni Ki Reti	Camps & tents			5170
house-moonlight	Moonlight Guest House	rishikesh	Shivpuri & rafting belt	Guest houses			4021
mountain-view-terrace-room	Mountain View Terrace Room Upper Tapovan	rishikesh	Tapovan	Other stays			2011
navira-hills-glamping-dome-in	Navira Hills – Glamping Dome in Rishikesh Hotel	rishikesh	Elsewhere in Rishikesh	Hotels			11584
neer-ganga-and-restaurant	Neer Ganga Hotel and Restaurant	rishikesh	Tapovan	Hotels			2011
resort-nishant-garden	Nishant Garden Resort	rishikesh	Tapovan	Guest houses			1053
om-mukunda-by-wb-inn	Om Mukunda by Wb Inn	rishikesh	Swarg Ashram	Hotels			11489
hostel-orchid	Orchid Hostel	rishikesh	Tapovan	Hostels			1340
hostel-orchid-and-rishikesh	Orchid Hotel and Hostel	rishikesh	Tapovan	Hostels			
resort-peacock-valley	Peacock Valley Resort	rishikesh	Shivpuri & rafting belt	Resorts			2968
pennylane-aesthetic-mountain-view-rooms-with	Pennylane Hotel – Aesthetic Mountain View Rooms with Tropical Garden, Netflix, Pottery Studio, Free Airport Pickup for 7 Or More Nights Stay, 2 Minute Walk to Ganga River in Tapovan	rishikesh	Tapovan	Apartments			2106
play-v3	Play Hotel V3	rishikesh	Tapovan	Hotels			
resort-pride-luxury-by-hospitality-essantials	Pride Inn Luxury Resort by Hospitality Essantials	rishikesh	Neelkanth Road	Resorts			
prithvi-rishikesh	Prithvi Hotel Rishikesh – Aesthetic Rooms in Upper Tapovan with Aircon, Smart TV and Free Airport Pickup for 7 Or More Nights Booking	rishikesh	Tapovan	Apartments			2106
prithvi-aesthetic-rooms-with-ac-good-light-free	Prithvi Hotel Rishikesh – Aesthetic Rooms with AC, Good Light, Free Airport Pickup for Min 7 Days Booking Upper Tapovan	rishikesh	Tapovan	Homestays			2968
prithvi-aesthetic-rooms-with-netflix-in-upper-tapovan	Prithvi Hotel – Aesthetic Rooms with Netflix in Upper Tapovan	rishikesh	Tapovan	Apartments			2202
raahi-the-travellers-nest	Raahi the Travellers Nest Hotel	rishikesh	Tapovan	Hostels			862
resort-raj-rishikesh	Raj Resort	rishikesh	Tapovan	Hotels			
house-rajasthan	Rajasthan Guest House	rishikesh	Laxman Jhula	Guest houses			
ramaya-stay	Ramaya Stay	rishikesh	Haridwar Road	Apartments			16276
apt-rasa-the-ganges-rishikesh-ganga-bhumi	Rasa – The Ganges Rishikesh, Ganga Bhumi Apartment	rishikesh	Nirmal Bagh near Ganges	Apartments			4213
resort-rattapani	Rattapani Resort	rishikesh	Elsewhere in Rishikesh	Resorts			11967
holiday-home	Rishikesh Holiday Home	rishikesh	Tapovan	Other stays			5361
by-petals-inn	Rishikesh Inn by Petals	rishikesh	Tapovan	Hotels			
luxury-property	Rishikesh Luxury Property	rishikesh	Ram Jhula	Other stays			
bnb-rest	Rishikesh Rest Bed & Breakfast	rishikesh	Dehradun Road	B&Bs			4021
sadan-a-yoga-and-spritual-retreat	Rishikesh Sadan A Yoga and Spritual Retreat Hotel	rishikesh	Laxman Jhula	Hotels			
shiv-dham-homestay	Rishikesh Shiv Dham Homestay	rishikesh	Elsewhere in Rishikesh	Homestays			1149
villa-rustic-charm	Rustic Charm Villa	rishikesh	Haridwar Road	Villas			23073
sailani-lostels	Sailani Lostels	rishikesh	Tapovan	Hostels			7180
samadhi-ashram	Samadhi Ashram Hotel	rishikesh	Laxman Jhula	Ashrams			
samani-homestay	Samani Homestay	rishikesh	Tapovan	Homestays			2298
hotel-rishikesh-275	Sangha Nova Hotel	rishikesh	Tapovan	Hotels			213116
second-life-resorts	Second Life Resorts	rishikesh	Elsewhere in Rishikesh	Resorts			
secret-stay	Secret Stay	rishikesh	Tapovan	Other stays			1245
hostel-shanti-aesthetic-room-with-netflix-ac-in-upper-tapovan	Shanti Hostel – Aesthetic Room with Netflix, & AC in Upper Tapovan	rishikesh	Tapovan	Hostels			
shaurya-rishikesh-inn	Shaurya Inn	rishikesh	Tapovan	Hotels			1915
hotel-rishikesh-8	Shiv Resort	rishikesh	Laxman Jhula	Hostels			1340
shivanjal-stay	Shivanjal Stay	rishikesh	Tapovan	B&Bs			2968
shivaya-bikers-cafe	Shivaya Bikers Cafe Hotel	rishikesh	Neelkanth Road	Hotels			8808
shree-ji-homestay	Shree Ji Homestay	rishikesh	Muni Ki Reti	Homestays			1340
apt-soul-haven	Soul Haven Apartment	rishikesh	Tapovan	Apartments			2298
sparkle-nanda	Sparkle Hotel Nanda	rishikesh	Nepali Farm	Hotels			
sri-yoga-ashram	Sri Yoga Ashram Hotel	rishikesh	Laxman Jhula	Ashrams			1053
resort-stay-sukoon-best-in	Stay Sukoon Best Resort in Rishikesh	rishikesh	Elsewhere in Rishikesh	Resorts			2489
gangas-jewel-breakfast-included-at-by-stayvista	Stayvista's Ganga's Jewel – 4BHK Villa with Bonfire & BBQ	rishikesh	Muni Ki Reti	Villas			44040
resort-sunrise-rishikesh	Sunrise Resort	rishikesh	Shivpuri & rafting belt	B&Bs			5170
super-oyo-capital-o-yogasthali-and-spa	Super OYO Capital O Yogasthali Inn Hotel and Spa	rishikesh	Tapovan	Hotels			
tapasya-home-stay-rishikesh	Tapasya Home Stay	rishikesh	Laxman Jhula	Homestays			670
tapovan-inn	Tapovan Inn	rishikesh	Tapovan	B&Bs			2011
resort-tapovan-rishikesh	Tapovan Resort	rishikesh	Tapovan	Resorts			1149
tapovan-luxury-blessing-stay	Tapovan Rishikesh Luxury Blessing Stay	rishikesh	Tapovan	Apartments			5744
tarang-yoga-ashram	Tarang Yoga Ashram Hotel	rishikesh	Veerbhadra Temple	Ashrams			2489
hostel-tatsat	Tatsat Hostel	rishikesh	Tapovan	Hostels			3064
villa-the-ayali	The Ayali Villa	rishikesh	Ram Jhula	Holiday rentals			3351
the-for-you-restaurant	The for You Hotel & Restaurant	rishikesh	Tapovan	Cottages			1628
resort-the-forest-view	The Forest View Resort	rishikesh	Dehradun Road	Resorts			3542
the-hikari-stays	The Hikari Stays	rishikesh	AIIMS Rishikesh	Apartments			4883
the-himalayan	The Himalayan Inn Hotel	rishikesh	Tapovan	Hotels			1819
hostel-the	The Hostel	rishikesh	Tapovan	Hostels			479
the-hosteller-rishikesh-tapovan	The Hosteller Rishikesh, Tapovan	rishikesh	Tapovan	Hostels			4308
resort-the-lily-rishikesh	The Lily Resort	rishikesh	Tapovan	Resorts			
hotel-rishikesh-298	The Olivia Luxury – Stay Step Away from Laxman Jhula	rishikesh	Tapovan	Apartments			4213
bnb-the-see-some	The See Some Bed & Breakfast	rishikesh	Tapovan	B&Bs			2393
the-wraveler-tapovan-rooms-and-dorms	The Wraveler Tapovan Rooms and Dorms	rishikesh	Tapovan	Hostels			3064
the-yachis	The Yachis Rishikesh Hotel	rishikesh	Tapovan	Hotels			1340
house-tourist	Tourist Guest House	rishikesh	Muni Ki Reti	Guest houses			2489
tribe-aqua-a-nature-retreat-above-neer-waterfall	Tribe Aqua A Nature Retreat Above Neer Waterfall Hotel	rishikesh	Elsewhere in Rishikesh	Camps & tents			1915
trishakti	Trishakti Hotel	rishikesh	Tapovan	Hotels			1723
house-triveni-249192	Triveni Guest House	rishikesh	Tapovan	Guest houses			1915
hostel-unplan-by-tatsat	Unplan by Tatsat Hostel	rishikesh	Tapovan	Hostels			2489
hostel-unplan	Unplan Hostel	rishikesh	Tapovan	Apartments			3255
v-resorts-green-ganga-camp	V Resorts Green Ganga Camp	rishikesh	Shivpuri & rafting belt	Camps & tents			7946
hostel-vedartha-trails	Vedartha Trails Hostel	rishikesh	Tapovan	Hostels			1915
weekends-forever-rishikesh-max-laxman-jhula	Weekends Forever Rishikesh, Max Laxman Jhula Tapovan	rishikesh	Tapovan	Hostels			1340
hotel-rishikesh-45	Yamkeshwar Mahadev Resort	rishikesh	Elsewhere in Rishikesh	Hotels			
yash-raj-stays	Yash Raj Stays	rishikesh	Dehradun Road	Other stays			2681
anand-niketan-by-bonjour-on-the-ganges	Anand Niketan by Bonjour – On the Ganges Hotel	haridwar	Upper Road & Mayapur	Hotels			
hostel-annapurna-niwas	Annapurna Niwas Hostel	haridwar	Elsewhere in Haridwar	Hostels			1438
asha-heritage-by-pandit-ji-stay	Asha Heritage by Pandit Ji Stay	haridwar	Rishikesh Road & Motichur	Other stays			
baba-sitaram-ashram	Baba Sitaram Ashram Hotel	haridwar	Bhupatwala	Ashrams			1918
brij-lodge	Brij Lodge	haridwar	Har Ki Pauri	Lodges			5274
collection-o-trimurti	Collection O Trimurti	haridwar	Kharkhari	Other stays			
dev	Dev Hotel	haridwar	Railway Station	Hotels			
divine-ganga	Divine Ganga Hotel	haridwar	Upper Road & Mayapur	Hotels			2301
neelkanth-stay	Fabhotel Mahadev Palace	haridwar	Rishikesh Road & Motichur	Guest houses			3260
navgrah-palace	Fabhotel Nakshatra Palace	haridwar	Shantikunj & Saptrishi	Guest houses			3836
fabhotel-shree-vilas	Fabhotel Shree Vilas	haridwar	Bhupatwala	Other stays			1151
goroomgo-ganga-amrit	Goroomgo Ganga Amrit near Ganga River	haridwar	Jwalapur	Other stays			
goroomgo-heaven	Goroomgo Hotel Heaven	haridwar	Jwalapur	Hotels			
goroomgo-riddhi-siddhi	Goroomgo Riddhi Siddhi	haridwar	Railway Station	Other stays			
gyan-ganga	Gyan Ganga Hotel	haridwar	Railway Station	Hotels			
budget-g-a-n-g-a-a-m-r-i-t-near-park-and-railway	Haridwar Budget Hotel – G-A-N-G-A – A M R I T – Near Park and Railway Station – Full Air Conditioning and Free Wi-Fi – Parking – Hygiene & Spacious Room – Best Budget Hotel in Haridwar	haridwar	Railway Station	Hotels			
bnb-healing-house	Healing House Haridwar Bed & Breakfast	haridwar	Kankhal	B&Bs			1151
hog-house-of-gypsy-haridwar	Hog – House of Gypsy, Haridwar Hotel	haridwar	Bhupatwala	Hotels			1822
aarna	Hotel Aarna	haridwar	Rishikesh Road & Motichur	Hotels			
aashiyana-and-banquet-hall	Hotel Aashiyana and Banquet Hall	haridwar	Elsewhere in Haridwar	Hotels			
adhiraja-palace-haridwar	Hotel Adhiraja Palace	haridwar	Railway Station	Hotels			
anand	Hotel Anand	haridwar	Upper Road & Mayapur	Hotels			1630
ashok-haridwar	Hotel Ashok	haridwar	Railway Station	Hotels			5562
best-stay-near-by-bus-and-railway-station	Hotel Best Stay near by Bus and Railway Station	haridwar	Railway Station	Apartments			863
divine-ganga-bhupatwala	Hotel Divine Ganga, Bhupatwala	haridwar	Bhupatwala	Hotels			
ganga-sports	Hotel Ganga Sports	haridwar	Bhupatwala	Hotels			2110
gyan-haridwar	Hotel Gyan	haridwar	Har Ki Pauri	Hotels			
hari-dhara-100-meters-from-har-ki-pauri	Hotel Hari Dhara, 100 Meters from Har – Ki-Pauri	haridwar	Har Ki Pauri	Hotels			
krishna-food-junction	Hotel Krishna Food Junction	haridwar	Shantikunj & Saptrishi	Hotels			
lg-residency-haridwar	Hotel Lg Residency	haridwar	Jwalapur	Hotels			
hotel-haridwar-247663	Hotel Madhuban	haridwar	Ranipur & BHEL	Hotels			
murli-niwas	Hotel Murli Niwas	haridwar	Railway Station	Hotels			1343
hotel-haridwar-133	Hotel O by OYO Ganesh Yatri Niwas	haridwar	Railway Station	Hotels			
hotel-haridwar-137	Hotel O by OYO Oasis	haridwar	Bhupatwala	Hotels			
o-excel-home-stay	Hotel O Excel Home Stay	haridwar	Ranipur & BHEL	Homestays			1726
o-galaxy	Hotel O Galaxy Inn	haridwar	Ranipur & BHEL	Hotels			
o-mangal-in	Hotel O Mangal in Haridwar	haridwar	Upper Road & Mayapur	Hotels			
hotel-kankhal-7	Hotel O Shauryam	haridwar	Har Ki Pauri	Hotels			
rose	Hotel Rose Inn	haridwar	Bhupatwala	Hotels			
royal-galaxy-249411	Hotel Royal Galaxy	haridwar	Shantikunj & Saptrishi	Hotels			
hotel-haridwar-31	Hotel Shivmurti Grand	haridwar	Ranipur & BHEL	Hotels			
shiwalik	Hotel Shiwalik	haridwar	Railway Station	Hotels			
ssk-periwal	Hotel Ssk Periwal	haridwar	Bhupatwala	Hotels			3260
tara-bliss	Hotel Tara Bliss	haridwar	Rishikesh Road & Motichur	Hotels			
the-urmi-haridwar	Hotel the Urmi	haridwar	Bhupatwala	Hotels			
tushar	Hotel Tushar	haridwar	Bhupatwala	Hotels			
vasundhara	Hotel Vasundhara	haridwar	Har Ki Pauri	Hotels			1726
vishwanath	Hotel Vishwanath	haridwar	Upper Road & Mayapur	Guest houses			4219
w-h-premium-a-family-hotel-near-mansa-mata-temple	Hotel W-H Premium A Family Hotel & Near Mansa Mata Temple& Railway Station Fully Air Conditioned Rooms with WiFi – Lift and Restaurant – A Premium Hotel	haridwar	Railway Station	Hotels			3356
yatri-niwas	Hotel Yatri Niwas	haridwar	Har Ki Pauri	Dharamshalas			
hr-rama-palace	Hr Rama Palace	haridwar	Rishikesh Road & Motichur	Hotels			
lakshyas	Lakshya's Hotel	haridwar	Jwalapur	Hotels			
mango-hotels	Mango Hotels	haridwar	Rishikesh Road & Motichur	Hotels			
hotel-haridwar-249410	Matrineer Residency	haridwar	Bhupatwala	Hotels			1438
apt-narayani-ashray	Narayani Ashray Aparthotel	haridwar	Kankhal	Aparthotels			2493
oyo-13333-orchid	OYO 13333 Hotel Orchid Inn	haridwar	Upper Road & Mayapur	Hotels			
oyo-17185-satyam-swagat	OYO 17185 Hotel Satyam Swagat	haridwar	Jwalapur	Hotels			
oyo-49582-jhanvi-yoga-dham	OYO 49582 Jhanvi Yoga Dham	haridwar	Elsewhere in Haridwar	Other stays			
house-oyo-71154-girnar	OYO 71154 Girnar Guest House	haridwar	Railway Station	Guest houses			
oyo-71304-shiv-murti-classic	OYO 71304 Hotel Shiv Murti Classic	haridwar	Upper Road & Mayapur	Hotels			
oyo-72441-dwarika-puri-dham	OYO 72441 Hotel Dwarika Puri Dham	haridwar	Har Ki Pauri	Hotels			
oyo-84563-bhatia	OYO 84563 Hotel Bhatia Inn	haridwar	Upper Road & Mayapur	Hotels			
oyo-flagship-gateway-ganga	OYO Flagship Hotel Gateway Ganga	haridwar	Ranipur & BHEL	Hotels			
perfectstayz-homes-i-luxury-penthouse	Perfectstayz Homes I Luxury Penthouse	haridwar	Elsewhere in Haridwar	Apartments			7959
premium-h-e-a-v-e-n-p-a-l-a-c-e-near-temple-and	Premium Haridwar Hotel H-E-A-V-E-N – P-A-L-A-C-E Near Temple and Railway Station – Parking – Free Wi-Fi – With Lift – Hygiene & Spacious Room – Best Hotel in Haridwar	haridwar	Railway Station	Hotels			
raj-haridwar	Raj Hotel	haridwar	Railway Station	Hotels			2589
bnb-rajendra-bhawan-haridwar	Rajendra Bhawan Bed & Breakfast	haridwar	Jwalapur	B&Bs			4987
bnb-rajendra-bhawan-haridwar-249407	Rajendra Bhawan. Bed & Breakfast	haridwar	Elsewhere in Haridwar	B&Bs			4219
hotel-haridwar-36	Ramagya Hotel	haridwar	Shantikunj & Saptrishi	Hotels			
resort-sagar-ganga	Sagar Ganga Resort	haridwar	Upper Road & Mayapur	Resorts			
sai-veda-wellness-by-atya-hotels	Sai Veda Wellness by Atya Hotels	haridwar	Elsewhere in Haridwar	Hotels			
villa-saraswati	Saraswati Villa	haridwar	Kankhal	Homestays			1247
shiv-shakti-home-stay-haridwar	Shiv Shakti Home Stay	haridwar	Elsewhere in Haridwar	Homestays			1534
la-meridian-near-harkepauri-road	Sitara Premium La Meridian	haridwar	Har Ki Pauri	Apartments			4507
house-spot-on-38315-bhagirathi	Spot on 38315 Bhagirathi Guest House	haridwar	Kankhal	Guest houses			
villa-sri-chetan-jyoti-ashram	Sri Chetan Jyoti Ashram Villa	haridwar	Bhupatwala	Lodges			1343
sukhdham-yatri-bhavan	Sukhdham Yatri Bhavan	haridwar	Upper Road & Mayapur	Other stays			
sunshine-mandakini	Sunshine Mandakini Hotel	haridwar	Upper Road & Mayapur	Hotels			
hotel-haridwar-144	The Divine Ganga – Preferred Choice for Families with Cozy Rooms	haridwar	Bhupatwala	Hotels			
treebo-vibhav-marriott	Treebo Vibhav Marriott Hotel	haridwar	Jwalapur	Hotels			
hotel-haridwar-49	Vansara Sidcul	haridwar	Ranipur & BHEL	Hotels			
adventuria-an	Adventuria An Hotel	rishikesh	Shivpuri & rafting belt	Hotels			
guru-residency-rishikesh	Guru Residency Hotel	rishikesh	Tapovan	Hotels			
himalaya-stay-rishikesh	Himalaya Stay	rishikesh	Laxman Jhula	Other stays			
dev-palace-road-tapovan-rishikesh	Hotel Dev Palace, Badrinath Road, Tapovan	rishikesh	Tapovan	Hotels			
hotel-rishikesh-285	Hotel Dev Raj	rishikesh	Laxman Jhula	Hotels			
hotel-rishikesh-59	Hotel Gayatri Kunj	rishikesh	Ram Jhula	Hotels			
rk-residency	Hotel Rk Residency	rishikesh	Tapovan	Hotels			
shivaay-aiims	Hotel Shivaay AIIMS	rishikesh	AIIMS Rishikesh	Hotels			
om-shaku-ganga-palace	Om Shaku Ganga Palace	rishikesh	Elsewhere in Rishikesh	Hotels			
paradise-palm-rishikesh	Paradise Palm Hotel	rishikesh	Tapovan	Hotels			
prithvi-aesthetic-rooms-with-netflix-ac-room	Prithvi Hotel – Aesthetic Rooms with Netflix, AC, Room Heater in Upper Tapovan	rishikesh	Tapovan	Hotels			
house-sharma	Sharma Guest House	rishikesh	Tapovan	Guest houses			
the-lodge-gayatri-kunj	The Lodge Gayatri Kunj	rishikesh	Swarg Ashram	Lodges			
hotel-haridwar-29	Anand Ustav	haridwar	Elsewhere in Haridwar	Hotels			
chitra-heritage-near-railway-station	Chitra Heritage near Railway Station	haridwar	Railway Station	Other stays			
devnadi-haridwar	Devnadi Hotel	haridwar	Railway Station	Hotels			
hotel-haridwar-53	Hill View Hotel	haridwar	Bhupatwala	Hotels			
bhagirathi-palace	Hotel Bhagirathi Palace	haridwar	Shantikunj & Saptrishi	Hotels			
darshini	Hotel Darshini Inn	haridwar	Rishikesh Road & Motichur	Hotels			
ganga-dhara	Hotel Ganga Dhara	haridwar	Upper Road & Mayapur	Hotels			
hotel-alpine	Hotel Hotel Alpine	haridwar	Upper Road & Mayapur	Hotels			
pallavi-niwas	Hotel Pallavi Niwas	haridwar	Upper Road & Mayapur	Hotels			
hotel-haridwar-7	Hotel Regent Vivek	haridwar	Bhupatwala	Hotels			
shaurya-haridwar	Hotel Shaurya	haridwar	Ranipur & BHEL	Hotels			
royal-galaxy-haridwar	Royal Galaxy Hotel	haridwar	Shantikunj & Saptrishi	Hotels			
rudraksh-inn	Rudraksh Inn	haridwar	Bhupatwala	Hotels			
spot-on-74956-dev-ganga-homestay	Spot on 74956 Dev Ganga Homestay	haridwar	Rishikesh Road & Motichur	Homestays			
zox-haridwar	Zox Haridwar Hotel	haridwar	SIDCUL	Hotels			
apt-2bhk-with-serene-ganga-view-a-familys-choice	2BHK Apartment with Serene Ganga View – A Family's Choice	rishikesh	Dehradun Road	Apartments			
2bhk-flat-peaceful-stay	2BHK Flat Peaceful Rishikesh Stay	rishikesh	AIIMS Rishikesh	Apartments			
la-kailasha-regency-by-da-alohas	2BHK Tapovan Retreat | Parking + Lift I Da Alohas	rishikesh	Tapovan	Apartments			
abhayam-ashram	Abhayam Ashram Hotel	rishikesh	Haridwar Road	Ashrams			
abhinandan-home-stay	Abhinandan Home Stay	rishikesh	Elsewhere in Rishikesh	Homestays			
adhiroha	Adhiroha Hotel	rishikesh	Tapovan	Hostels			
villa-aloha-1-bhk-with-infinity-pool	Aloha 1 & 2BHK With Infinity Pool Villa	rishikesh	Tapovan	Holiday rentals			
aloha-ganges-apartments-jamb	Aloha Ganges Apartments	rishikesh	Elsewhere in Rishikesh	Apartments			
aloha-onthe-ganga-almost-heaven-2br-condo-wit-pool	Aloha on Ganga Almost Heaven Terrace 2BHK Condo Wit Pool	rishikesh	Tapovan	Apartments			
resort-ambika-rishikesh	Ambika Resort	rishikesh	Neelkanth Road	Resorts			
house-amore	Amore Guest House	rishikesh	Ram Jhula	Guest houses			
amraai-homestay-rishikesh	Amraai Homestay	rishikesh	Haridwar Road	Homestays			
apt-in-rishikesh	Apartment in Rishikesh	rishikesh	Nirmal Bagh near Ganges	Apartments			
around-stays-mystara-hotels-tapovan	Around Stays – Mystara Hotels, Tapovan	rishikesh	Tapovan	Hotels			
hotel-rishikesh-138	Around U	rishikesh	Tapovan	Hotels			
aurovie-homes-1bhk-fully-furnished-mountain-view	Aurovie Homes 1BHK Fully Furnished Mountain View	rishikesh	Tapovan	Apartments			
hotel-rishikesh-239	Baba's Rishikesh	rishikesh	Laxman Jhula	Hostels			
hostel-babas	Baba's Rishikesh Hostel	rishikesh	Laxman Jhula	Hostels			
blissful-stays-midst-nature	Blissful Stays Midst Nature	rishikesh	Tapovan	Other stays			
blissful-stays-midsts-nature	Blissful Stays Midsts Nature	rishikesh	Tapovan	B&Bs			
hostel-bonfire	Bonfire Hostel	rishikesh	Tapovan	Hostels			
hostel-camp-awara	Camp Awara Rishikesh Hostel	rishikesh	Tapovan	Hostels			
cozy-corner-at-tapovan-c4	Cozy Corner at Tapovan, C4	rishikesh	Tapovan	Apartments			
luxury-3-bhk-flat-in-near-highway-nh58	Devbhoomi Residency – In Lapse of Himalayas – On NH58 Apartment	rishikesh	Elsewhere in Rishikesh	Apartments			
devi-ghar	Devi Ghar Hotel	rishikesh	Tapovan	Hotels			
house-discipline	Discipline Guest House	rishikesh	Raiwala & Shyampur	Guest houses			
resort-divine-ganga	Divine Ganga Resort	rishikesh	Ram Jhula	Resorts			
dostel	Dostel	rishikesh	Tapovan	Hostels			
sanskriti-ashram-near-ram-jhula-janki-jhula	Dr Prakashand Ashram near Ram Jhula & Janki Jhula	rishikesh	Ram Jhula	Ashrams			
eternal-bliss-by-ganga-blessing	Eternal Bliss by Ganga Blessing Villa	rishikesh	Nirmal Bagh near Ganges	Villas			
apt-1-bhk	Fully Furnished 1BHK Apartment with Free Parking in Tapovan	rishikesh	Tapovan	Apartments			
apt-1-bhk-rishikesh	Furnished 1BHK Apartment with Pvt Parking	rishikesh	Tapovan	Apartments			
apt-ganga-vatika-by-luho-leisure	Ganga Vatika by Luho Leisure Apartment	rishikesh	Haridwar Road	Apartments			
resort-green-ganga	Green Ganga Resort	rishikesh	Shivpuri & rafting belt	Resorts			
hotel-rishikesh-111	Guru Residency	rishikesh	Tapovan	Hotels			
happy-place	Happy Place	rishikesh	Veerbhadra Temple	Apartments			
happy-shiva-homestay	Happy Shiva Homestay	rishikesh	Tapovan	Homestays			
hotel-rishikesh-44	Himalayan Babaji Retreats	rishikesh	Tapovan	Hotels			
hotel-rishikesh-108	Hippies' Dream	rishikesh	Laxman Jhula	Aparthotels			
hostel-cozy-bunks	Hostel Cozy Bunks	rishikesh	Tapovan	Hostels			
hostel-ganga-rishikesh	Hostel Ganga	rishikesh	Tapovan	Hostels			
hotel-rishikesh-127	Hotel by the Ganges Inn	rishikesh	Laxman Jhula	B&Bs			
hotel-rishikesh-49	Hotel Deep Ganga	rishikesh	Tapovan	Hotels			
durga-palace	Hotel Durga Palace	rishikesh	Tapovan	Hotels			
hotel-rishikesh-246281	Hotel Golden Leaf	rishikesh	Laxman Jhula	Hotels			
goyal	Hotel Goyal	rishikesh	Ram Jhula	Hotels			
grace-ganga-rishikesh	Hotel Grace Ganga	rishikesh	Laxman Jhula	Hotels			
gyanish-residency	Hotel Gyanish Residency	rishikesh	Tapovan	Hotels			
hotel-rishikesh-68	Hotel Satya Palace	rishikesh	Tapovan	Hostels			
hotel-rishikesh-131	Hotel Stay Inn by Stayapart	rishikesh	Tapovan	Hotels			
surya-laxman-jhula	Hotel Surya Laxman Jhula	rishikesh	Laxman Jhula	Hotels			
hotel-rishikesh-119	Hotel Tapovan Retreat	rishikesh	Tapovan	Hotels			
house-of-luxury	House of Luxury Apartment	rishikesh	Ganga Barrage	Apartments			
house-of-tapovan-2	House of Tapovan 2	rishikesh	Tapovan	Other stays			
independent-smart-homestay	Independent Smart Homestay	rishikesh	Veerbhadra Temple	Homestays			
j-m-n-homestay-by-wb-inn	J M N Homestay by Wb Inn	rishikesh	Muni Ki Reti	Homestays			
kaushik-bhawan	Kaushik Bhawan Hotel	rishikesh	AIIMS Rishikesh	Hotels			
hostel-kir	Kir Hostel	rishikesh	Elsewhere in Rishikesh	Hostels			
koteshwaram-homes	Koteshwaram by Ashkothomes	rishikesh	Elsewhere in Rishikesh	Apartments			
house-last-chance-cafe-and	Last Chance Cafe and Guest House	rishikesh	Swarg Ashram	Guest houses			
luxury-premium-fully-furnished-studio-for-rent	Luxury Premium Fully Furnished Studio for Rent	rishikesh	Nirmal Bagh near Ganges	Apartments			
maltis-nest-spacious-2bhk-by-tnt-ventures	Malti's Nest Spacious 2BHK By Tnt Ventures	rishikesh	Haridwar Road	Other stays			
hotel-rishikesh-124	Mountain Inn	rishikesh	Tapovan	Hotels			
hotel-rishikesh-149	Muse	rishikesh	Tapovan	Hostels			
namoh-gange	Namoh Gange Apartment	rishikesh	Veerbhadra Temple	Apartments			
resort-natures-valley-rishikesh	Nature's Valley Resort	rishikesh	Tapovan	Resorts			
hotel-rishikesh-184	Ngs Homes	rishikesh	Tapovan	Hotels			
om-blessed-cottage	Om Blessed Cottage	rishikesh	Tapovan	Cottages			
oyo-9094-the-shivaay	OYO 9094 The Shivaay Hotel	rishikesh	Tapovan	Hotels			
villa-panchakarma-retreat-earth-roots-ayurveda	Panchakarma Retreat – Earth Roots Ayurveda Villa	rishikesh	Tapovan	Holiday rentals			
prithvi-aesthetic-quite-rooms-with-smart-tv-ac	Prithvi Hotel Rishikesh – Aesthetic Quite Rooms with Smart TV, AC, WiFi and Free Airport Pickup for 7 Plus Night Stays in Upper Tapovan	rishikesh	Tapovan	Apartments			
ragi-palace	Ragi Palace Hotel	rishikesh	Laxman Jhula	Hotels			
raj-niketan-homestay-rishikesh	Raj Niketan Homestay	rishikesh	Tapovan	Homestays			
hotel-rishikesh-66	Rajajidowntown Homestays	rishikesh	Tapovan	Lodges			
apt-rasa-penthouse-rishikesh	Rasa Penthouse, Rishikesh Elevated Luxury Stay with Scenic Views	rishikesh	Ram Jhula	Apartments			
adiyogi	Rishikesh Adiyogi Hotel	rishikesh	Tapovan	Hotels			
aura-inn	Rishikesh Aura Inn	rishikesh	Tapovan	Hotels			
nirmal-ganga-residency	Rishikesh Home Ganga View	rishikesh	Nirmal Bagh near Ganges	Villas			
home-stay-3	Rishikesh Home Stay	rishikesh	Tapovan	Homestays			
rudra-yog-peeth-yoga-ashram	Rudra Yog Peeth, Yoga Ashram Hotel	rishikesh	Tapovan	Ashrams			
sacred-roots-rishikesh	Sacred Roots Rishikesh Apartment	rishikesh	AIIMS Rishikesh	Apartments			
hotel-rishikesh-128	Satya Guest House	rishikesh	Tapovan	Hotels			
satya-sadan	Satya Sadan Apartment	rishikesh	Muni Ki Reti	Apartments			
hostel-shanti	Shanti Hostel	rishikesh	Tapovan	Apartments			
hostel-shanti-and-garden-cafe	Shanti Hostel and Garden Cafe	rishikesh	Tapovan	Hostels			
hotel-rishikesh-29	Shanti Sangha Hostel	rishikesh	Elsewhere in Rishikesh	Hostels			
shiv-ganga-homestay	Shiv Ganga Homestay	rishikesh	Elsewhere in Rishikesh	Homestays			
shivaya	Shivaya Hotel	rishikesh	Tapovan	Hotels			
shourya-home-stay-rishikesh	Shourya Home Stay	rishikesh	Tapovan	Homestays			
shri-hari-apartments	Shri Hari Apartments	rishikesh	Elsewhere in Rishikesh	Apartments			
hotel-rishikesh-37	Shri Tridev Hotel and Restaurants	rishikesh	Nepali Farm	Hotels			
siya-aarogyam-rishikesh	Siya Aarogyam Hotel	rishikesh	Muni Ki Reti	Hotels			
snow-tiger-resorts	Snow Tiger Resorts	rishikesh	Elsewhere in Rishikesh	Resorts			
soul-forest	Soul Forest	rishikesh	Elsewhere in Rishikesh	Other stays			
hotel-rishikesh-288	Stat in Rishikesh Apartment	rishikesh	Tapovan	Apartments			
stay-blessed-2-bhk-hill-view-upper-tapovan-quiet-and-serene	Stay Blessed 2BHK Hill View Upper Tapovan Quiet and Serene	rishikesh	Tapovan	Apartments			
apt-sumyati-tranquil-luxury-1bhk-with-ganga-view	Sumyati Tranquil & Luxury 1BHK With Ganga View Apartment	rishikesh	Nirmal Bagh near Ganges	Apartments			
resort-swiss-kanatal	Swiss Resort Kanatal	rishikesh	Outside Rishikesh	Resorts			
taposthalam-sacred-retreat-in	Taposthalam Sacred Retreat Hotel in Rishikesh	rishikesh	Tapovan	Hotels			
hotel-rishikesh-162	Tapovan Guest House	rishikesh	Tapovan	Hotels			
tapovan-stay-c-one	Tapovan Stay C One	rishikesh	Tapovan	Apartments			
tapovan-stay-near-ganga-cafes-by-jabula-getaways	Tapovan Stay near Ganga & Cafes by Jabula Getaways	rishikesh	Tapovan	Apartments			
hotel-rishikesh-143	Tfl Jungle Camping	rishikesh	Tapovan	Hotels			
the-alchemist-house	The Alchemist House Hotel	rishikesh	Neelkanth Road	Hotels			
hotel-rishikesh-260	The Divine Garden Hotel	rishikesh	Tapovan	Hotels			
tapovan-residency-1	The Divine Stay in Rishikesh	rishikesh	Tapovan	Apartments			
the-estuary-tapovan-2-bhk-apt	The Estuary Tapovan 2BHK Apt	rishikesh	Tapovan	Apartments			
the-himalayan-rishikesh-inn	The Himalayan Inn	rishikesh	Tapovan	Aparthotels			
hotel-rishikesh-96	The Himalayan Inn Inn	rishikesh	Tapovan	Hotels			
flat-full-furnished	The Homez Haven	rishikesh	Nirmal Bagh near Ganges	Apartments			
the-house	The House Hotel	rishikesh	Tapovan	Hotels			
villa-the-mountain-house-4-bhk-with-pool	The Mountain House 4BHK Villa with Pool	rishikesh	Nirmal Bagh near Ganges	Villas			
the-new-krishna-cottage	The New Krishna Cottage	rishikesh	Swarg Ashram	Cottages			
the-olivia	The Olivia Rishikesh Apartment	rishikesh	Tapovan	Apartments			
apt-the-regaliaas-luxury-2-bedroom-in-tapovan	The Regaliaas Luxury 2 Bedroom Apartment in Tapovan	rishikesh	Tapovan	Apartments			
the-vinayak-by-le-pension-stays	The Vinayak by Le Pension Stays	rishikesh	Tapovan	Other stays			
resort-the-waterfront	The Waterfront Resort	rishikesh	Shivpuri & rafting belt	Resorts			
hostel-the-worst-by-z	The Worst Hostel by Z	rishikesh	Tapovan	Hostels			
treepie-resorts	Treepie Resorts	rishikesh	Neelkanth Road	Resorts			
hotel-rishikesh-129	Triveni Cottage	rishikesh	Triveni Ghat	Hotels			
house-uttaranchal	Uttaranchal Guest House	rishikesh	Laxman Jhula	Guest houses			
house-vedanshi-tapovan	Vedanshi Guest House Tapovan	rishikesh	Tapovan	Guest houses			
vimal-ganga-rishikesh-249192	Vimal Ganga Hotel	rishikesh	Tapovan	Hotels			
vishnu-yoga-shala	Vishnu Yoga Shala Hotel	rishikesh	Laxman Jhula	Hotels			
yog-madhyama	Yog Madhyama Hotel	rishikesh	Tapovan	Hotels			
villa-yoga	Yoga Villa	rishikesh	Swarg Ashram	Villas			
yogshala-retreats	Yogshala Rishikesh Retreats Hotel	rishikesh	Haridwar Road	Hotels			
hotel-haridwar-140	Aaranya Retreat by Agrawal's Apartment	haridwar	Kankhal	Homestays			
aggarwal-bhawan-haridwar	Aggarwal Bhawan Hotel	haridwar	Rishikesh Road & Motichur	Hotels			
house-amrita	Amrita Guest House	haridwar	Rishikesh Road & Motichur	Guest houses			
chotiwala-restaurant	Chotiwala Hotel & Restaurant	haridwar	Bhupatwala	Hotels			
hotel-haridwar-249411	Dev Plaza	haridwar	Bhupatwala	Hotels			
family-raj-near-railway-station	Family Hotel – Raj near Railway Station	haridwar	Railway Station	Hotels			
villa-ganga-bliss	Ganga Bliss Villa	haridwar	Kankhal	Holiday rentals			
ganga-ram-lodge	Ganga Ram Lodge	haridwar	Railway Station	Guest houses			
ganges-abode	Ganges Abode Apartment	haridwar	Kankhal	Apartments			
house-goroomgo-harihar	Goroomgo Harihar Guest House	haridwar	Railway Station	Guest houses			
hari-ganga-haridwar	Hari Ganga Hotel	haridwar	Rishikesh Road & Motichur	Hotels			
house-hillway-1	Hillway Guest House	haridwar	Kharkhari	Lodges			
alaknanda	Hotel Alaknanda	haridwar	Upper Road & Mayapur	Hotels			
arti-darshan	Hotel Arti Darshan	haridwar	Har Ki Pauri	Hotels			
baromas-retreat-haridwar	Hotel Baromas Retreat	haridwar	Elsewhere in Haridwar	Hotels			
bhatia-by-stayapart	Hotel Bhatia Inn by Stayapart	haridwar	Upper Road & Mayapur	Guest houses			
hotel-haridwar-16	Hotel Chautivala	haridwar	Rishikesh Road & Motichur	Hotels			
hotel-haridwar-67	Hotel Classic Heritage	haridwar	Ranipur & BHEL	Hotels			
dev-plaza-by-wb	Hotel Dev Plaza by Wb Inn	haridwar	Bhupatwala	Hotels			
hotel-haridwar-27	Hotel Dua	haridwar	Railway Station	Hotels			
kanhaiya-249401	Hotel Kanhaiya Inn	haridwar	Railway Station	B&Bs			
krishna-1	Hotel Krishna	haridwar	Bhupatwala	Hotels			
hotel-haridwar-40	Hotel Laxmi Inn	haridwar	Upper Road & Mayapur	Hotels			
o-fiesta	Hotel O Fiesta	haridwar	Ranipur & BHEL	Hotels			
park-ganga	Hotel Park Ganga	haridwar	Ranipur & BHEL	Hotels			
rabana	Hotel Rabana	haridwar	Bhupatwala	Guest houses			
sharma-palace	Hotel Sharma Palace	haridwar	Bhupatwala	Hotels			
shobha-garden	Hotel Shobha Garden	haridwar	SIDCUL	Hotels			
shri-hari-ganga	Hotel Shri Hari Ganga	haridwar	Bhupatwala	Hotels			
villa-tourist	Hotel Tourist Villa	haridwar	Upper Road & Mayapur	Villas			
villa-jindals	Jindal's Villa	haridwar	Delhi Road	B&Bs			
naklank-dham	Naklank Dham Hotel	haridwar	Shantikunj & Saptrishi	Guest houses			
oyo-rooms-near-gurukul-kangri	OYO Rooms near Gurukul Kangri	haridwar	Delhi Road	Other stays			
prayag-inn	Prayag Inn	haridwar	Kharkhari	Hotels			
hotel-haridwar-88	Pushpkalyan – Sindhi Ashram	haridwar	Upper Road & Mayapur	B&Bs			
rahul-palace	Rahul Palace Hotel	haridwar	Bhupatwala	Hotels			
shri-swami-dharamdas-bhawan	Shri Swami Dharamdas Bhawan	haridwar	Ranipur & BHEL	Guest houses			
villa-namaya-retreat-luxury-pool	Stayvista at Namaya Retreat with Pool & BBQ	haridwar	Elsewhere in Haridwar	Homestays			
the-savera-house-serenity-comfort-in-the-heart-of	The Savera House – Serenity & Comfort in the Heart of Haridwar	haridwar	Kharkhari	Cottages			
hotel-haridwar-73	Umra Grace Hotel near Haridwar Railway Station	haridwar	Railway Station	Guest houses			
house-yatra	Yatra Guest House	haridwar	Kankhal	Guest houses			
sudhanshu-travells-and-hotels	द्वारकानाथ Hotel	haridwar	Railway Station	Guest houses			
