key	name	city	area	type	rating	reviews	price_from_inr
the-rama-luxury-ac-rooms-prime-location-parking	Hotel the Rama Haridwar #Luxury AC Rooms #Prime Location #Parking #Top Rated #Most Awarded #Property Of the Year	haridwar	Kankhal	Hotels	8.0	79	1630
super-o-jwalapur-near-prem-ashram	Super Hotel O Jwalapur near Prem Ashram	haridwar	Jwalapur	Ashrams	9.0	77	1343
sitara-premium-the-meridian	Sitara Premium the Meridian	haridwar	Bhupatwala	Other stays	8.9	74	3165
atrium	Hotel Atrium Inn	rishikesh	Triveni Ghat	Hotels	4.9	82	1723
pennylane-aesthetic-rooms-with-pottery-studio	Pennylane Hotel – Aesthetic Rooms with Pottery Studio, Artshala, Garden Cafe, Free Airport Pickup for 7 Or More Nights Bookings	rishikesh	Tapovan	Apartments	8.1	110	5074
ganges-blossam-a-luxury-hotel-in	Hotel Ganges Blossam, A Luxury Hotel in Haridwar	haridwar	Bhupatwala	Hotels	10.0	62	3452
hostel-soul-rishikesh	Soul Hostel	rishikesh	Tapovan	Hostels	8.2	101	383
shri-shyam-hotel-near-harkipauri	Shri Shyam Hotel, Near Harkipauri	haridwar	Har Ki Pauri	Hotels	8.3	70	1822
townhouse-near-har-ki-pauri	Collection O Hotel Ganga Palace	haridwar	Har Ki Pauri	Hotels	5.0	57	2493
amatra-by-the-ganges	Amatra by the Ganges Hotel	haridwar	Elsewhere in Haridwar	Resorts	7.8	46	5850
rama-near-ganga-ghat-haridwar	Hotel Rama, Near Ganga Ghat	haridwar	Kharkhari	Hotels	9.4	54	4315
the-pacific-managed-by-sitara-group	Hotel the Pacific – Managed by Sitara Group	haridwar	Shantikunj & Saptrishi	Hotels	9.0	50	1247
the-teerath-view-near-har-ke-pauri-road	Hotel the Terath View near Har Ke Pauri Road	haridwar	Shantikunj & Saptrishi	Hotels	9.0	48	1630
the-gange-hill	The Gange Hill Hotel	rishikesh	Tapovan	Hotels	6.8	57	4787
the-ganga-divine-a-family	The Ganga Divine – A Family Hotel	haridwar	Kharkhari	Hotels	8.0	44	1247
hostel-tebaar-backpackers	Tebaar Backpackers Hostel	rishikesh	Tapovan	Hostels	8.3	83	1723
the-reo-twist	The Reo Twist, Haridwar Hotel	haridwar	Bhupatwala	Hotels	10.0	43	2877
pacific-most-awarded-property-in	Hotel Pacific – Most Awarded Property in Haridwar	haridwar	Bhupatwala	Hotels	9.0	41	1151
royal-respite-tapovan	Royal Respite Tapovan	rishikesh	Tapovan	Hotels	7.0	50	3064
ganges-blossom	Ganges Blossom Hotel	haridwar	Rishikesh Road & Motichur	Hotels	8.3	30	5658
collection-o-ganga-sports	Collection O Ganga Sports Hotel	haridwar	Bhupatwala	Hotels	7.0	39	1726
kaanha-residency-by-shree-krishna-hospitality	Hotel Kaanha Residency Inn by Shree Krishna Hospitality	rishikesh	Tapovan	Hotels	7.3	46	1915
moksha	Hotel Moksha	rishikesh	Swarg Ashram	Hotels	6.0	46	2106
ramawati	Hotel Ramawati	haridwar	Kharkhari	Hotels	8.0	33	2781
fabhotel-yamunotri-retreat-tapovan	Fabhotel Yamunotri Retreat, Tapovan	rishikesh	Tapovan	Other stays	7.4	42	2872
bnb-the-ajna-resident-jamb	The Ajna Resident Rishikesh Bed & Breakfast	rishikesh	Tapovan	B&Bs	9.4	42	1245
aqua-vibes-tapovan	Hotel Aqua Vibes	rishikesh	Tapovan	Hotels	7.5	41	12542
ubex-home	Ubex Home	rishikesh	Tapovan	Other stays	8.4	41	3064
wooibhotels-the-divine-ganga	Wooibhotels the Divine Ganga	haridwar	Kharkhari	B&Bs	8.0	41	2685
around-stays-hotel-foothills-tapaovan	Around Stays – Comfort, Tapovan	rishikesh	Tapovan	Other stays	4.3	40	8042
parth	Hotel Parth Inn	rishikesh	Tapovan	Hotels	8.8	50	3159
treebo-ak-residency-tapovan	Treebo Ak Residency, Tapovan	rishikesh	Tapovan	Hotels	6.4	39	3159
resort-prana-wellness-by-around-stays	Prana Wellness Resort by Around Stays	rishikesh	Tapovan	Resorts	9.0	35	1340
devoy-rishikesh-inn	Devoy Inn	rishikesh	Tapovan	Hotels	4.0	14	479
ganges-valley-view-a-four-star-luxury-hotel	Ganges Valley View – A Four Star Luxury Hotel	haridwar	Rishikesh Road & Motichur	Hotels	9.0	24	2206
new-aditya	Hotel New Aditya	haridwar	Upper Road & Mayapur	Hotels	6.0	23	5946
srinivasa-homestay-by-yatrimap	Srinivasa Homestay Natraj Chowk Isbt by Yatrimap	rishikesh	Dehradun Road	Guest houses	7.1	31	862
oasis-international-2	Hotel Oasis International	haridwar	Rishikesh Road & Motichur	Hotels	4.3	21	2973
w-grand-a-boutique-hotel	Hotel W Grand – A Boutique Hotel	haridwar	Ranipur & BHEL	Hotels	6.2	31	2589
kyarki-village-homestay-cafe	Kyarki Village Homestay & Cafe	rishikesh	Elsewhere in Rishikesh	Homestays	8.9	59	2681
ganga-house-near-dev-near-krishna-hotel	Hotel Hari Ganga near by Railway and Bus Station	haridwar	Upper Road & Mayapur	Apartments	4.0	59	4124
the-divine-ganga-hot-selling-property-in	The Divine Ganga – Hot Selling Property in Haridwar	haridwar	Bhupatwala	Other stays	9.0	29	2206
oak-leaf	Oak Leaf Hotel	rishikesh	Tapovan	Hotels	8.4	17	5457
pinaka-hotels-resorts	Pinaka Hotels & Resorts	haridwar	Elsewhere in Haridwar	Resorts	8.2	6	4699
ecko-tapovan-by-the-ganges	Ecko Tapovan by the Ganges	rishikesh	Tapovan	Other stays	7.8	14	8712
shiv-palace-yoga-world-retreat	Hotel Shiv Palace Yoga World Retreat	rishikesh	Elsewhere in Rishikesh	Hotels	7.5	24	1340
crown	Hotel Crown	haridwar	Rishikesh Road & Motichur	Hotels	7.2	24	2781
ndbl	Hotel Ndbl near Hari Ki Pauri Haridwar I Hotels in Haridwar	haridwar	Har Ki Pauri	Hotels	6.3	13	3452
inde-reva-resorts-rishhikesh	Eastlynn Resort	rishikesh	Raiwala & Shyampur	Resorts	7.9	11	5266
tapovan-namaste	Tapovan Namaste	rishikesh	Tapovan	Other stays	8.0	1	3064
goroomgo-bhameshwari-near-vaishno-devi-temple	Goroomgo Bhameshwari Haridwar near Vaishno Devi Temple	haridwar	Rishikesh Road & Motichur	Other stays	7.0	21	1055
o-yog-1	Hotel O Yog 1	rishikesh	Triveni Ghat	Hotels	5.0	20	2776
townhouse-rooftop	Townhouse Hotel Rooftop	rishikesh	AIIMS Rishikesh	Hotels	7.0	9	3159
hotel-haridwar-153	Hotel Aryan Inn at Railway Station Road	haridwar	Railway Station	Hotels	7.8	18	1630
green-bird-hospitality-guru-residency	Green Bird Hospitality – Guru Residency	rishikesh	Tapovan	Hotels	4.7	47	1915
ved-tree-by-yatrimap-inn	Ved Tree Inn by Yatrimap	rishikesh	Tapovan	Hotels	6.8	17	1628
hotel-haridwar-135	Gokul Dham Hotel	haridwar	Upper Road & Mayapur	Hotels	9.7	6	2685
ag-royal-affordable-blissful-stay	Royal Park Prime A Top Awarded Property in Haridwar	haridwar	Rishikesh Road & Motichur	Other stays	7.6	6	3644
o-neu-nest	Fabhotel Neu – Nest	rishikesh	Raiwala & Shyampur	Other stays	6.4	14	1532
laxman-grand-rishikesh	Hotel Laxman Grand	rishikesh	Tapovan	Hotels	4.0	14	2968
around-stays-om-blessed-cottages-tapovan	Oslo Ganges by Around Stays, Tapovan	rishikesh	Tapovan	Other stays	8.2	14	2202
sitara-hotels-resorts-a-lavish-luxury-stay-haridwar	Sitara Hotels & Resorts – A Lavish & Luxury Stay	haridwar	Elsewhere in Haridwar	Resorts	10.0	4	2397
o-chandrabhaga	Hotel O Chandrabhaga	rishikesh	Dehradun Road	Hotels	4.0	13	2298
agk-heritage-top-rated-property-in	Shri Shyam Luxury Hotel – Top Rated Property in Haridwar	haridwar	Bhupatwala	Hotels	10.0	3	8535
lajja-palace	Lajja Palace by T and M Hotels	haridwar	Upper Road & Mayapur	Hotels	5.0	12	1247
ganga-touch-heven-house	Ganga Touch Heven House Hotel	haridwar	Upper Road & Mayapur	Hotels	10.0	1	8247
o-four-s	Hotel O Four S	haridwar	Elsewhere in Haridwar	Hotels	10.0	1	1726
shrigo	Shriji Hotel	haridwar	Railway Station	Hotels	8.0	1	2110
ganga-riverfront	Ganga Riverfront	rishikesh	Haridwar Road	Other stays	7.8	10	4213
madhuban-hills	Hotel Madhuban Hills	rishikesh	Haridwar Road	Hotels	5.7	10	1436
collection-o-railway-station-formerly-le-central	Collection O Haridwar Railway Station Formerly Le Central	haridwar	Railway Station	Other stays	4.5	10	1822
ambika-resorts-rishikesh	Ambika Resorts	rishikesh	Neelkanth Road	Resorts	5.9	9	3351
collection-o-durga-palace	Collection O Hotel Durga Palace	rishikesh	Tapovan	Hotels	6.4	9	1723
goroomgo-raj-ganga	Goroomgo Raj Ganga	haridwar	Bhupatwala	Other stays	8.0	8	1343
house-o-trimurti	Hotel O Trimurti Guest House	haridwar	Kharkhari	Guest houses	7.0	8	2301
resort-phool-chatti	Phool Chatti Riverside Resort	rishikesh	Neelkanth Road	Resorts	6.8	36	5936
rs-galaxy	Rs Galaxy near Aims Rishikesh Hotel	rishikesh	Ganga Barrage	Hotels	8.7	6	2106
motel-sattva-cafe-and	Sattva Cafe and Motel	rishikesh	Tapovan	Other stays	4.0	6	1245
o-jwalapur-near-railway-station	Super Hotel O Jwalapur near Railway Station	haridwar	Railway Station	Hotels	4.0	6	9398
accurate	Hotel Accurate	rishikesh	Dehradun Road	Hotels	7.0	5	2681
rising-hills-rishikesh	Hotel Foothill by Around Stays, Tapovan	rishikesh	Tapovan	Hotels	8.2	5	2106
riyansh-cafe	Hotel Riyansh & Cafe	rishikesh	Tapovan	Hotels	7.4	5	2681
uday-palace-1	Hotel Uday Palace	rishikesh	Tapovan	Hotels	9.6	5	2968
ganga-a-budget-stay	Ganga Hotel A Budget Stay	haridwar	Railway Station	Hotels	6.7	35	1055
ganga-rani-haridwar	Hotel Ganga Rani	haridwar	Har Ki Pauri	Hotels	7.2	5	1630
vimal-ganga	Hotel & Hostel Vimal Ganga	rishikesh	Tapovan	Hostels	7.8	34	1819
vasundhara-1	Hotel Vasundhara	haridwar	Upper Road & Mayapur	Hotels	8.5	4	1822
astraal-resorts-and-spa	Astraal Resorts and Spa	rishikesh	Elsewhere in Rishikesh	Resorts	6.3	3	5170
holy-ganga-1	Hotel Holy Ganga	rishikesh	Muni Ki Reti	Hotels	7.7	3	2106
golden-peacock	Hotel Golden Peacock	haridwar	Ranipur & BHEL	Hotels	7.7	3	3548
raj-family-stayz	Hotel Raj – Family Stayz	haridwar	Railway Station	Hotels	7.0	33	2397
behl-ashram	Behl Ashram Hotel	rishikesh	Outside Rishikesh	Ashrams	6.3	12	5936
amayaah-luxury-spa-resorts	Amayaah Luxury Spa Resorts	rishikesh	Elsewhere in Rishikesh	Resorts	10.0	1	24222
o-stay-rishikesh	Hotel O Rishikesh Stay	rishikesh	AIIMS Rishikesh	Hotels	6.0	1	1532
hotel-rishikesh-200	Hotel Shivansh Residency	rishikesh	Tapovan	Hotels	10.0	1	2681
resort-r	Hotel Rio	haridwar	Railway Station	Resorts	7.0	1	1343
park-roots-1	Shree Ji Hotel Park Roots	haridwar	Shantikunj & Saptrishi	Hotels	8.0	1	1438
nature-care-village-rajaji-national-park	Nature Care Village Farmstay – Rajaji National Park	rishikesh	Elsewhere in Rishikesh	Cottages	8.5	21	2681
resort-the-himayas	The Himaya's Resort	rishikesh	Neelkanth Road	Resorts	8.2	21	4787
kiran-sidcul	Hotel Kiran Sidcul	haridwar	SIDCUL	Hotels	8.0	1	2493
bhagat-ji-atithi-grah	Hotel Bhagat Ji Atithi Grah	haridwar	Upper Road & Mayapur	Hotels	4.0	20	2973
homestay-at	Homestay at Rishikesh	rishikesh	Veerbhadra Temple	Apartments	9.2	17	2776
homestay-devgiri-by-yatrimap	Homestay Devgiri by Yatrimap	rishikesh	Elsewhere in Rishikesh	Apartments	4.0	17	2489
apt-zen-haven-luxury-ganga-access-mountain-view	Zen Haven – Luxury Ganga Access & Mountain View Apartment	rishikesh	Nirmal Bagh near Ganges	Apartments	5.8	16	3638
bnb-swami-samarpan-ashram	Swami Samarpan Ashram Bed & Breakfast	rishikesh	Tapovan	B&Bs	7.4	15	957
maayaa-by-ganges-inn	Maayaa Inn by Ganges	rishikesh	Muni Ki Reti	Hotels	8.8	14	5266
ashoka-ganga-stay-by-the-ganges-at-triveni-ghat	Hotel Ashoka Ganga – Stay by the Ganges at Triveni Ghat	rishikesh	Triveni Ghat	Hotels	9.7	3	
resort-arika-jamb	Arika Resort	rishikesh	Shivpuri & rafting belt	Resorts	9.0	1	
blue-stayz	Blue Stayz	rishikesh	Tapovan	Guest houses	4.9	11	1628
hotel-rishikesh-286	Hathayogashram Hostel	rishikesh	Tapovan	Hostels	7.5	10	862
sanskruti-home-stay	Sanskruti Home Stay	rishikesh	Veerbhadra Temple	Apartments	6.2	9	2489
soreva-the-2-bhk-stylish-living	Soreva – 2BHK Luxury Apartments near Janki Setu & Triveni Ghat	rishikesh	Triveni Ghat	Apartments	8.7	9	6415
resort-aspen-riverside	Aspen Riverside Resort – 180 Mountain View	rishikesh	Elsewhere in Rishikesh	Resorts	7.0	8	3447
sukoon-tapovan	Hotel Sukoon Tapovan	rishikesh	Tapovan	Hotels	5.3	8	4404
o-kailash-ganga	Hotel O Kailash Ganga	haridwar	Shantikunj & Saptrishi	Hotels	5.0	7	2014
teerth	Hotel Teerth	haridwar	Har Ki Pauri	Hotels	9.4	7	
resort-rajaji-downtown-cafe	Rajaji Downtown Resort & Cafe	rishikesh	Elsewhere in Rishikesh	Resorts	7.2	6	2106
hotel-rishikesh-272	Shanti Villas by Around Stays, Tapovan	rishikesh	Tapovan	Hotels	8.0	6	3159
resort-the-family-and-friends	The Family and Friends Resort	rishikesh	Neelkanth Road	Resorts	7.0	6	4978
shivmurti-grand-by-uv-stays	Shivmurti Grand by Uv Stays	haridwar	Elsewhere in Haridwar	Other stays	5.3	6	4219
dhara-retreat	Dhara Retreat Bed & Breakfast	rishikesh	Tapovan	B&Bs	9.0	5	2776
house-gaurav-family	Gaurav Family Guest House	rishikesh	Tapovan	Guest houses	9.6	5	1723
nirmal-ganga	Hotel Nirmal Ganga	rishikesh	Tapovan	Hotels	10.0	4	1340
hotel-haridwar-64	Hotel Himgiri Residency	haridwar	Upper Road & Mayapur	Hotels	4.8	4	2685
cabana-suites-inside-deecon-valley	Cabana Suites Inside Deecon Valley	rishikesh	Tapovan	Aparthotels	4.0	3	1819
d-s-valley	D S Valley	rishikesh	Tapovan	Other stays	7.7	3	
apt-spatti	Journey Three Apartment	rishikesh	Nirmal Bagh near Ganges	Apartments	7.0	3	1245
saffronstays-tarangini-by-ganges	Saffronstays Tarangini by Ganges	rishikesh	Nirmal Bagh near Ganges	Villas	9.7	3	37434
sai-ganga-cottage-by-yatrimap	Sai Ganga Cottage by Yatrimap	rishikesh	Tapovan	Cottages	10.0	3	1723
welcome-home	Welcome Home	rishikesh	Tapovan	Other stays	6.5	3	1053
aloha-on-the-ganges-ganga-view-with-infinity-pool-2bhk	Aloha on the Ganges 2BHK Ganga Facing 203 Apartment	rishikesh	Tapovan	Apartments	4.5	2	22020
resort-hanumant-rishikesh	Hanumant Resort	rishikesh	Tapovan	Resorts	6.5	2	
hotel-rishikesh-292	The Pali by Stayvista – 6BHK Mountain – View Villa with Jacuzzi	rishikesh	Elsewhere in Rishikesh	Villas	5.5	2	124557
ranipur-rajwada	Hotel Ranipur Rajwada	haridwar	Ranipur & BHEL	Hotels	8.5	2	
royal-by-white-panda-hotels-inn	Royal Inn by White Panda Hotels	haridwar	Har Ki Pauri	Hotels	8.5	2	
shri-radhe-radhe	Shri Radhe Radhe Hotel	haridwar	Railway Station	Guest houses	5.0	2	3356
villa-a-cozy-in-rishikesh-the-figtree	A Cozy Villa in Rishikesh – The Figtree Inn	rishikesh	Raiwala & Shyampur	Villas	10.0	1	6510
collection-o-tapovan-paradise	Collection O Tapovan Paradise	rishikesh	Tapovan	Other stays	10.0	1	
cozy-rio-vista	Cozy Rio Vista Hotel	rishikesh	Nirmal Bagh near Ganges	Guest houses	9.0	1	2011
goroomgo-the-aradhya-gange-residency-rishikesh-perfect	Goroomgo the Aradhya Gange Residency Rishikesh – Perfect Location and Comfortable Room	rishikesh	Tapovan	Hotels	10.0	1	
devraj-by-arena-heritage	Hotel Devraj by Arena Heritage	rishikesh	Laxman Jhula	Hotels	10.0	1	
hotel-rishikesh-293	Luxury 2BHK White Lotus Apartment by Madanan	rishikesh	Nirmal Bagh near Ganges	Apartments	10.0	1	4596
entire-floor-luxury-3bhk-3baths-5-double-beds-in	Modern Luxury 3BHK 3Double Beds Lift Kitchen Parking in Tapovan Nr Laxman Jhulla	rishikesh	Tapovan	Apartments	4.0	1	7563
hostel-moonlight-mowgli	Moonlight Mowgli Hostel	rishikesh	Tapovan	Hostels	10.0	1	1723
river-side-with-gangaotri-view	River Side Hotel with Gangaotri View	rishikesh	Tapovan	Hotels	10.0	1	1628
o-dev-bhoomi-haridwar	Hotel O Dev Bhoomi	haridwar	Rishikesh Road & Motichur	Hotels	10.0	1	
hotel-haridwar-87	Hotel Pinnacle	haridwar	Rishikesh Road & Motichur	Hotels	5.0	1	
the-vrnda-heritage-haridwar	The Vrnda Heritage	haridwar	Kharkhari	Other stays	4.0	1	
resort-vanantra	Vanantra Resort	rishikesh	Elsewhere in Rishikesh	Resorts			9861
aryan	Hotel Aryan Inn	haridwar	Ranipur & BHEL	Hotels			2973
ivy-top-rated-most-awarded-hotel-in	Sitara Premium Rama Classic	haridwar	Rishikesh Road & Motichur	Other stays			2301
hostel-moustache	Moustache Hostel	rishikesh	Tapovan	Hostels	8.2	27	
kailash-haridwar	Hotel Kailash	haridwar	Railway Station	Hotels	6.2	6	
bnb-aashraya-on-ganga	Aashraya on Ganga Bed & Breakfast	rishikesh	Elsewhere in Rishikesh	B&Bs			17520
ganga-grand-parking-lift-restaurant-near-ghat	Hotel Ganga Grand Rishikesh # Parking # Lift # Restaurant # Near Ghat # Property of the Year	rishikesh	Tapovan	Hotels			2681
radha-krishan	Hotel Radha Krishan	rishikesh	Tapovan	Hotels			2106
royal-respite-luxury-comfort-travellers-delight	Hotel Royal Respite – Luxury Comfort ! Travellers Delight ! Budget Friendly ! Prime Location ! Guest Favourite	rishikesh	Tapovan	Hotels			1149
hotel-rishikesh-94	Hotel Terrace Vansara Tapovan	rishikesh	Tapovan	Hotels			6893
naturoville-ayurvedic-and-yoga-retreat	Naturoville Ayurvedic and Yoga Retreat Hotel	rishikesh	Nepali Farm	Hotels			17903
nishantam	Nishantam Rishikesh	rishikesh	Neelkanth Road	Other stays			4691
ojas-resorts	Ojas Resorts	rishikesh	Neelkanth Road	Resorts			7180
orang-lodge	Orang Lodge	rishikesh	Tapovan	Lodges			9478
resort-panambi-rishikesh	Panambi Resort Rishikesh.	rishikesh	Elsewhere in Rishikesh	Resorts			16467
hotel-rishikesh-40	Trip for Life Cottages and Hostel	rishikesh	Tapovan	Hotels			3830
golden-tulip	Golden Tulip Haridwar Hotel	haridwar	Rishikesh Road & Motichur	Hotels			7384
king-plaza-fully-air-conditioned-hotel-lift-wifi-haridwar	Hotel King Plaza ! Haridwar होटल किंग प्लाजा, ஹோட்டல் கிங் பிளாசா, హోటల్ కింగ్ ప్లాజా Fully – Air – Conditioned – Hotel, Lift – WiFi – And – Parking – Availability near Ganga Ghaat and Mansa Devi Temple	haridwar	Upper Road & Mayapur	Hotels			4603
modi-ramakrishna	Hotel Modi Inn Ramakrishna	haridwar	Elsewhere in Haridwar	Hotels			2589
pinaki	Hotel Pinaki	haridwar	Bhupatwala	Hotels			1151
premium-k-p-near-mansa-mata-temple-and-railway	Hotel Premium K-P Near Mansa Mata Temple and Railway Station – Fully Air Conditioned Rooms with WiFi – Lift and Restaurant – A Top Rated Hotel in Haridwar	haridwar	Railway Station	Hotels			3260
ndbl-exotica-inn	Ndbl Exotica Inn	haridwar	Kharkhari	Hotels			2301
spring-sky-by-shrigo-hotels	Spring Sky Haridwar by Shrigo Hotels	haridwar	Bhupatwala	Hotels			3356
the-ganga-view-by-wooibhotels	The Ganga View Haridwar by Wooibhotels	haridwar	Kharkhari	Cottages			2397
the-ganga-view-top-selling-property-in	The Ganga View – Top Selling Property in Haridwar	haridwar	Ranipur & BHEL	Other stays			3644
apt-ayu-aanandam-live-i-heal-i-rest	Ayu Aanandam – Live I Heal I Rest Apartment	rishikesh	Ram Jhula	Apartments	7.4	12	
resort-yogi-and-garden-cafe	Yogi Resort and Garden Cafe	rishikesh	Tapovan	Hostels	7.6	12	
aviral-ganga-by-kundalini	Aviral Ganga by Kundalini Hotel	rishikesh	Tapovan	Hotels			11872
hotel-rishikesh-246121	Baramasa Resort	rishikesh	Neelkanth Road	Hotels			9000
bhagirathi-by-restay-hotels	Bhagirathi by Restay Hotels	rishikesh	Tapovan	Hotels			9382
resort-brahmguru	Brahmguru Resort	rishikesh	Tapovan	Resorts			7180
capital-o-27980-inderlok	Capital O 27980 Hotel Inderlok	rishikesh	Triveni Ghat	Hotels			6702
ganga-forest-view	Ganga Forest View	rishikesh	Veerbhadra Temple	Other stays			6798
ganga-vatika-ayurveda-bhavan	Ganga Vatika Ayurveda Bhavan Hotel	rishikesh	Muni Ki Reti	Hotels			4213
resort-garud-chatti-river	Garud Chatti River Resort	rishikesh	Neelkanth Road	Resorts			7659
h7-stay-on-the-ganges-yoga-spa-resort	H7 Stay on the Ganges, Yoga & Spa Resort	rishikesh	Tapovan	Resorts			3925
devbhoomi	Hotel Devbhoomi Inn	rishikesh	Dehradun Road	Hotels			1819
dhakad-gold-tapovan	Hotel Dhakad Gold – Tapovan	rishikesh	Tapovan	Hotels			3830
ganga-elena	Hotel Ganga Elena	rishikesh	Tapovan	Hotels			2872
gharonda	Hotel Gharonda	rishikesh	Haridwar Road	Hotels			4500
gharonda-ganga-valley-view	Hotel Gharonda – Ganga Valley View	rishikesh	Haridwar Road	Hotels			3064
holy-ganga-rishikesh	Hotel Holy Ganga	rishikesh	Muni Ki Reti	Hotels			2106
grand-haveli	Hotel Krish Elite	rishikesh	Tapovan	Hotels			2106
laxmi-narayan	Hotel Laxmi Narayan	rishikesh	Tapovan	Hotels			3159
laxmi-palace-rishikesh	Hotel Laxmi Palace	rishikesh	Tapovan	Hotels			5361
o-balaknath-temple-road-tapovan	Hotel O Balaknath Temple Road Tapovan	rishikesh	Tapovan	Hotels			4213
om-shivaay	Hotel Om Shivaay Inn	rishikesh	Tapovan	Hotels			2585
raja-palace-by-stayapart	Hotel Raja Palace Inn by Stayapart	rishikesh	Laxman Jhula	B&Bs			4021
by-rfh	Hotel Rishikesh Inn by Rfh	rishikesh	Muni Ki Reti	Hotels			14457
hotel-rishikesh-137	Hotel Suraj Unit of Butola Hotels	rishikesh	Dehradun Road	Hotels			2872
hotel-rishikesh-132	Hotel Yamnotri Retreat	rishikesh	Tapovan	Hotels			14074
yog-tapovan-rafting-available	Hotel Yog Tapovan – Rafting Available	rishikesh	Tapovan	Hotels			1723
resort-mirayas	Miraya's Resort	rishikesh	Tapovan	Resorts			5170
mountain-view-room-by-yog-tapovan	Mountain View Room by Yog Tapovan	rishikesh	Tapovan	Aparthotels			4691
mystic-cottage-ram-jhula	Mystic Cottage – Ram Jhula	rishikesh	Ram Jhula	Cottages			2968
prem-palace	Prem Palace Hotel	rishikesh	Tapovan	Hotels			2968
hotel-rishikesh-249001	Rishikesh Cottage & Spa	rishikesh	Elsewhere in Rishikesh	Hotels			2106
hotel-rishikesh-inn	Rishikesh Inn	rishikesh	Tapovan	Hotels			1915
house-s-s-d	S.S.D. Guest House	rishikesh	Laxman Jhula	Guest houses			3064
shanti-vilaas	Shivaantara Hotels Shanti Vilaas	rishikesh	Tapovan	Hotels			2489
hotel-rishikesh-4	Soank Paradise – The Boutique Hotel	rishikesh	Haridwar Road	Hotels			2393
soh-sound-of-himalayas	Soh – Sound of Himalayas Hotel	rishikesh	Tapovan	Guest houses			1149
tatsat-homes-by-the-ganges	Tatsat Homes by the Ganges	rishikesh	Triveni Ghat	B&Bs			2393
ekantam-aspen-by-yatri-india-hospitality	The Ekantam by Aspen	rishikesh	Shivpuri & rafting belt	Other stays			5553
the-hummingbird	The Hummingbird Hotel	rishikesh	Tapovan	Hotels			3351
the-lily	The Lily Hotel	rishikesh	Tapovan	Hotels			9670
a-budget-sheeva-palace-near-tulshi-chowk	A Budget Hotel Shiva Palace near Ganesh Ghat, Amrapur Ghat	haridwar	Upper Road & Mayapur	Hotels			863
brinjal-clarks-inn	Brinjal Clarks Inn	haridwar	Upper Road & Mayapur	Hotels			15535
collection-o-28628-himgiri-residency	Collection O 28628 Hotel Himgiri Residency	haridwar	Elsewhere in Haridwar	Hotels			2301
fabexpress-kartikey-inn	Fabexpress Kartikey Inn	haridwar	Upper Road & Mayapur	Hotels			1151
fabhotel-pearl	Fabhotel Pearl	haridwar	Rishikesh Road & Motichur	Other stays			1726
fabhotel-relax-palace-inn	Fabhotel Relax Inn Palace	haridwar	Rishikesh Road & Motichur	Hotels			1630
shivaay-1	Hotel Hs Palace, A Four Star Luxury Hotel & Resort in Haridwar	haridwar	Kharkhari	Resorts			2685
imperial-blue	Hotel Imperial Blue	haridwar	Ranipur & BHEL	Hotels			3356
o-krishna-priya	Hotel O Krishna Priya	haridwar	Bhupatwala	Hotels			1343
oyo-saranga-dham	Hotel O Saranga Dham	haridwar	Shantikunj & Saptrishi	Hotels			9685
riverdale	Hotel Riverdale	haridwar	Bhupatwala	Hotels			3452
suryoday	Hotel Suryoday	haridwar	Har Ki Pauri	Hotels			4507
l-s-residency	L S Residency Hotel	haridwar	Ranipur & BHEL	Hotels			3644
one-earth-hardwar	One Earth Hardwar Hotel	haridwar	Shantikunj & Saptrishi	Hotels			2397
oyo-18273-basera	OYO 18273 Hotel Basera	haridwar	Railway Station	Hotels			2110
oyo-29694-heritage	OYO 29694 Hotel Heritage	haridwar	Ranipur & BHEL	Hotels			2206
oyo-2974-aastha-palace	OYO 2974 Hotel Aastha Palace	haridwar	Railway Station	Hotels			2110
oyo-35366-shiv-murti	OYO 35366 Hotel Shiv Murti	haridwar	Railway Station	Hotels			2877
oyo-4375-gang-tarang	OYO 4375 Hotel Gang Tarang	haridwar	Jwalapur	Hotels			2685
oyo-4926-le-central	OYO 4926 Hotel Le Central	haridwar	Ranipur & BHEL	Hotels			2301
oyo-6976-ganges-park	OYO 6976 Hotel Ganges Park	haridwar	Ranipur & BHEL	Hotels			4028
oyo-guru-mandal-atithi-grah	OYO Guru Mandal Atithi Grah Hotel	haridwar	Ranipur & BHEL	Hotels			1343
oyo-hill-view-by-first-time-hotels-and-resorts	OYO Hill View by First Time Hotels and Resorts	haridwar	Bhupatwala	Resorts			2014
hotel-haridwar-21	Raj Place by Clanstays	haridwar	Kharkhari	Hotels			3069
resort-river-view-haridwar	River View Resort	haridwar	Elsewhere in Haridwar	Resorts			5274
shoolin-suites-by-delight-stay	Shoolin Suites by Delight Stay	haridwar	Bhupatwala	Other stays			4603
hotel-haridwar-151	The Hoften Vibranta	haridwar	Bhupatwala	Hotels			1918
the-latitude-luxury	The Latitude Luxury Haridwar Hotel	haridwar	Rishikesh Road & Motichur	Hotels			12754
wanna-stay-haridwar	Wanna Stay	haridwar	Kharkhari	Other stays			2877
girija-homestay	Girija Homestay	rishikesh	Veerbhadra Temple	Guest houses	8.0	8	
purna-viraam	Purna Viraam Tapovan	rishikesh	Tapovan	Apartments	8.4	7	
shri-krishna-bhawan	Shri Krishna Bhawan Apartment	rishikesh	Triveni Ghat	Apartments	9.0	6	
pookiestays	Pookiestays Rishikesh	rishikesh	Tapovan	Apartments	4.0	4	
baidehi-cottage	Baidehi Cottage	rishikesh	Dehradun Road	Homestays	10.0	2	
apt-2-bedroom-ganga-view-aloha	Minimalist Apartment in Aloha 2BHK Luxury Ganga View – For Cool Adults & Family Only	rishikesh	Tapovan	Apartments	10.0	2	
babua-stay	Hotel Babua Stay	haridwar	Har Ki Pauri	Hotels	8.5	2	
shri-balaji	Shri Balaji Hotel	haridwar	Railway Station	Hotels	4.0	2	
narayana-cottage-homestay	Narayana Cottage & Homestay	rishikesh	Nepali Farm	Apartments	10.0	1	
nomads-retreat-by-sjj	Nomads Retreat by Sjj Hotel	rishikesh	Elsewhere in Rishikesh	Camps & tents	7.0	1	
rudra-by-di-ganga	Rudra by Di Ganga Apartment	rishikesh	Nirmal Bagh near Ganges	Apartments	10.0	1	
the-secret-stays	The Hidden Cascade Waterfall Studio in Tapovan	rishikesh	Tapovan	Holiday rentals	5.0	1	
villa-comfort-ixora-in	Comfort Ixora Villa in Rishikesh	rishikesh	Elsewhere in Rishikesh	B&Bs			2585
fabhotel-kailash-residency	Fabhotel Kailash Residency	rishikesh	Muni Ki Reti	Hotels			3255
hotel-rishikesh-71	Gautam Palace	rishikesh	Haridwar Road	Hotels			3734
digvijay-and-restuarant	Hotel Digvijay and Restuarant	rishikesh	Dehradun Road	Hotels			1628
hare-rama	Hotel Hare Rama	rishikesh	Laxman Jhula	Hotels			2968
heaven-rishikesh	Hotel Heaven	rishikesh	Outside Rishikesh	Hotels			1340
madhusudan	Hotel Madhusudan	rishikesh	Laxman Jhula	B&Bs			4691
tirupati-a-luxury-stay	Hotel Tirupati A Luxury Stay	rishikesh	Muni Ki Reti	Hotels			
keys-lite-by-lemon-tree-hotels-tapovan	Keys Lite by Lemon Tree Hotels, Tapovan	rishikesh	Tapovan	Hotels			7659
oyo-1811-leisure-palace	OYO 1811 Hotel Leisure Palace	rishikesh	Tapovan	Hotels			3064
house-paradise-palm	Paradise Palm Guest House	rishikesh	Tapovan	Guest houses			2681
rooms-facing-mountains-in-tapovan	Rooms Facing Mountains in Tapovan	rishikesh	Tapovan	Other stays			3351
suvidha-home-stay	Suvidha Home Stay	rishikesh	Triveni Ghat	Homestays			3064
swiss-cottege-by-oscenox	Swiss Cottege by Oscenox Hotel	rishikesh	Tapovan	Hotels			4500
the-holiday-home	The Holiday Home	rishikesh	Tapovan	Other stays			1532
family-shiva-palace-hotel	Family Hotel – Shiva Palace Hotel	haridwar	Railway Station	Hotels			1630
ganga-lodge-family-stay-near-ganga-ghat	Ganga Lodge Family Stay near Ganga Ghat	haridwar	Upper Road & Mayapur	Lodges			1726
ashirwad-haridwar	Hotel Ashirwad	haridwar	Bhupatwala	Hotels			1055
chitra-heritage	Hotel Chitra Heritage	haridwar	Railway Station	Hotels			1343
shivalaya-by-gph	Hotel Shivalaya by Kuumar's	haridwar	Bhupatwala	Hotels			6041
hotel-haridwar-71	Hotel Star Ganges	haridwar	Bhupatwala	Hotels			2493
resort-fabhotel-anandam	Fabhotel Anandam Resort	rishikesh	Laxman Jhula	Resorts			
hotel-rishikesh-259192	Hotel Laxman Jhula Inn	rishikesh	Laxman Jhula	Hotels			
shubhra-heights-rishikesh-mountain-river-view	Hotel Shubhra Heights Rishikesh – Mountain & River View ! Prime Location ! Walking from Laxman Jhula ! Top Rated & Most Awarded by Company	rishikesh	Laxman Jhula	Hotels			
the-terrace-rishikesh	Hotel the Terrace	rishikesh	Tapovan	Hotels			
resort-mahayana-river	Mahayana River Resort	rishikesh	Neelkanth Road	Resorts			
bliss-agk-a-top-rated-property-in	Bliss Agk A Top Rated Property in Haridwar	haridwar	Rishikesh Road & Motichur	Other stays			
classic-heritage	Hotel Classic Heritage	haridwar	Delhi Road	Hotels			
luxuary-r-b-near-near-railway-station-fully-air	Hotel Luxuary R-B Near near Railway Station – Fully Air Conditioned Rooms with WiFi – Lift and Restaurant – A Top Rated Hotel	haridwar	Railway Station	Hotels			
sr-grand	Hotel Sr Grand	haridwar	Elsewhere in Haridwar	Hotels			
hotel-haridwar-59	Shree Bhagwan Atithi Grah	haridwar	Kharkhari	Hotels			
hotel-haridwar-138	The Holy Stay	haridwar	Bhupatwala	Hotels			
udman-by-ferns-n-petals	Udman Haridwar by Ferns N Petals Hotel	haridwar	Rishikesh Road & Motichur	Hotels			
hotel-rishikesh-47	Acorn International	rishikesh	Tapovan	Hotels			
advik-ganga-hill-view-serene	Advik – Ganga & Hill View Serene	rishikesh	Nirmal Bagh near Ganges	Apartments			3542
apt-aloha-terrace-by-punianis	Aloha Terrace Apartment by Punianis	rishikesh	Tapovan	Apartments			26137
apt-anamika-1bhk-in-tapovan	Anamika 1BHK Apartment in Rishikesh Tapovan	rishikesh	Tapovan	Apartments			2968
anandmay-homestay-isbt-249201	Anandmay Homestay, Isbt	rishikesh	Triveni Ghat	Homestays			7276
ananta-dhyan-kendra	Ananta Dhyan Kendra Hotel	rishikesh	Tapovan	Hotels			1149
aspen-adventures-camp-by-aspen	Aspen Adventures Camp by Aspen Hotel	rishikesh	Neelkanth Road	Camps & tents			2681
athalia-guesthouse	Athalia Guesthouse	rishikesh	Tapovan	Homestays			1723
bunk-house	Bunk House Hostel	rishikesh	Tapovan	Hostels			574
cabana-suites-1bhk-301	Cabana Suites 1BHK 301	rishikesh	Tapovan	Aparthotels			3064
cabana-suites-1bhk-303	Cabana Suites 1BHK 303	rishikesh	Tapovan	Aparthotels			4404
d2-hotels	D2 Hotels	rishikesh	Tapovan	Hotels			
dharohar-homestay-by-yatrimap	Dharohar Homestay by Yatrimap	rishikesh	Triveni Ghat	Homestays			2011
divya-249302	Divya Hotel	rishikesh	Laxman Jhula	Hotels			6127
ensquare-2-bedroom-apartments-near-laxman-jhula	Ensquare Hotel – 2 Bedroom Apartments near Laxman Jhula with Kitchen	rishikesh	Tapovan	Apartments			9287
ensquare-2-bhk-apartments-with-kitchen-rooftop	Ensquare Hotel – 2BHK Apartments with Kitchen, Rooftop River View Cafe, Live Events	rishikesh	Tapovan	Apartments			9861
ensquare-aesthetic-2-bedroom-1-living-room	Ensquare Hotel – Aesthetic 2 Bedroom, 1 Living Room Apartments with Kitchen near Top Location Laxman Jhula	rishikesh	Laxman Jhula	Holiday rentals			4213
flagship-guestlo-verse	Flagship Guestlo Verse	rishikesh	Tapovan	Other stays			
hostel-freebird-nest	Freebird Nest Hostel	rishikesh	Tapovan	Hostels			574
apt-ganga-bhumi-2bhk	Ganga Bhumi Rishikesh 2BHK Apartment	rishikesh	Nirmal Bagh near Ganges	Apartments			8138
hostel-ganga	Ganga Hostel	rishikesh	Tapovan	Hostels			2202
ganges-view-rishikesh	Ganges View Hotel	rishikesh	Tapovan	Hotels			
resort-glampers-rishikesh	Glampers Resort Rishikesh at River Side	rishikesh	Neelkanth Road	Resorts			5936
goroomgo-ubex-home-jungle-safari-restaurant	Goroomgo Ubex Home Rishikesh – Jungle Safari – Restaurant	rishikesh	Tapovan	Other stays			
apt-himalayan-hideaway-1-bhk-luxury	Himalayan Hideaway: 1BHK Luxury Apartment	rishikesh	Tapovan	Apartments			6127
apt-himalayas	Himalayas Apartment	rishikesh	Laxman Jhula	Homestays			2106
home-of-lavenia	Home of Lavenia	rishikesh	Tapovan	B&Bs			2106
hostel-hola-rishikesh	Hostel Hola	rishikesh	Tapovan	Hostels			1915
hotel-rishikesh-287	Hotel 7 Chakra in Rishikesh	rishikesh	Tapovan	Hostels			1149
cosy-nook	Hotel Cosy Nook	rishikesh	Laxman Jhula	B&Bs			2681
digvijay	Hotel Digvijay	rishikesh	Dehradun Road	Hotels			
ganga	Hotel Ganga	rishikesh	Laxman Jhula	Hotels			1245
gold-tapovan	Hotel Gold Tapovan	rishikesh	Tapovan	Hotels			
p2p-hills	Hotel P2P Hills	rishikesh	Tapovan	Hotels			
paayal-accessible-affordable	Hotel Paayal – Accessible & Affordable	rishikesh	Dehradun Road	Hotels			
soham	Hotel Soham Inn	rishikesh	Laxman Jhula	Hotels			1532
hotel-rishikesh-87	Hotel the Classio	rishikesh	Tapovan	Hotels			
kalakriti-homestay	Kalakriti Homestay	rishikesh	Triveni Ghat	Homestays			1819
kamay-the-indira-nikunj	Kamay the Indira Nikunj	rishikesh	Muni Ki Reti	Other stays			
hostel-landlopers	Landlopers Hostel	rishikesh	Tapovan	Hostels			1723
bnb-madhuban-ashram	Madhuban Ashram Bed & Breakfast	rishikesh	Muni Ki Reti	B&Bs			2393
mountain-view-terrace-room	Mountain View Terrace Room Upper Tapovan	rishikesh	Tapovan	Other stays			2011
om-mukunda-by-wb-inn	Om Mukunda by Wb Inn	rishikesh	Swarg Ashram	Hotels			11489
hostel-orchid	Orchid Hostel	rishikesh	Tapovan	Hostels			1340
hotel-rishikesh-275	Sangha Nova Hotel	rishikesh	Tapovan	Hotels			213116
hostel-shanti-aesthetic-room-with-netflix-ac-in-upper-tapovan	Shanti Hostel – Aesthetic Room with Netflix, & AC in Upper Tapovan	rishikesh	Tapovan	Hostels			
shaurya-rishikesh-inn	Shaurya Inn	rishikesh	Tapovan	Hotels			1915
hotel-rishikesh-8	Shiv Resort	rishikesh	Laxman Jhula	Hostels			1340
shivaya-bikers-cafe	Shivaya Bikers Cafe Hotel	rishikesh	Neelkanth Road	Hotels			8808
sparkle-nanda	Sparkle Hotel Nanda	rishikesh	Nepali Farm	Hotels			
sri-yoga-ashram	Sri Yoga Ashram Hotel	rishikesh	Laxman Jhula	Ashrams			1053
resort-stay-sukoon-best-in	Stay Sukoon Best Resort in Rishikesh	rishikesh	Elsewhere in Rishikesh	Resorts			2489
gangas-jewel-breakfast-included-at-by-stayvista	Stayvista's Ganga's Jewel – 4BHK Villa with Bonfire & BBQ	rishikesh	Muni Ki Reti	Villas			44040
super-oyo-capital-o-yogasthali-and-spa	Super OYO Capital O Yogasthali Inn Hotel and Spa	rishikesh	Tapovan	Hotels			
tapasya-home-stay-rishikesh	Tapasya Home Stay	rishikesh	Laxman Jhula	Homestays			670
resort-tapovan-rishikesh	Tapovan Resort	rishikesh	Tapovan	Resorts			1149
the-for-you-restaurant	The for You Hotel & Restaurant	rishikesh	Tapovan	Cottages			1628
hotel-rishikesh-298	The Olivia Luxury – Stay Step Away from Laxman Jhula	rishikesh	Tapovan	Apartments			4213
the-yachis	The Yachis Rishikesh Hotel	rishikesh	Tapovan	Hotels			1340
house-triveni-249192	Triveni Guest House	rishikesh	Tapovan	Guest houses			1915
hotel-rishikesh-45	Yamkeshwar Mahadev Resort	rishikesh	Elsewhere in Rishikesh	Hotels			
yash-raj-stays	Yash Raj Stays	rishikesh	Dehradun Road	Other stays			2681
anand-niketan-by-bonjour-on-the-ganges	Anand Niketan by Bonjour – On the Ganges Hotel	haridwar	Upper Road & Mayapur	Hotels			
asha-heritage-by-pandit-ji-stay	Asha Heritage by Pandit Ji Stay	haridwar	Rishikesh Road & Motichur	Other stays			
dev	Dev Hotel	haridwar	Railway Station	Hotels			
neelkanth-stay	Fabhotel Mahadev Palace	haridwar	Rishikesh Road & Motichur	Guest houses			3260
fabhotel-shree-vilas	Fabhotel Shree Vilas	haridwar	Bhupatwala	Other stays			1151
goroomgo-ganga-amrit	Goroomgo Ganga Amrit near Ganga River	haridwar	Jwalapur	Other stays			
goroomgo-riddhi-siddhi	Goroomgo Riddhi Siddhi	haridwar	Railway Station	Other stays			
hog-house-of-gypsy-haridwar	Hog – House of Gypsy, Haridwar Hotel	haridwar	Bhupatwala	Hotels			1822
anand	Hotel Anand	haridwar	Upper Road & Mayapur	Hotels			1630
ashok-haridwar	Hotel Ashok	haridwar	Railway Station	Hotels			5562
murli-niwas	Hotel Murli Niwas	haridwar	Railway Station	Hotels			1343
o-excel-home-stay	Hotel O Excel Home Stay	haridwar	Ranipur & BHEL	Homestays			1726
hotel-haridwar-31	Hotel Shivmurti Grand	haridwar	Ranipur & BHEL	Hotels			
shiwalik	Hotel Shiwalik	haridwar	Railway Station	Hotels			
the-urmi-haridwar	Hotel the Urmi	haridwar	Bhupatwala	Hotels			
vishwanath	Hotel Vishwanath	haridwar	Upper Road & Mayapur	Guest houses			4219
apt-narayani-ashray	Narayani Ashray Aparthotel	haridwar	Kankhal	Aparthotels			2493
oyo-13333-orchid	OYO 13333 Hotel Orchid Inn	haridwar	Upper Road & Mayapur	Hotels			
oyo-17185-satyam-swagat	OYO 17185 Hotel Satyam Swagat	haridwar	Jwalapur	Hotels			
house-oyo-71154-girnar	OYO 71154 Girnar Guest House	haridwar	Railway Station	Guest houses			
oyo-flagship-gateway-ganga	OYO Flagship Hotel Gateway Ganga	haridwar	Ranipur & BHEL	Hotels			
perfectstayz-homes-i-luxury-penthouse	Perfectstayz Homes I Luxury Penthouse	haridwar	Elsewhere in Haridwar	Apartments			7959
premium-h-e-a-v-e-n-p-a-l-a-c-e-near-temple-and	Premium Haridwar Hotel H-E-A-V-E-N – P-A-L-A-C-E Near Temple and Railway Station – Parking – Free Wi-Fi – With Lift – Hygiene & Spacious Room – Best Hotel in Haridwar	haridwar	Railway Station	Hotels			
raj-haridwar	Raj Hotel	haridwar	Railway Station	Hotels			2589
hotel-haridwar-36	Ramagya Hotel	haridwar	Shantikunj & Saptrishi	Hotels			
shiv-shakti-home-stay-haridwar	Shiv Shakti Home Stay	haridwar	Elsewhere in Haridwar	Homestays			1534
house-spot-on-38315-bhagirathi	Spot on 38315 Bhagirathi Guest House	haridwar	Kankhal	Guest houses			
sunshine-mandakini	Sunshine Mandakini Hotel	haridwar	Upper Road & Mayapur	Hotels			
dev-palace-road-tapovan-rishikesh	Hotel Dev Palace, Badrinath Road, Tapovan	rishikesh	Tapovan	Hotels			
hotel-rishikesh-59	Hotel Gayatri Kunj	rishikesh	Ram Jhula	Hotels			
rk-residency	Hotel Rk Residency	rishikesh	Tapovan	Hotels			
paradise-palm-rishikesh	Paradise Palm Hotel	rishikesh	Tapovan	Hotels			
house-sharma	Sharma Guest House	rishikesh	Tapovan	Guest houses			
hotel-haridwar-53	Hill View Hotel	haridwar	Bhupatwala	Hotels			
bhagirathi-palace	Hotel Bhagirathi Palace	haridwar	Shantikunj & Saptrishi	Hotels			
darshini	Hotel Darshini Inn	haridwar	Rishikesh Road & Motichur	Hotels			
hotel-haridwar-7	Hotel Regent Vivek	haridwar	Bhupatwala	Hotels			
royal-galaxy-haridwar	Royal Galaxy Hotel	haridwar	Shantikunj & Saptrishi	Hotels			
rudraksh-inn	Rudraksh Inn	haridwar	Bhupatwala	Hotels			
apt-2bhk-with-serene-ganga-view-a-familys-choice	2BHK Apartment with Serene Ganga View – A Family's Choice	rishikesh	Dehradun Road	Apartments			
abhinandan-home-stay	Abhinandan Home Stay	rishikesh	Elsewhere in Rishikesh	Homestays			
aloha-onthe-ganga-almost-heaven-2br-condo-wit-pool	Aloha on Ganga Almost Heaven Terrace 2BHK Condo Wit Pool	rishikesh	Tapovan	Apartments			
house-amore	Amore Guest House	rishikesh	Ram Jhula	Guest houses			
apt-in-rishikesh	Apartment in Rishikesh	rishikesh	Nirmal Bagh near Ganges	Apartments			
hotel-rishikesh-138	Around U	rishikesh	Tapovan	Hotels			
hostel-babas	Baba's Rishikesh Hostel	rishikesh	Laxman Jhula	Hostels			
hostel-bonfire	Bonfire Hostel	rishikesh	Tapovan	Hostels			
house-discipline	Discipline Guest House	rishikesh	Raiwala & Shyampur	Guest houses			
sanskriti-ashram-near-ram-jhula-janki-jhula	Dr Prakashand Ashram near Ram Jhula & Janki Jhula	rishikesh	Ram Jhula	Ashrams			
apt-1-bhk	Fully Furnished 1BHK Apartment with Free Parking in Tapovan	rishikesh	Tapovan	Apartments			
apt-1-bhk-rishikesh	Furnished 1BHK Apartment with Pvt Parking	rishikesh	Tapovan	Apartments			
hostel-ganga-rishikesh	Hostel Ganga	rishikesh	Tapovan	Hostels			
hotel-rishikesh-127	Hotel by the Ganges Inn	rishikesh	Laxman Jhula	B&Bs			
durga-palace	Hotel Durga Palace	rishikesh	Tapovan	Hotels			
grace-ganga-rishikesh	Hotel Grace Ganga	rishikesh	Laxman Jhula	Hotels			
hotel-rishikesh-68	Hotel Satya Palace	rishikesh	Tapovan	Hostels			
surya-laxman-jhula	Hotel Surya Laxman Jhula	rishikesh	Laxman Jhula	Hotels			
independent-smart-homestay	Independent Smart Homestay	rishikesh	Veerbhadra Temple	Homestays			
j-m-n-homestay-by-wb-inn	J M N Homestay by Wb Inn	rishikesh	Muni Ki Reti	Homestays			
hostel-kir	Kir Hostel	rishikesh	Elsewhere in Rishikesh	Hostels			
house-last-chance-cafe-and	Last Chance Cafe and Guest House	rishikesh	Swarg Ashram	Guest houses			
luxury-premium-fully-furnished-studio-for-rent	Luxury Premium Fully Furnished Studio for Rent	rishikesh	Nirmal Bagh near Ganges	Apartments			
maltis-nest-spacious-2bhk-by-tnt-ventures	Malti's Nest Spacious 2BHK By Tnt Ventures	rishikesh	Haridwar Road	Other stays			
hotel-rishikesh-184	Ngs Homes	rishikesh	Tapovan	Hotels			
villa-panchakarma-retreat-earth-roots-ayurveda	Panchakarma Retreat – Earth Roots Ayurveda Villa	rishikesh	Tapovan	Holiday rentals			
prithvi-aesthetic-quite-rooms-with-smart-tv-ac	Prithvi Hotel Rishikesh – Aesthetic Quite Rooms with Smart TV, AC, WiFi and Free Airport Pickup for 7 Plus Night Stays in Upper Tapovan	rishikesh	Tapovan	Apartments			
hotel-rishikesh-66	Rajajidowntown Homestays	rishikesh	Tapovan	Lodges			
adiyogi	Rishikesh Adiyogi Hotel	rishikesh	Tapovan	Hotels			
aura-inn	Rishikesh Aura Inn	rishikesh	Tapovan	Hotels			
rudra-yog-peeth-yoga-ashram	Rudra Yog Peeth, Yoga Ashram Hotel	rishikesh	Tapovan	Ashrams			
sacred-roots-rishikesh	Sacred Roots Rishikesh Apartment	rishikesh	AIIMS Rishikesh	Apartments			
shivaya	Shivaya Hotel	rishikesh	Tapovan	Hotels			
shourya-home-stay-rishikesh	Shourya Home Stay	rishikesh	Tapovan	Homestays			
snow-tiger-resorts	Snow Tiger Resorts	rishikesh	Elsewhere in Rishikesh	Resorts			
soul-forest	Soul Forest	rishikesh	Elsewhere in Rishikesh	Other stays			
stay-blessed-2-bhk-hill-view-upper-tapovan-quiet-and-serene	Stay Blessed 2BHK Hill View Upper Tapovan Quiet and Serene	rishikesh	Tapovan	Apartments			
resort-swiss-kanatal	Swiss Resort Kanatal	rishikesh	Outside Rishikesh	Resorts			
hotel-rishikesh-162	Tapovan Guest House	rishikesh	Tapovan	Hotels			
tapovan-stay-c-one	Tapovan Stay C One	rishikesh	Tapovan	Apartments			
tapovan-stay-near-ganga-cafes-by-jabula-getaways	Tapovan Stay near Ganga & Cafes by Jabula Getaways	rishikesh	Tapovan	Apartments			
hotel-rishikesh-143	Tfl Jungle Camping	rishikesh	Tapovan	Hotels			
tapovan-residency-1	The Divine Stay in Rishikesh	rishikesh	Tapovan	Apartments			
the-himalayan-rishikesh-inn	The Himalayan Inn	rishikesh	Tapovan	Aparthotels			
flat-full-furnished	The Homez Haven	rishikesh	Nirmal Bagh near Ganges	Apartments			
villa-the-mountain-house-4-bhk-with-pool	The Mountain House 4BHK Villa with Pool	rishikesh	Nirmal Bagh near Ganges	Villas			
apt-the-regaliaas-luxury-2-bedroom-in-tapovan	The Regaliaas Luxury 2 Bedroom Apartment in Tapovan	rishikesh	Tapovan	Apartments			
house-vedanshi-tapovan	Vedanshi Guest House Tapovan	rishikesh	Tapovan	Guest houses			
yog-madhyama	Yog Madhyama Hotel	rishikesh	Tapovan	Hotels			
yogshala-retreats	Yogshala Rishikesh Retreats Hotel	rishikesh	Haridwar Road	Hotels			
family-raj-near-railway-station	Family Hotel – Raj near Railway Station	haridwar	Railway Station	Hotels			
house-hillway-1	Hillway Guest House	haridwar	Kharkhari	Lodges			
hotel-haridwar-40	Hotel Laxmi Inn	haridwar	Upper Road & Mayapur	Hotels			
park-ganga	Hotel Park Ganga	haridwar	Ranipur & BHEL	Hotels			
sharma-palace	Hotel Sharma Palace	haridwar	Bhupatwala	Hotels			
villa-tourist	Hotel Tourist Villa	haridwar	Upper Road & Mayapur	Villas			
oyo-rooms-near-gurukul-kangri	OYO Rooms near Gurukul Kangri	haridwar	Delhi Road	Other stays			
house-yatra	Yatra Guest House	haridwar	Kankhal	Guest houses			
g-ChIJXXpxKIhRCTkRA7EJknlCZ1k	HOTEL PRINCE & RESTRAUNT	haridwar		google:hotel			
g-ChIJExCxk6JPCTkRNyiTexPMj_Q	Shubham negi	haridwar		google:hotel			
g-ChIJX7IuOgBNCTkRMo7N6tphx7o	New kisan Dharm kanta	haridwar		google:private_guest_room			
g-ChIJczjR14ZNCTkRBcb5NuHqAns	SAINI KRISH ALAWALPUR	haridwar		google:camping_cabin			
g-ChIJRVbTbQBPCTkRTfBI81rVVB8	Gurvinder Singh Cheema	haridwar		google:private_guest_room			
g-ChIJ54ruw2xPCTkRG5rSNZF-qPU	Ruchi FastFood & Family Resturant	haridwar		google:hotel			
g-ChIJC3UHKgBFCTkRAjCLZheE0ME	Prakash resort By the ganges	haridwar		google:resort_hotel			
g-ChIJSzPOIb1FCTkRo5laYuM-4_M	UP/UK RTO TAX ONLINE	haridwar		google:lodging			
g-ChIJJ64NlQxFCTkRTvwXBJI8ze0	Mids Stay Hotel & Resort	haridwar		google:resort_hotel			
g-ChIJtUkuLbhFCTkR4gddBdk5PYE	The Forestaa Resort	haridwar		google:resort_hotel			
g-ChIJpaANmANPCTkRY0kt9Y3ix-M	EllBee Orchard	haridwar		google:resort_hotel			
g-ChIJBex7AQBPCTkRADeoRatwvyA	Akash Home	haridwar		google:private_guest_room			
g-ChIJ6zNXAwBFCTkRCrblK3jTcgI	Nature View Homestay	haridwar		google:lodging			
g-ChIJVdwr0mdECTkRMQdfJ-KKbGc	Forest Rest House Shyampur, Haridwar	haridwar		google:guest_house			
g-ChIJCVJ-bABNCTkRvLpEX17M8J0	उमर KSD होटल	haridwar		google:hotel			
g-ChIJJQAAAGdECTkRzkTrJnhK3I0	Vega Homes	haridwar		google:hotel			
g-ChIJU0MmmjtPCTkRRVG2vjuFy24	Lodha Panchayati Dharamshala Ikkad Kalan	haridwar		google:hotel			
g-ChIJGxAjDABPCTkRWRLPTDoNoCM	Sameer hairan home	haridwar		google:private_guest_room			
g-ChIJTRYxHH5FCTkR2Al2R1zEh9Q	Holy Sarovar	haridwar		google:hotel			
g-ChIJUS-WJgBFCTkRaR8VpaoF8zg	Sunhara pal palacy	haridwar		google:hotel			
g-ChIJ-YbO_QVFCTkRnZ8KFJLgGRs	Vega Homes	haridwar		google:hotel			
g-ChIJmzDxMABFCTkR--9s-TuQ36E	Shree Mahavir Narayan Bhavan	haridwar		google:hotel			
g-ChIJNdf4GkRFCTkRGQGlTlUkR0I	Himalayan Vista	haridwar		google:bed_and_breakfast			
g-ChIJA9oz1ThECTkRQj6vWmbXXIg	Soulful Bliss Haridwar - A Riverside Homestay - One-Bedroom Apartment	haridwar		google:lodging			
g-ChIJMzHEfgBFCTkR1jxN7weaDQw	Ashi Masi’s house	haridwar		google:private_guest_room			
g-ChIJ1RwcJQ9FCTkR7VjZFpELxJg	Shri Ganga Dhaam	haridwar		google:hotel			
g-ChIJO1O9UhJFCTkRG3b_pKktQuc	Roshan Dham	haridwar		google:lodging			
g-ChIJt249sRpFCTkRHX8KBhJy1TE	Krishna Kunj By The Ollivanders	haridwar		google:lodging			
g-ChIJBzLfpuRLCTkRVf_4iK6Ekls	Hero service Center	haridwar		google:lodging			
g-ChIJQ5plUZFLCTkRshhcSc5zQvw	New Classic Restaurant And Rooms	haridwar		google:hotel			
g-ChIJn2MgM-NLCTkRSJPfpuRCu40	Vinyasa the Abode Host Suman Saluja	haridwar		google:private_guest_room			
g-ChIJ6bKFd7FLCTkRv7cu2fdnLXk	Devanjali Homestay	haridwar		google:private_guest_room			
g-ChIJa_JGk5FLCTkR0vAAdq77_7I	Adinath Guest House	haridwar		google:lodging			
g-ChIJ6QO67JFLCTkRKn57EEFgFXQ	Adinath Guest House	haridwar		google:lodging			
g-ChIJe7msSItLCTkRHUnG0rXetuw	Joint venture for Project- Flat, cottage and plots.	haridwar		google:hotel			
g-ChIJE-_oHF0WCTkR8xthP6_-ta0	Dev Hotel & Restaurant	haridwar		google:hotel			
g-ChIJyYxDNABLCTkRb4lUOmTaQto	J Moon Light Hotel	haridwar		google:hotel			
g-ChIJbbsErPFLCTkRtjFr-Lg7giA	NANCY PARADISE HOTEL	haridwar		google:hotel			
g-ChIJCXl8YdlLCTkRy2qjbt7TP2c	RED VILLA HOME STAY	haridwar		google:hotel			
g-ChIJDbPKsO1LCTkRSuGJ8ttfL9g	Hotel suryahomestay patanjali Yogpeeth	haridwar		google:hotel			
g-ChIJA6DoQnlLCTkR4jhZuZnoOBA	YOG GANGA RESIDENCY HOME STAY	haridwar		google:hotel			
g-ChIJS4Cd3OtLCTkRDRGnOsHV3oc	Aastha Guest House	haridwar		google:guest_house			
g-ChIJ0RLqWFtLCTkROe2pQMvGu1Y	Tejasvi guest house	haridwar		google:hotel			
g-ChIJ7VVPWwBLCTkRe6eYE0Sajms	HOTEL SN 24	haridwar		google:hotel			
g-ChIJ1bAwgsdPCTkRQ_NnfbKzgco	Sudesh home stay	haridwar		google:hotel			
g-ChIJFa2B9-pLCTkRWxxu46H3uzg	FM Rooms, Haridwar	haridwar		google:hotel			
g-ChIJF2evrH5LCTkRfO8gF573mdk	Hotel gayatri bliss home stay	haridwar		google:lodging			
g-ChIJeU7yL51LCTkR27V7fBiVBP4	Khushi Residency Homestay & Tours Travels	haridwar		google:private_guest_room			
g-ChIJY0dpoWRLCTkRIqelSuRZfcY	Hotel Khushi Residency	haridwar		google:hotel			
g-ChIJG68DaIlLCTkRKGNFwyZybMM	Aarohi homestay	haridwar		google:private_guest_room			
g-ChIJEVbbvsNLCTkRuV3FwixVMvk	Welcome Home Stay	haridwar		google:private_guest_room			
g-ChIJpeEeOGhJCTkRPWlDV-Fly1Y	Ashiyana Banquet Hall	haridwar		google:banquet_hall			
g-ChIJe4XuppNLCTkRBxvbQwNJCVk	Patanjali Free Dharamshala	haridwar		google:lodging			
g-ChIJG5_MHgBHCTkRZHC_OfPj-gY	Nirmal farm house	haridwar		google:hotel			
g-ChIJ409IQwBJCTkRgpD7_z9HkyE	Chaudhary sahab	haridwar		google:private_guest_room			
g-ChIJK8rXPQBFCTkRSBE6qTB1PJs	Hotel Grand Lalit	haridwar		google:hotel			
g-ChIJdZ9mTyRHCTkRWpLDbGV9NqI	शिव-शक्ति भवन	haridwar		google:lodging			
g-ChIJMe3FpidECTkRCO6RKopkuFs	Dada Mai Wale Ki Dharamshala	haridwar		google:lodging			
g-ChIJC4nIFwBHCTkR0f6vczV1oY4	Ashu homestay	haridwar		google:private_guest_room			
g-ChIJUyhjIwBFCTkRmkItpgtJlvc	Hotal Kamla Palace	haridwar		google:hotel			
g-ChIJGYNT2nVFCTkRx-Ecqc_97Zg	Ganga Getaway Homestay	haridwar		google:hotel			
g-ChIJ4eEy_dNFCTkRSAulmfT57Ac	Aryan Resort	haridwar		google:hotel			
g-ChIJ2bGQGyFECTkRtKjNQY4Kgt0	HOTEL NEEKANTH AND RESTAURANT	haridwar		google:hotel			
g-ChIJ4UDx6SBECTkRKZ-iSkRjPpQ	shyam Hotel	haridwar		google:hotel			
g-ChIJBX1ReABFCTkRoTpzm4vvwkg	Kangri,shyampur	haridwar		google:hotel			
g-ChIJU-xJI7FFCTkRbErI647gNBo	Hotel Bajrang bali	haridwar		google:guest_house			
g-ChIJ6WNrGABLCTkRBVO58AQdkFo	Ac home stay and coffee club	haridwar		google:hotel			
g-ChIJxZuRDnVJCTkREFt2z0qJwsQ	Sarvdhamhotel	haridwar		google:hotel			
g-ChIJyTlE2RRJCTkRcRS1Ndh5tUY	Hotel Royal Celebration	haridwar		google:hotel			
g-ChIJK56aFgBLCTkRrv76HoGpQ-A	Shree Ram Guest House	haridwar		google:hotel			
g-ChIJW1RvvnxJCTkR80iOMDeiVKM	near patanjali yogpeeth	haridwar		google:hotel			
g-ChIJb_nSW4BLCTkRL-B61eoFpfY	Lakshmi sweet and Bhojanalya	haridwar		google:hotel			
g-ChIJz-_jSQBLCTkRnweys2KzIq0	Vijay	haridwar		google:camping_cabin			
g-ChIJL0sBHABJCTkRfw5V8WMLh9g	Laxmi	haridwar		google:hotel			
g-ChIJzeUWhHpJCTkRd1i74dpe23w	Pg for boys and girls , indian era	haridwar		google:guest_house			
g-ChIJ78irQQBJCTkRZle6UsDFWow	Simran	haridwar		google:hotel			
g-ChIJacY4LgBJCTkRsy2w3c9XINE	Ganga palace	haridwar		google:hotel			
g-ChIJl_CjrlpJCTkR_wn_BRf4HcM	Shree bala ji printer repair system	haridwar		google:lodging			
g-ChIJi_ajevxJCTkR1JO4oPayzok	Polaris Guest House	haridwar		google:hotel			
g-ChIJKfCKXABJCTkRLTbvCFigc2E	Sanjay Kumar	haridwar		google:hostel			
g-ChIJMbLNPhlJCTkRW58goDnwXzk	Blissful Stays - One-Bedroom Apartment	haridwar		google:lodging			
g-ChIJTQo5VEBJCTkRWzse5yEyzuk	Ganges Portico- SIDCUL	haridwar		google:guest_house			
g-ChIJMbLNPhlJCTkRzihzO8o7w6U	Blissful Stays - One-Bedroom Apartment	haridwar		google:lodging			
g-ChIJe-ow4TZJCTkRQYrhCYYi8xs	Radhe Radhe Home stay	haridwar		google:hotel			
g-ChIJMc36NlRJCTkRDCh60H-58rU	Vishwakarma Puram Colony	haridwar		google:private_guest_room			
g-ChIJDx8vE0BJCTkRnl0wqcPdSdg	Milan Guest House	haridwar		google:hotel			
g-ChIJ2U67fwBJCTkRvM02jwdp8V4	Hotel one	haridwar		google:hotel			
g-ChIJ5xViGDxJCTkRQLjTlbazQ84	Hotels The Room By Hotel Anand (near to railway station)	haridwar		google:hotel			
g-ChIJ____v5NICTkRvIp6Ie1DMNo	Saini Bhawan	haridwar		google:private_guest_room			
g-ChIJ7dQ5K_hJCTkRwvXhdTEjgL4	Sky High Hotel Haridwar	haridwar		google:hotel			
g-ChIJ-941_eJJCTkRrAIo7AX8cws	Hotel La Vistaa	haridwar		google:hotel			
g-ChIJOf7Nk8hJCTkRme5F2sxWo_U	Annapurna Restaurant	haridwar		google:hotel			
g-ChIJQSeqM5lICTkRwqc4RREkpLc	Jaya Hotel	haridwar		google:hotel			
g-ChIJ-xzcM5xICTkRrdF7U1zOM0s	Super Hotel O Jwalapur	haridwar		google:hotel			
g-ChIJvbW2gHtHCTkRK7LjJRHSiA8	Shoyab	haridwar		google:hotel			
g-ChIJHfw0FgBJCTkREWRijWLTjNU	THAKUR'S	haridwar		google:private_guest_room			
g-ChIJJ99WEwBHCTkRFLyFuaof_fg	Mohit Prakash Verma @ Professor	haridwar		google:private_guest_room			
g-ChIJ13_sYZ5ICTkRGypvMWX5ZTA	New Vaishya Panchayati Dharamshala	haridwar		google:lodging			
g-ChIJJaaio51ICTkR4886d6TWtTw	Seeraj Rajput Panchayati Dharamsala	haridwar		google:lodging			
g-ChIJo0UbRfdJCTkR131_ZgMDens	Dharamsala	haridwar		google:hotel			
g-ChIJCWJFp0BGCTkRc5R_Ag7FzvM	Hotel Sangam Heritage	haridwar		google:hotel			
g-ChIJFQtyMTZJCTkRc9cDqCuguiQ	Valmiki Dharamshala	haridwar		google:hotel			
g-ChIJsQWT8nxHCTkRA1704P5Kt1Y	Shri Lakshmi Aashray Homestay	haridwar		google:private_guest_room			
g-ChIJqwMDo0BGCTkRi8isl_MFfiQ	Ruieya Dharmshala	haridwar		google:lodging			
g-ChIJLzt3Np1HCTkReHYCWZ4rVDE	Mansa Apartment by UV Stays	haridwar		google:bed_and_breakfast			
g-ChIJP16RH2pGCTkRP55K6Orpmhw	Hotel Mangal Murti	haridwar		google:hotel			
g-ChIJs5rOeQBHCTkRbWkFq7zx_GQ	Vatsalya Ganga Ashray	haridwar		google:hotel			
g-ChIJIwvQIWhHCTkRk1DSlnC3Zyc	Daksh Homestay	haridwar		google:private_guest_room			
g-ChIJGcjFJWhGCTkR7i5riGhCs30	Agrawal homestay - Deluxe Double Or Twin Room	haridwar		google:lodging			
g-ChIJaxPmu2tGCTkRzR8pXIRxAU0	NTPC Transit Camp	haridwar		google:guest_house			
g-ChIJpeTEeABHCTkRUELKifOT5-w	Neeldhara	haridwar		google:private_guest_room			
g-ChIJGw6iLwBHCTkRAib7qDxJ5Ko	NTPC guest house	haridwar		google:hotel			
g-ChIJqT0Q9lxGCTkROu6EhNKBRSs	jain guest house	haridwar		google:guest_house			
g-ChIJ_w40LcdHCTkRIRQ0c-97zg8	SIRSA DHARMSHALA KANKHAL	haridwar		google:lodging			
g-ChIJl_EXfwBHCTkRWCfKlDgM7OE	Opposite Ganga sabha dharmshala kankhal haridwar	haridwar		google:lodging			
g-ChIJlTAu0nhLCTkRv0r_9N5oHMg	B4 Countryside	haridwar		google:resort_hotel			
g-ChIJqYjofQBLCTkRn0t6ym91wYc	Rakesh Rawat	haridwar		google:private_guest_room			
g-ChIJcTaZfFlJCTkRIgipNG0o1ow	Dr YP Singh	haridwar		google:lodging			
g-ChIJxUFRHdFLCTkRibxTar0dkCw	The Mango Tree Resort	haridwar		google:resort_hotel			
g-ChIJ-7kxNgBJCTkRAmID5Pd0WNk	Shakti nagar coloni	haridwar		google:hotel			
g-ChIJYezNRwBJCTkR2kkPsTHXCZM	Chandrashekhar Singh	haridwar		google:private_guest_room			
g-ChIJtZNypGBJCTkR-eipUWmVNNE	Prakash guest house	haridwar		google:guest_house			
g-ChIJd_nQ4J9JCTkRUBb2oHTtTGE	Leela Niwas	haridwar		google:lodging			
g-ChIJzSAtYHRJCTkRvjcNvgMqgbY	Revking at Hotel Riverview	haridwar		google:hotel			
g-ChIJ5z1EisRJCTkR5OcAdujjjrk	Hotel Vistara Grand	haridwar		google:hotel			
g-ChIJnUu7vaFJCTkRrZAJKceqJhE	Golden Tree Banquet & Hotel	haridwar		google:hotel			
g-ChIJi16RswVJCTkR3Hg50NYRY00	PRAMILA GUEST HOUSE	haridwar		google:hotel			
g-ChIJDTHnzH1JCTkRe7gbdyHcuKM	Collection O Hotel The Orient	haridwar		google:hotel			
g-ChIJyWKuRQBJCTkRtQ8-DS9L9wo	Bhatnagar home	haridwar		google:hotel			
g-ChIJc16TrhNJCTkR64aT8WLsSMQ	Hotel Red Wood	haridwar		google:hotel			
g-ChIJYQxAKQBJCTkRLbHujlDbCM8	Guddu Kumar बहादराबाद	haridwar		google:hotel			
g-ChIJia3FSABJCTkRZ2FjZukTCLs	Aman	haridwar		google:hotel			
g-ChIJpRiRNEJJCTkR-pi0lMt269U	Ashu Dhaba	haridwar		google:hotel			
g-ChIJe9co3t9JCTkRsLrC3YnhJQY	Ajay	haridwar		google:hotel			
g-ChIJiUfotWpJCTkRd6WEBx-qZO8	Vishu malyan house	haridwar		google:private_guest_room			
g-ChIJbcI8BKlJCTkRmjekMwDoDCs	Chauhan Protik Store	haridwar		google:hotel			
g-ChIJkdm3RgBJCTkRNgvDPY4NHuY	Mahindra Haridwar guest house	haridwar		google:private_guest_room			
g-ChIJTVkdAPxJCTkR3TErboU53ic	Vinit Chauhan ( Virasat) Guest House	haridwar		google:guest_house			
g-ChIJ0_3ez4xJCTkRfOm9rdDX9XM	Luminous Guest House Haridwar	haridwar		google:bed_and_breakfast			
g-ChIJpzEmnfBICTkRr837QY96rEs	Hotel Prashant Grand	haridwar		google:hotel			
g-ChIJz_pyyNFJCTkR-qb5VUmepEg	Pulp Hotels	haridwar		google:hotel			
g-ChIJi1xETahJCTkR6t1Q-c0KAW0	Stallion Hotel	haridwar		google:motel			
g-ChIJbacMQQBJCTkRJhKLYfbvMN4	Rasmi	haridwar		google:hotel			
g-ChIJLWyZNgBJCTkRX95d3Jv_pOw	Hotel de Glace	haridwar		google:hotel			
g-ChIJN6K-stdJCTkR4n4F7764X5E	Hotelier	haridwar		google:hotel			
g-ChIJQzLOngJJCTkR1v-DJgPa42E	Jungle Nest Retreat Resort	haridwar		google:resort_hotel			
g-ChIJDY4mMe1JCTkRm0NP0o7F3Lg	Elysium Hotel	haridwar		google:hotel			
g-ChIJE7MbdPRJCTkRHjRo5gLufEQ	Happy Home Stay	haridwar		google:hotel			
g-ChIJj38vTwBJCTkRMDygMfNRdlc	Ashwini Reseedency House	haridwar		google:private_guest_room			
g-ChIJ0_2DRwBJCTkRb_biHJsq-kw	TO,ROCKY KASHYAP	haridwar		google:private_guest_room			
g-ChIJb6C4kftICTkRbzkVZIfpKCQ	Siddhant Guest House - Standard King Room	haridwar		google:lodging			
g-ChIJHVitSABJCTkRLFD6cZTFoGU	Manoj arajpit	haridwar		google:private_guest_room			
g-ChIJmah_4X5JCTkRE4mwTE7SC9c	Siddhaant Guest House	haridwar		google:guest_house			
g-ChIJTazYBABJCTkRB22M5TrN7pM	Salochna PG	haridwar		google:hostel			
g-ChIJVX6FIVZICTkRgluckIoswYg	Maa ganga pg and guest house	haridwar		google:guest_house			
g-ChIJg2CFrVNHCTkRwO7p1vs90KM	Hotel Parakh Haridwar	haridwar		google:hotel			
g-ChIJJZ0QqUBJCTkRA8hlKlCc1Us	Bismillah hotel	haridwar		google:hotel			
g-ChIJ3RQBfJ1JCTkRXEEYnJcd4fU	Prajapati Niwash	haridwar		google:private_guest_room			
g-ChIJK7vF7qdHCTkRQLqElasdecg	New Royal Guest House	haridwar		google:guest_house			
g-ChIJl_9lql9HCTkRQuUTj9LmbOk	New Kwality Resturant	haridwar		google:north_indian_restaurant			
g-ChIJ01YkAoxHCTkR9MMqu-4Atww	Oaktel Hotel Haridwar - Best Budget Hotel in Haridwar | Family Hotels | Top Comfortable Hotels in Haridwar	haridwar		google:hotel			
g-ChIJOWB58jdGCTkRBH5YmLA0b1g	Hotel Jagat inn	haridwar		google:hotel			
g-ChIJdUdWaTdGCTkR98Ts3MylKIQ	Hotel heavens	haridwar		google:hotel			
g-ChIJd0sr5D5HCTkR7Lflvum14ns	Hotel Sharang	haridwar		google:hotel			
g-ChIJ-xzcM5xICTkR6eD410npbgE	Hotel Satkar	haridwar		google:hotel			
g-ChIJfbqTaRtHCTkRYzi5fRDyUWA	Hotel Rose Inn	haridwar		google:hotel			
g-ChIJPXseIThGCTkRqdb_yLgyfgM	Hotel Haveli Guest House Haridwar	haridwar		google:hotel			
g-ChIJPdJLeB5HCTkRrCJKHEsVEzM	Sainik Vishram Grah	haridwar		google:hotel			
g-ChIJFzoRCwBHCTkRh76wSRX-3L0	BHEL ET hostel	haridwar		google:bed_and_breakfast			
g-ChIJb5BQFXxHCTkRCfRURKtVm7M	sen samaj dharamshala .	haridwar		google:lodging			
g-ChIJXT7q00dGCTkRBf0UHv6YtFI	Hotel Mother Land	haridwar		google:hotel			
g-ChIJmynKvk5GCTkREHjoOdk4RKk	Hotel City Park Haridwar	haridwar		google:hotel			
g-ChIJI6KPSjFHCTkR_iutCa6GMxE	Hotel Golden Peacock By Haven On Hill	haridwar		google:hotel			
g-ChIJhefpI5xHCTkR04Kl23FFO40	Hotel Suraj	haridwar		google:hotel			
g-ChIJCSnx1zRHCTkRaU0PL8B-ZbE	Hotel Ramawati by Sitara Group	haridwar		google:hotel			
g-ChIJ_-EFkANHCTkRla158pefnlg	Shri ganesh bhawalpur dharamshala	haridwar		google:hotel			
g-ChIJmw2EmEVGCTkRyXSaA88LtsU	Hotel The Abode 3 star equivalent	haridwar		google:hotel			
g-ChIJp9tPSfhHCTkRCqNBORQ2zaM	Divintra Hotel The Rio	haridwar		google:hotel			
g-ChIJbWzr3k1GCTkRTA9grMjAR-A	Hotel Devdham	haridwar		google:hotel			
g-ChIJZw7CgzVHCTkRj54fEJ5fovs	Perfectstayz Group Hotels & Resorts	haridwar		google:hotel			
g-ChIJ56KzvlZGCTkRV59lvPAYBIg	Hotel Parth	haridwar		google:hotel			
g-ChIJD5LBS3BHCTkRK0NoES0nEUE	TARACHAND STORE	haridwar		google:hotel			
g-ChIJ3Y3YXlJGCTkRPx1GCNK612k	Kamboj Bunga	haridwar		google:hotel			
g-ChIJbWzr3k1GCTkRf0Ax6161KNc	Hotel Riya Residency	haridwar		google:hotel			
g-ChIJcWKogFJGCTkRsaDX0s51Zds	Kathiya Baba Ashram, Haridwar	haridwar		google:hotel			
g-ChIJKR9wpVdHCTkRgTROfM9rBNo	Perfect Stayz Homes	haridwar		google:private_guest_room			
g-ChIJcQCOgTNHCTkRQ7qHJJbgcIg	4 Gyanlok HomeStay	haridwar		google:private_guest_room			
g-ChIJ6yDNcVJGCTkRR6mT5C_lXDM	UVs Homestay - Deluxe Double or Twin Room with Balcony	haridwar		google:lodging			
g-ChIJ0Wkwp0ZGCTkR83uVGtNmEIg	Abhi Ganga Homestay - Deluxe Double Room (2 Adults + 1 Child)	haridwar		google:lodging			
g-ChIJ6yDNcVJGCTkRggGODGAIb6Y	UVs Homestay - Double Room with Extra Bed	haridwar		google:lodging			
g-ChIJU9RsHPRHCTkR0oa85SsT4kQ	Rashmiganga - gateway to peace	haridwar		google:private_guest_room			
g-ChIJC50AZlJGCTkRKdodVYg-9sQ	Shiwalik Grand- 7bedroom luxurious homestay	haridwar		google:lodging			
g-ChIJYeAL_khGCTkRk4yzTmqbHHY	Wildflower Guest House	haridwar		google:guest_house			
g-ChIJ25x32k1GCTkRPhIb7cWYBUI	Daksh Guest House	haridwar		google:hotel			
g-ChIJqVG57hFHCTkRao-ccDeSBg4	Sharma Guest House	haridwar		google:hotel			
g-ChIJS26DrshHCTkRPyB5kWNH2jw	Deepak Chaudhary	haridwar		google:hotel			
g-ChIJYSSCF1tGCTkRA4l5JQLrhe0	Chandravanshiya Kshatriya Khati Samaj Dharmshala, Haridwar	haridwar		google:lodging			
g-ChIJtcp0UDBTl6oRWRispfnLW7I	yatrimap	haridwar		google:travel_agency			
g-ChIJK2kOLVdGCTkRZmXFpWxioZg	Sitaram Dharamsala	haridwar		google:lodging			
g-ChIJew_VYVpGCTkRjJ2UDcdVf4s	Shanti Bhawan The peace Palace	haridwar		google:hotel			
g-ChIJC1aK2kVGCTkREhG0vcXzkVU	Yadav Dharamsala	haridwar		google:lodging			
g-ChIJ_7iVOVpGCTkRPC61GXfpBYA	Ruia Dharamshala	haridwar		google:lodging			
g-ChIJIalVeABHCTkRUmVby-yZmtc	Hotel Raj Gyan Niwas	haridwar		google:bed_and_breakfast			
g-ChIJf_nq3m1HCTkRkTbRn04BTko	Aggarwal Dham	haridwar		google:hotel			
g-ChIJ--c0gcBHCTkRWEJBntbEwmw	Khukhrayan bhavan dhramsala	haridwar		google:lodging			
g-ChIJBf-Z4r1HCTkRmQe1IGtoZDk	Sikka Dharamshala Trust	haridwar		google:lodging			
g-ChIJ61GpBNZHCTkRJ3u4ywIbMfU	Rajgarh Dhamsaal	haridwar		google:hotel			
g-ChIJ-YjpPTRHCTkRxAQWC4NzFx8	Bagiya	haridwar		google:lodging			
g-ChIJIZIXjFpGCTkR0MhO1zG4AOE	Cozy Retreat - Two-Bedroom Apartment	haridwar		google:lodging			
g-ChIJoYMOhZpHCTkRAjGyNqyvMQU	Chetna Nand Ashram Haridwar	haridwar		google:campground			
g-ChIJi6FRVP5GCTkR1YJLZa7TqhQ	Tourist Bungalow	haridwar		google:hotel			
g-ChIJczfzC_1GCTkRKdxfLybyrqE	Sunnyside up Homestay	haridwar		google:lodging			
g-ChIJkxqmBlZGCTkRHt-mcoqKEhc	Mittal Dham	haridwar		google:lodging			
g-ChIJ_3HT9P9GCTkRCal59ZB3Mhk	Sant Satram Dham Trust	haridwar		google:lodging			
g-ChIJb4EG2sprCTkR9_zWU39ycPA	Himalaya Anandam Resort	rishikesh		google:resort_hotel			
g-ChIJL1NpFRNJCTkRsI9cmoLOk8w	Hotel Golden Village Sidcul Haridwar	haridwar		google:hotel			
g-ChIJI1KPTABLCTkRNAtDrJO64vw	Realme P1 Pro	haridwar		google:hotel			
g-ChIJ20p8jetJCTkRMEuij3GPGfA	White House	haridwar		google:hotel			
g-ChIJeyrbaLJJCTkRQ5NSeKUA6TU	Hotel Kiran	haridwar		google:hotel			
g-ChIJTX4d0ZlJCTkRzSi4eX6rVbA	Hotel Kedar Ganga	haridwar		google:hotel			
g-ChIJtYdv7aFJCTkR4y2_QH3uHxI	Nitin	haridwar		google:hotel			
g-ChIJVzqjH-ZJCTkRVngdAgoGDfY	Raju bhai househouse	haridwar		google:hotel			
g-ChIJHegOn6lJCTkRrxGHmomVvR4	Sagar room	haridwar		google:hotel			
g-ChIJezSyCABJCTkRtOBKsg1Whlk	Shree Radhe Krishna Bhawan	haridwar		google:private_guest_room			
g-ChIJx_6TQgBJCTkR-ruY92vNO4g	Singh bhawan	haridwar		google:private_guest_room			
g-ChIJt6KBNjlJCTkRs4aQxB_p0Vo	Svarn telecom	haridwar		google:lodging			
g-ChIJdzYsXABJCTkRjqpLQ-Yc8DA	Arvind Singh	haridwar		google:private_guest_room			
g-ChIJPUItWgBJCTkRKONwEsRZK2w	Dencho chowk	haridwar		google:campground			
g-ChIJ0X0lVQ1JCTkRcDZg8JPZ7As	Hotel RK INN	haridwar		google:hotel			
g-ChIJrZuZ_GNyCjkRtCC8gFz-c4s	NININININI	haridwar		google:hotel			
g-ChIJQa7yX1VJCTkRY0ZhQkFWDmo	PG unique home	haridwar		google:private_guest_room			
g-ChIJ495aQa1JCTkRxpdbds9AUEI	Hotel Akshat,Sizzling Treat Bar & Restaurant	haridwar		google:hotel			
g-ChIJSQN38QdJCTkRZo9agCYGjco	Pals pg and guest House	haridwar		google:guest_house			
g-ChIJN3KU93NICTkR6uHQqzDN4PI	Machaan Guest House	haridwar		google:guest_house			
g-ChIJy6_2KUVJCTkRxn-TkEsNvHM	Ranipur FRH	haridwar		google:camping_cabin			
g-ChIJ8YPISgBHCTkRDfdIP39sh8s	Haridwar station	haridwar		google:hostel			
g-ChIJVVVVFGdICTkRHCNQ6kajmlQ	HGV - Hotel Ganga Vibes	haridwar		google:hotel			
g-ChIJv2zDukxHCTkRVeinCgc6qC4	Hotel Deep Ganga	haridwar		google:hotel			
g-ChIJw4vFsh5HCTkRaUM6CX2uUnM	Hotel Lucky Inn	haridwar		google:hotel			
g-ChIJJQgDkP1GCTkRVNzbrbBbaSE	Hotel Vikrant	haridwar		google:hotel			
g-ChIJB3QJBblHCTkRECS2vLErM0M	Hotel chaddha	haridwar		google:hotel			
g-ChIJdXpoDoFHCTkRGGqNXOuNZ60	Hotel Vedansh	haridwar		google:hotel			
g-ChIJo_sFyr5HCTkR6l9hwko5jzw	Hotel Le Grace	haridwar		google:hotel			
g-ChIJI9jzAQBHCTkRSAfFAPIXpT0	Hotel modi inn	haridwar		google:hotel			
g-ChIJAxVmwWhHCTkRK-H-W01S-xI	Hotel Haven	haridwar		google:hotel			
g-ChIJMxV2nQFHCTkRaA8eUHcH7P4	Hotel Madhav	haridwar		google:hotel			
g-ChIJ9bFOt6pHCTkRW326dHQxyQU	Hotel City Centre	haridwar		google:hotel			
g-ChIJn4rTVINHCTkRqH6aG7SLHa8	Hotel Raghuvanshi	haridwar		google:hotel			
g-ChIJUcLeJnpHCTkRnc7PVxwKbfc	hotel belle rose	haridwar		google:hotel			
g-ChIJJ0vESxxHCTkRjV3Yx09kF5g	Hotel Shri Mahakal Eternal Haridwar	haridwar		google:hotel			
g-ChIJA219zqpHCTkRiqNJ3AQyrv0	Hotel Sachin International	haridwar		google:hotel			
g-ChIJLUiI5bdHCTkRqk1S0XS0f-w	Hotel Daksh	haridwar		google:hotel			
g-ChIJf3C9PgBHCTkRiJ-G_nhchm4	Hotel Jimmy	haridwar		google:hotel			
g-ChIJzdYBapJHCTkR3QB7GRWR1Gc	HOTEL UMAPATI HARIDWAR	haridwar		google:hotel			
g-ChIJJQgDkP1GCTkRC1E730yZ5Ro	Hotel Vishu & Clock Room	haridwar		google:hotel			
g-ChIJM6OCbA5HCTkRHvkzg8fTVyE	Arpit Guest House	haridwar		google:hotel			
g-ChIJ6XQRrapHCTkR6uDSxXDDxtc	Bhagirathi Vihar Yatri Niwas (Hotel)	haridwar		google:hotel			
g-ChIJsxtBo6VHCTkRFDTnhZOy-UA	Hotel Girnar	haridwar		google:hotel			
g-ChIJG3NkAwBHCTkRfiCp0aRrNgA	Ek onkar Dham	haridwar		google:hotel			
g-ChIJG5oTFwBHCTkREfdlz3daWaU	mansarover	haridwar		google:hotel			
g-ChIJvY3_6P9GCTkRdvU4PYzn0nQ	Khanaiya Hotel	haridwar		google:hotel			
g-ChIJ-wUN5_9GCTkRsccr5gszjqI	Hotel Nirmala	haridwar		google:hotel			
g-ChIJaackMgBHCTkRN6iH_azp9eo	Hotel Sant	haridwar		google:hotel			
g-ChIJA4KiDgBHCTkRXPuxQy5bRo0	Narayani Guest House	haridwar		google:guest_house			
g-ChIJJeSq8qpHCTkRJ6rFy02OH7Y	HW Retiring Room	haridwar		google:hotel			
g-ChIJ6fDibxJHCTkRiryMXEpVKWo	Durga Travels	haridwar		google:hotel			
g-ChIJU6B58xpHCTkRuEsAw4vCYkA	Hotel Anand At harkipauri road haridwar	haridwar		google:hotel			
g-ChIJPX5n_z1HCTkRvBrK9dj9vrE	Arina Vedic Haveli	haridwar		google:hotel			
g-ChIJGXylYABHCTkR2KVdIOSRMq8	Hotel Banke Bihari Haridwar	haridwar		google:hotel			
g-ChIJZx1M4SVHCTkRcs1wv7LMBCk	Hotel Sanyal Inn - For Dream Holidays	haridwar		google:hotel			
g-ChIJISq_RBpHCTkRUYmgEKyB4aI	Hotels4u	haridwar		google:hotel			
g-ChIJzYjXBfFHCTkR6HawJ6HE7Hw	Radhey Shyam Guest house by Stellar Living and Hospitality	haridwar		google:hotel			
g-ChIJ280CVwBHCTkR4MEBrSKuvM0	Hotel RK Residancy	haridwar		google:hotel			
g-ChIJNQtvDwBHCTkRpdv_n-ePPqo	Hotel The Nilaya	haridwar		google:hotel			
g-ChIJ_YWcAQFHCTkRINU1nncJrOY	Hotel Gayatri	haridwar		google:hotel			
g-ChIJh-LmpgFHCTkROHAqrLoWnyM	Radiant Hotel	haridwar		google:hotel			
g-ChIJcbgIsQFHCTkRHdDRrbk6qpc	Hotel Uttaranchal	haridwar		google:hotel			
g-ChIJE175w6xHCTkRheUo1xHp61Q	Hotel Nileshwar	haridwar		google:hotel			
g-ChIJYWKNdo9HCTkRmPFlJa8YQ9U	Hotel Wazeer	haridwar		google:hotel			
g-ChIJL87OMldHCTkRjUvrl24Yn1U	basanti devi yatri nivas	haridwar		google:hotel			
g-ChIJJQgDkP1GCTkRsT5Pus2klAU	Shivalik Hotel & Restaurant	haridwar		google:hotel			
g-ChIJz3h0cT1HCTkR7n4BiNhZ6Xs	Hotel Ahuja	haridwar		google:hotel			
g-ChIJA91wzvxHCTkR0NmINugsEkc	Hotel Lions	haridwar		google:hotel			
g-ChIJBam6kRBHCTkRcTgeV1zb1r8	Hotel Ganga Nihar	haridwar		google:hotel			
g-ChIJK2uZi8dHCTkRd0L5ZStaJWA	Hotel Anmol	haridwar		google:hotel			
g-ChIJHTfpjQxHCTkRqDhSw5JIjKc	Hotel Bhagat ji Atithigrah	haridwar		google:hotel			
g-ChIJC49Wy4NHCTkRkayr9wSx4Ng	Ganga Tatva	haridwar		google:hotel			
g-ChIJxQdJhARHCTkReRTZYGzSMZ8	Hotel Gangotree	haridwar		google:hotel			
g-ChIJ3aCuLypHCTkRhhufcZCPYHo	Hotel Gauri Gangaa	haridwar		google:hotel			
g-ChIJHcVs4_1HCTkRPhZaa8V0EBk	Hotel And Cab Service -Haridwar	haridwar		google:hotel			
g-ChIJf7vyYgNHCTkRXLQsxEfA7Uc	Hotel Aakashdeep	haridwar		google:hotel			
g-ChIJBZxM7gNHCTkReu2CQzHQGxw	Derawal Bhavan	haridwar		google:hotel			
g-ChIJJQgDkP1GCTkRxBBoIqhcY3c	Hotel Sona	haridwar		google:hotel			
g-ChIJX2QgJQBHCTkR_hzhNAf2nQM	Hotel vadik Stay	haridwar		google:hotel			
g-ChIJWUkUzqxHCTkR7lY-4iFR7QI	Nainital bhawan	haridwar		google:hotel			
g-ChIJJQgDkP1GCTkRTIHKvC0KEks	Hotel Suryodaya	haridwar		google:hotel			
g-ChIJi3L1pF9HCTkRgc9uV9ZOsaA	Bharti Bhawan Lodge	haridwar		google:hotel			
g-ChIJ33_3pM5HCTkRlu-AGu6Q3NA	Hotel Raj Shree Harki Pauri	haridwar		google:hotel			
g-ChIJTaDbXBpHCTkRrru1e3TYaOI	Hotel Osho	haridwar		google:hotel			
g-ChIJJQgDkP1GCTkRVArU7i_mmII	Alka Hotel	haridwar		google:hotel			
g-ChIJsZBUxA1HCTkRURnua6oDGrM	Hotel Goddess Ganga	haridwar		google:hotel			
g-ChIJJQgDkP1GCTkRKiFj0oGNPc4	Ram Lodge	haridwar		google:hotel			
g-ChIJoQhUJBtHCTkR8sGz1zP_LTw	Rishi Ganga Hotel	haridwar		google:hotel			
g-ChIJPTJPRD1HCTkRqk5hUm_iosI	OYO 82653 Hotel Devbhoomi	haridwar		google:hotel			
g-ChIJNU2pb61HCTkRlqzN3hirRCM	Narayan Guest House	haridwar		google:hotel			
g-ChIJy8-pTABHCTkRD9fTb0M1XbU	Naai ghat harki podi	haridwar		google:hotel			
g-ChIJDQb6kxBHCTkRDDd-MH-VJFg	Shri Kheteswar Bhawan	haridwar		google:hotel			
g-ChIJBRSqCwBHCTkR8rrg6ziSelY	Rajkuteer Homestay	haridwar		google:hotel			
g-ChIJZ1_unrpHCTkRYdoQE_soLfM	RH Rani pujan Bhandar	haridwar		google:private_guest_room			
g-ChIJGd4g10JHCTkROogv_DjsBM4	Vasu Guest House	haridwar		google:hotel			
g-ChIJBeb-dQBHCTkRrVrKUYELH0I	Astha dham, bhupat wala haridwar	haridwar		google:private_guest_room			
g-ChIJWeDVYwBHCTkRH8DL28GGFQA	Jammu wali dharamshala	haridwar		google:private_guest_room			
g-ChIJRUxRTx5HCTkRbUWjEOvjkZI	Kashmiri welfare society haridwar	haridwar		google:private_guest_room			
g-ChIJeZ9AOgBHCTkRDKH7D61AwKw	Sindhu Guest House	haridwar		google:hotel			
g-ChIJi1XmzQFHCTkRSxgwtAGGujQ	Himadri Guest House , Haridwar	haridwar		google:hotel			
g-ChIJwWQG3P9GCTkR4AeGg578JPM	Gayatri Guest Hous	haridwar		google:guest_house			
g-ChIJmbF8tqpHCTkR0MhPXm5g5cQ	Pulkit Guest House	haridwar		google:guest_house			
g-ChIJ87BJMIBHCTkRb0ecSBRjsOU	Om guest house	haridwar		google:guest_house			
g-ChIJ1weVtqpHCTkRzbNeW3s6nS0	Mahamaya Guest House	haridwar		google:guest_house			
g-ChIJPZga4v9GCTkRiLwmx5S53GA	HMSHAL GUEST HOUSE Travel House	haridwar		google:hotel			
g-ChIJgYM93_9GCTkRYTBzjD5enW0	Sarthi Guest House	haridwar		google:hotel			
g-ChIJnW3zMgBHCTkRZJKgYYmRxJs	Hotal alpaca	haridwar		google:hostel			
g-ChIJTaDbXBpHCTkR9rEmi3FhIYY	Gaurav Lodge	haridwar		google:lodging			
g-ChIJu_yk6RpHCTkR5-w2dUVvPYI	Mandir Mata Vaishno Devi Dharamshala	haridwar		google:lodging			
g-ChIJk0UYJhtHCTkRIEjpzXoV-aU	Shri Jat Dharmshala Samiti Haridwar	haridwar		google:lodging			
g-ChIJFRrAcgFHCTkRCN00qmewRuw	Sindh Panchayat Dharamsala	haridwar		google:lodging			
g-ChIJs2r0G7hHCTkRU4m-6rwXoQk	Punjab Mahavir Dharamshala	haridwar		google:lodging			
g-ChIJNVJVigFHCTkRsh0tjOaEP94	Sindh Samaj Dharmshala	haridwar		google:lodging			
g-ChIJo-P7ewNHCTkRdFJQ9RtvBNs	Dharmshala Seth Satram Das Maheshwari	haridwar		google:lodging			
g-ChIJ5WH8GwBHCTkRJy9EGZFPgds	श्रीमती धनदेवी खन्ना धर्मशाला ट्रस्ट	haridwar		google:lodging			
g-ChIJGfKqxwFHCTkR1NnjsDvTVbI	Garhvali Dharamshala	haridwar		google:hotel			
g-ChIJZ3ZQhQFHCTkRkCyW1-sytOg	Karnataka Dharmshala	haridwar		google:lodging			
g-ChIJsxlj1v9GCTkRHsEQ8SZhr5w	Shri Namdev Dharmshala	haridwar		google:lodging			
g-ChIJZTBVXwFHCTkRzoY4X8S9Awk	Lucknow Dharmshala	haridwar		google:lodging			
g-ChIJ7SFghARHCTkRYfp7N_KRt_U	Narsingh Bhavan Haridwar Trust Dharmshala	haridwar		google:lodging			
g-ChIJu8QDlQFHCTkRiU8Irf_e8SE	Gujranwala Bhawan	haridwar		google:lodging			
g-ChIJa6p7oA5HCTkRhItdpmATNGQ	Shanti Niketan (Sindhi Dharamshala)	haridwar		google:lodging			
g-ChIJG7K65v9GCTkRsbAFAzyQBY8	Bannu Biradri Dharamshala	haridwar		google:lodging			
g-ChIJmVjsPgBHCTkRsXLal52RoMM	Godri Wala Dham	haridwar		google:lodging			
g-ChIJ1Sl1xv9GCTkRWlUTcnZUdp4	Vishwakarma Charitable Trust, Suthar Samaj Bhawan	haridwar		google:lodging			
g-ChIJZ4A4kRBHCTkRCjfoQFRCjJg	Jodhpur Bhavan	haridwar		google:lodging			
g-ChIJFd7i6BBHCTkROnZJhTCoTX0	Shri Karnwal Ashram	haridwar		google:lodging			
g-ChIJV8DDnwRHCTkR3KP6MAvL9to	Chakhan Makhan Dharamshala	haridwar		google:lodging			
g-ChIJoZIgLgJHCTkRAwC6ltWIi2c	Madrasi Dharamshala (Kanchi Mutt)	haridwar		google:lodging			
g-ChIJxbNQAgBHCTkRRuQANegmxL8	Shri Bhagwan Gopi Dham Dharmsala	haridwar		google:hotel			
g-ChIJqRVggD9HCTkRUyWpaJF0c6c	Lala Prabhdyal Dharmshala	haridwar		google:lodging			
g-ChIJ7a55mgRHCTkRWBi4fh2fPg8	pt. Thandi ram Sewa Ram	haridwar		google:lodging			
g-ChIJ7ZqQIQBHCTkRdiH6NnbcVh0	Swami Madhavdas Dharmashala	haridwar		google:lodging			
g-ChIJly6ncwFHCTkRSE6lts9OcXo	Ludhiana Trust Dharmashala	haridwar		google:lodging			
g-ChIJE302eQRHCTkRUjiTZ_fVYWk	Bindraban Dharmshala	haridwar		google:lodging			
g-ChIJuY6PrI1HCTkR-1fc9HdAWwA	Bawari Dharamshala Haridwar	haridwar		google:lodging			
g-ChIJR8SqeRpHCTkRsb5zetYXGjw	Swami Shankaranand Dharm Arth Trust	haridwar		google:lodging			
g-ChIJiQXgTFVGCTkRBjSwLVC53Ps	Sri Ganga Nilayam Atithi Bhawan	haridwar		google:guest_house			
g-ChIJpTkNROVHCTkROIIQeRvhCu0	Sri Sri Bholagiri Dharmashala Main Ashram	haridwar		google:private_guest_room			
g-ChIJu8Ipyf9GCTkRCPyxPreEwWI	Mahawar Veshya Dharmsala	haridwar		google:lodging			
g-ChIJJZ6mEABHCTkRCsTzMWhKL5c	Gujarati Samaj Dharamsala	haridwar		google:lodging			
g-ChIJz_C7DABHCTkR0Gy8tFeMGak	Gopaldham ,hanuman Mandir ,jassram Road Haridwar	haridwar		google:hotel			
g-ChIJ23fzIgBHCTkRdUzAHu9GWp0	Shree Swami Shaukidas Udasin Ashram	haridwar		google:place_of_worship			
g-ChIJX6UJWwBHCTkR11zBFBWlr_A	Ram Bhavan	haridwar		google:lodging			
g-ChIJ0arlGQBHCTkRsQkOkX0z0cU	Smt J J Kundaliya Atithi Bhavan	haridwar		google:hotel			
g-ChIJoaoyRABHCTkRIeWFBIM5rNA	Soni dharmshala	haridwar		google:hotel			
g-ChIJ49TVZMZHCTkRTdGswMtsU2Y	Vishwakarma dharmshala	haridwar		google:private_guest_room			
g-ChIJp__VarNHCTkRTvoOS7AmiTE	Choksi Bhavan Gujrat Dharmashala	haridwar		google:lodging			
g-ChIJ4-U4PwBHCTkR5Ve0HmtA_88	Maidh Rajput Dharmashala	haridwar		google:lodging			
g-ChIJg9boQYpHCTkRhenJ_cW9myo	Lilasha dharamshala	haridwar		google:hotel			
g-ChIJYS103gFHCTkRZXrnB6aRVhY	Multan Bhawan	haridwar		google:hotel			
g-ChIJuV6tNgBHCTkRc9t87roxg3o	Swami Lelashaha Seva Trust	haridwar		google:lodging			
g-ChIJcxD0uWlHCTkRfy2Pz5V8a-I	BUDHLADA DHARAMSHALA	haridwar		google:bed_and_breakfast			
g-ChIJZ5G5fG1HCTkR6R3JVWR8IWk	Hotal	haridwar		google:hotel			
g-ChIJwW6tXUhHCTkRlQ3hku63_4g	Leela Sai Dharamshala	haridwar		google:hotel			
g-ChIJQ0_D8idHCTkRoyqQCm9GfjY	Hakim Gurun Ditta Mal Trust	haridwar		google:lodging			
g-ChIJt_lA7IBHCTkRwbMm-y7uusQ	Shree Bhawalpur Bhawan Trust	haridwar		google:lodging			
g-ChIJIyNZeRpHCTkRP__hOYSWTCM	Khukhrain Bhawan	haridwar		google:hotel			
g-ChIJ8Rxs5xpHCTkR8mGW7BZFPlM	Shankracharya Bhawan	haridwar		google:lodging			
g-ChIJd2UgJBtHCTkR8DyU0HFNMOA	Shiv Vishram Grah (Lodge) Haridwar.	haridwar		google:lodging			
g-ChIJt4lV_6pHCTkRq3WmQR7eOX8	Sanskar Stays Santal Sarai	haridwar		google:lodging			
g-ChIJR4u7ZLlHCTkRQAbb6ANY-I0	Lila Bhawan	haridwar		google:lodging			
g-ChIJLed_Eq5HCTkRscTdAUxUyW4	Ram Murti Goyal Dhrmsala	haridwar		google:hotel			
g-ChIJHUo0105HCTkRon3qIJg3qKw	Rajpurohit Bawan	haridwar		google:hotel			
g-ChIJG8tnELBHCTkRhNYOZVvRr18	Ananda Niketan	haridwar		google:camping_cabin			
g-ChIJRf77doBHCTkRLebHr7vdE8Y	Trinatra mobile repair	haridwar		google:lodging			
g-ChIJOSNXf6pHCTkRxF-6bdDcrEg	2-bedroom apartment in enjoyable Haridwar with AC	haridwar		google:lodging			
g-ChIJEe-y87ZHCTkRXyYlE8cOWRM	Logde	haridwar		google:lodging			
g-ChIJCfZrRwBHCTkR7VigbFGEwk8	My room	haridwar		google:lodging			
g-ChIJPXTUPVlHCTkRDiKivc1Lf3U	Ganga View Guest House	haridwar		google:guest_house			
g-ChIJy-C-aABHCTkRkZ2wRg9dUkM	Moonlight Farm House	haridwar		google:lodging			
g-ChIJP_H_vxlHCTkR-pGoHDDgTiQ	Rockwood 94 Guest House - Family Room	haridwar		google:lodging			
g-ChIJa4qCLwBrCTkRvForxbnQW9o	Bisht home stay	rishikesh		google:private_guest_room			
g-ChIJ2dgdrLhrCTkRtoZsQ4O5Nn8	Ulelaa	haridwar		google:lodging			
g-ChIJl611XMdrCTkRx7UTpbLBkKM	Hill Top Luxury cottage resort	rishikesh		google:resort_hotel			
g-ChIJqbOq9rxrCTkRjmiulitQW1Y	Romanchgiri Adventure Resort - Double Room	rishikesh		google:lodging			
g-ChIJ7T4iHxxtCTkRHUai__ywp2k	Ankit jakhmola	rishikesh		google:private_guest_room			
g-ChIJBxpZiq9tCTkRqr31xqoDV18	Badola Homestay	rishikesh		google:lodging			
g-ChIJjVFD6ZtJCTkRMO3tDZprdNU	room	haridwar		google:hotel			
g-ChIJCSRtnF5JCTkRCpsCwj3PCyE	Hotel Anshvi Grand	haridwar		google:hotel			
g-ChIJdYkmHelJCTkRrnqc0mhme1U	GANGA NAGARI INDUSTRIAL AREA BAHADRABAD HARIDWAR	haridwar		google:hotel			
g-ChIJf4CyJQBJCTkRz1itVqZO2bA	Sidharth enclave ganga hospital	haridwar		google:hotel			
g-ChIJLZbABQBJCTkRh--drvlwBEs	Swarnika's Mama Ghar	haridwar		google:private_guest_room			
g-ChIJ20GQOwBJCTkRCTym4g2QK1w	Nilgiri House	haridwar		google:hotel			
g-ChIJWQcAAPBHCTkRAAAAsFi6xWU	Hotel Nakshatra Inn	haridwar		google:hotel			
g-ChIJJQgDkP1GCTkRqe7JSmeZ5JE	Hotel Madhav	haridwar		google:hotel			
g-ChIJQ7FXIwBHCTkRB5_LX8zK2z4	Harsh	haridwar		google:hotel			
g-ChIJxTs9JG1HCTkR8yQzBshtMpQ	HOTEL PREM GANGA	haridwar		google:hotel			
g-ChIJJcMCTwBHCTkROK9HtsyRFhs	HOTEL SHIVAY INN	haridwar		google:hotel			
g-ChIJoUK4EOhHCTkRvbf2zQ7E_mw	Purbiya prajapati dharamshala	haridwar		google:private_guest_room			
g-ChIJV2mcCghHCTkRhE2Y8UqiBOM	Saralia vaish Bhawan Haridwar	haridwar		google:private_guest_room			
g-ChIJv0MTjD1HCTkRtqya1S8wwbs	Khatri bhawan	haridwar		google:private_guest_room			
g-ChIJd6mCz-FHCTkRkMSl0cX0Z2Q	ISKCON GUEST HOUSE	haridwar		google:guest_house			
g-ChIJDd5vyTlHCTkRFVI1nY2h3xk	Bilaspur Dharamshala Hardwar	haridwar		google:lodging			
g-ChIJ_53JVO5HCTkRBYrUQzUW6uI	Shree Akhil Bhartiya Marvadi Khatri Samaj Seva Samiti (Hinglaj Bhawan)	haridwar		google:lodging			
g-ChIJV4pyfihHCTkRwYKPgSMWSxM	Hotel Darshini Inn By S.K. Traders	haridwar		google:hotel			
g-ChIJQdfvjRNHCTkRNZizTITZzSA	Hotel Ganpati Plaza	haridwar		google:hotel			
g-ChIJWaMJKYJHCTkRdfWVu-BgW78	Hotel Pavani Inn Haridwar	haridwar		google:hotel			
g-ChIJbxIHTHVHCTkR2RQ892PIE3M	J.B.S Regency Hotel And Banquet	haridwar		google:hotel			
g-ChIJ5dAbqxZHCTkRPj5Bf7pla0Q	Hotel Bhaj Govindam	haridwar		google:hotel			
g-ChIJb95rautHCTkRnnG2X5er6qc	Hotel Natraj A Boutique Hotel	haridwar		google:hotel			
g-ChIJuS4bEH1HCTkRCSdReRMPR4s	Hotel Urban Hive	haridwar		google:hotel			
g-ChIJZxTrRQBHCTkRJj53hlV-QaM	Hotel Raghu Palace	haridwar		google:hotel			
g-ChIJldqvgkNHCTkR60NdGo5yutI	Shree Hari Ganga Dham	haridwar		google:hotel			
g-ChIJR5dUDK9HCTkRHBLc0x_ViVI	Hotel Shri Hari	haridwar		google:hotel			
g-ChIJgXR1zxRHCTkR8IJ7ir0cymQ	HOTEL GANGA GATEWAY	haridwar		google:hotel			
g-ChIJi6tyO_FHCTkRcwAWUqnBBUs	Hotel All Season	haridwar		google:hotel			
g-ChIJp6idfBNHCTkRzBpuOtYuURw	Krishna Dham Aashram	haridwar		google:hotel			
g-ChIJOUjFd0NHCTkRbr80ajuvyY0	Hotel Shiv Sai	haridwar		google:hotel			
g-ChIJ3cLL3TtHCTkR2yVjSaBkt_k	Oppo Rooms White Flower	haridwar		google:hotel			
g-ChIJxXERUQBHCTkRG31fH42EU40	Hotel shiv Ganga	haridwar		google:hotel			
g-ChIJ2T_KcBxHCTkRBCAeOKf0YM8	MANOJ HOTEL	haridwar		google:hotel			
g-ChIJWTukVapHCTkRXUhPB0JKB5c	The Baris Haridwar	haridwar		google:hotel			
g-ChIJgRboqBtHCTkRPAFQ5CCt7Gc	Hotel and dharmsala book	haridwar		google:hotel			
g-ChIJS0V_gotHCTkR6Kbqj-CXJQo	Soham ashram	haridwar		google:private_guest_room			
g-ChIJ3fhtzSxHCTkRXFJC2yEZmKk	Shri Akhand Dham Ashram (Rajpure Walean Di Dharamshala)	haridwar		google:private_guest_room			
g-ChIJ5TtfZP9HCTkRvDQx_zPtF70	Ramkali sadan Rohtak wale	haridwar		google:private_guest_room			
g-ChIJN_2HZsZHCTkRz6SoktU4A_8	Narayan Homestay	haridwar		google:private_guest_room			
g-ChIJ8Ta3zSlHCTkRpEsKTVXtz94	KILOI DHARAMSHALA	haridwar		google:private_guest_room			
g-ChIJYVrsfAlHCTkRSmAPmA5pT_I	Shivika Guest House	haridwar		google:guest_house			
g-ChIJk9XsbhpHCTkRsncLruxrjhs	Portyico	haridwar		google:guest_house			
g-ChIJpUgVXmNHCTkRzi_TsSurfRg	Kayastha Dharamshala, Haridwar	haridwar		google:hotel			
g-ChIJmdYlNUBHCTkRfpdYXRzJ9kU	Hotel Sound Sleep	haridwar		google:hotel			
g-ChIJ_cNXAEJHCTkR618Wo9lpKRA	Dilli Wali Dharmshala	haridwar		google:lodging			
g-ChIJc-_yqjdHCTkRAUUEOeiwLKw	Mandi Rampura phul Dharamshalla Haridwar	haridwar		google:lodging			
g-ChIJJQgDkP1GCTkRbXE8iH6GEJc	MANDI GOBINDGHAR DHARAMSHALA	haridwar		google:lodging			
g-ChIJqbLLCENHCTkRpIfSYL58_aM	Tayal Dharamshala Haridwar	haridwar		google:lodging			
g-ChIJOfz_GkNHCTkRjaMkgBnU0RI	Shanti Niketan Dharamshala	haridwar		google:lodging			
g-ChIJaxPGCGpHCTkRw_uEy26kIKs	Harbhajanka Dham	haridwar		google:lodging			
g-ChIJtUXKhsZHCTkRsUPIu0q8LeE	Rajput dharemshala jodhpur sambhag haridware	haridwar		google:motel			
g-ChIJFyxa4ENHCTkR56__yFqe_ls	Laxmi Bela	haridwar		google:lodging			
g-ChIJ____o1VGCTkRVAOfjPvfAhI	Shri Jagannath Dharamshala	haridwar		google:lodging			
g-ChIJPf8NUmtHCTkRnyp_WIZ7x8w	Kumar Bhawan (Kumar Dharamshala) Dharamshala	haridwar		google:lodging			
g-ChIJ-TNEWBNHCTkRvYg3iPk2KG0	Shree Raja Ram Dharamshala	haridwar		google:lodging			
g-ChIJO9l9shRHCTkR3uew88fro4U	Khukhrain Bhawan	haridwar		google:lodging			
g-ChIJr3S2oRRHCTkR5egJOKqQdpc	Lala Chandan Lal Seva Sadan	haridwar		google:lodging			
g-ChIJ2YydWRNHCTkR1cV0i1bH3Pc	Dainik Prarthana Ashram	haridwar		google:lodging			
g-ChIJTa1PPWtHCTkR3rCqQQyaimA	Shree Krishna Haridham (Trust)	haridwar		google:lodging			
g-ChIJaSxTMUJHCTkRHDmBW3YNqJ4	Sukh Karni Dham	haridwar		google:lodging			
g-ChIJb5q7fzlHCTkRlU0LoWcplDs	Yogiraj shri ram ji charitable trust	haridwar		google:lodging			
g-ChIJAYkprBRHCTkR_fCRBFVmX2g	Gokul Dham	haridwar		google:lodging			
g-ChIJowiw80FHCTkRQ3egxut4UsU	Shiv Shakti Dham Ashram Swami Harihardas Charitable Trust	haridwar		google:lodging			
g-ChIJ8YQ0MxVHCTkRxL8TwAOuA_E	HAIYA VANSI DHARAMSHALA	haridwar		google:lodging			
g-ChIJXxgmAWpHCTkRKXyIA5nyZuw	Lala Ram Kumar Vimla Devi Seva Sadan	haridwar		google:lodging			
g-ChIJkd0KGUJHCTkRUTe7Qx6YVFY	Moksh Dham Satsang bhajanand Hari Trust	haridwar		google:lodging			
g-ChIJM-niGgBHCTkR3lZwufXJnq8	Shanti kunj	haridwar		google:lodging			
g-ChIJlwjXGb9ACTkR6336_hbeh2I	Chilla Forest Rest House	haridwar		google:guest_house			
g-ChIJy9Ve2-w_CTkRBRbT2fHttag	Chilla By Garhwal Mandal Vikas Nigam	haridwar		google:hotel			
g-ChIJOwiU-1JBCTkR_Jb82PLNfE8	Rajaji Tiger Den Stay	haridwar		google:resort_hotel			
g-ChIJGwAAAJ1qCTkR95FmGV9iaZY	Krishna Raja Ji Downtown By GRB	haridwar		google:hotel			
g-ChIJ9fnfrKprCTkRHDiLt8d3GO4	Romanchgiri Adventure Resort	rishikesh		google:resort_hotel			
g-ChIJSfIltg1rCTkRgpMUhNRa0RA	Rawat ji Aasiyana home Stay	rishikesh		google:private_guest_room			
g-ChIJDyev6AFrCTkRBGMlGjm9mT0	Nature Soul Eco Heaven	rishikesh		google:resort_hotel			
g-ChIJPSIfHFRsCTkRDtiBzlMZV9s	Nature village resort	rishikesh		google:lodging			
g-ChIJ_Ux9MQBtCTkRyxgkL7clYyk	Nature village resort	rishikesh		google:hostel			
g-ChIJfz_21Vg1CTkRS2M48BaWFfU	Patanjali home stay	haridwar		google:private_guest_room			
g-ChIJ37JC6ZlJCTkRi4YJzTfPKjU	Upadhyay residences	haridwar		google:private_guest_room			
g-ChIJT9cQ0FpHCTkRWrgTtb8mNBY	Hotel Mithila	haridwar		google:hotel			
g-ChIJk7Aonl5HCTkR4z8DPJeY03U	Hotel Ganga Stone	haridwar		google:hotel			
g-ChIJgSR_mr9HCTkRAnNrPhpF1WU	Hotel Dream INN	haridwar		google:hotel			
g-ChIJGxO3HjA5CTkRMAFmGZo_C5A	Arihant Hotel & Restaurant	haridwar		google:hotel			
g-ChIJuViz8BNHCTkRdELrCoFVqrI	Hotel Sky Heights	haridwar		google:hotel			
g-ChIJCxVbnB5HCTkRe11sqlec9gM	Hotel Amishi	haridwar		google:hotel			
g-ChIJ6XpeUU9HCTkRReQaRzAaJQA	Hotel Savera Haridwar	haridwar		google:hotel			
g-ChIJe9clN_pHCTkRPddqTj7gIps	Hotel aashirwad haridwar	haridwar		google:hotel			
g-ChIJv8jPLVdHCTkRlXOJNifhp84	Hotel Ramaya Inn, Haridwar	haridwar		google:hotel			
g-ChIJ7dGovYBHCTkR4mnobJWekIQ	The Royal Aroma	haridwar		google:hotel			
g-ChIJNTtD_gtHCTkRWQfMPhsOyuY	Hotel Prem Ganga	haridwar		google:hotel			
g-ChIJ61r01U1HCTkRxlow8ohQXn0	Perfect stay Haridwar by YatriMap	haridwar		google:hotel			
g-ChIJOzW_FmhHCTkRYIRN7tuJHr8	Hotel Elgrovia	haridwar		google:hotel			
g-ChIJr24gJgBHCTkRW-d8e9q02IY	HOTEL THE RAMAINA	haridwar		google:hotel			
g-ChIJGQWyVM9HCTkRjxUWFpxCMNs	Hotel Ganga Crest	haridwar		google:hotel			
g-ChIJf0ERpd1HCTkRKbdgwcHrXjk	Shri Neelkanth Dham	haridwar		google:hotel			
g-ChIJyREPSgBHCTkRGffA6Ikrax8	Odd Rajput Dharamshala Satyam Vihar Bhoopatwala Haridwar	haridwar		google:hotel			
g-ChIJzWGGOVxHCTkRNvOB0ieiamc	Fabhotel Prime The Haveli Resort By Ks Group	haridwar		google:hotel			
g-ChIJ6-OgFABHCTkRaiHfxhiq5MA	Hote yuvraj	haridwar		google:hotel			
g-ChIJzQKm6OJHCTkRnMrVA5CaUcU	Goroomgo Bhameshwari Haridwar	haridwar		google:hotel			
g-ChIJ5STucOBHCTkRMa0tSybJk9E	Hotel Adarsh Residency	haridwar		google:resort_hotel			
g-ChIJkRtk5vBHCTkRNJSb2COro08	Hotel and restaurant	haridwar		google:hotel			
g-ChIJO9lnuLlHCTkRkr-boA5XQ4M	Hotel Grandstay	haridwar		google:hotel			
g-ChIJvw_gAwBHCTkRF1IAqmX3EY8	Hotel Chandra's Bhawan	haridwar		google:hotel			
g-ChIJl4KY8bhHCTkRortvFvDXpMw	Shree Ugam Bhavan (શ્રી ઉગમ ભવન)	haridwar		google:hotel			
g-ChIJoe7-YfdHCTkRN_Kx5NLxGIM	DLS Park Grace, Haridwar	haridwar		google:resort_hotel			
g-ChIJYQIjCwBHCTkR1CSmsuO1UNU	Sri kasi annapurna vasavi arya Vysya vrudhashramam & satram	haridwar		google:hotel			
g-ChIJbYJBbJhHCTkRuhQ0edWRo00	Capital O Hotel Park Grace	haridwar		google:hotel			
g-ChIJDRZzM41HCTkRdLZ6FgBwhDI	The ManStays (Homestay nearby Ganges)	haridwar		google:private_guest_room			
g-ChIJs9MicdVHCTkRE2Y0KuFD8ho	Nirvana Homestay	haridwar		google:private_guest_room			
g-ChIJ5QlCBltHCTkRqLQxqMeN2DA	Himachal Dharamshala	haridwar		google:private_guest_room			
g-ChIJQww2N1xHCTkR6tFLyFiZXdc	MAYA SEWA SADAN HARIDWAR	haridwar		google:private_guest_room			
g-ChIJK5kkRwA5CTkR1-XUhBqtIPw	Gohana ganga sewa dham	haridwar		google:private_guest_room			
g-ChIJ4-r0tlpHCTkRpuAM2jLC9xs	Morbi Sadan Sangam puri Area	haridwar		google:private_guest_room			
g-ChIJhefQkfJHCTkRwrgJGUliaQg	Shri Gopal Dham	haridwar		google:private_guest_room			
g-ChIJTfUEzTZHCTkRm7ZaKhhohAs	Rajeev Ji Hotel	haridwar		google:private_guest_room			
g-ChIJuaBv4yNHCTkRGU4uO05uoc8	SHRIMAD BHAGWAT DHAM	haridwar		google:private_guest_room			
g-ChIJp9vrgVlHCTkRNpyTVq8ac4s	Jammu Yatri Bhawan, Haridwar	haridwar		google:hotel			
g-ChIJyxW_deBHCTkRQwEbj96vdNA	Shivam Enclave	haridwar		google:camping_cabin			
g-ChIJmxihfltHCTkRr2QpfSkF3Qs	Olive Tree Resort, haridwar - One-Bedroom Apartment	haridwar		google:lodging			
g-ChIJVXEEdltHCTkRYfjfs5mmLsc	Five Elements Hotels - Haridwar	haridwar		google:hotel			
g-ChIJH3yTM0NHCTkRy8joe-uFZb0	Jangra Dharamshala	haridwar		google:guest_house			
g-ChIJoZVqUkBHCTkRBMilo36G3_M	Raavi Prem Sabha Dharamashala	haridwar		google:lodging			
g-ChIJGe8LbeZHCTkR0-RJLpxL-XM	Jagdamba Dham Dharamshala	haridwar		google:lodging			
g-ChIJEb_9PUBHCTkRNerU55F3VP8	Patiala Walo Ki Dharamshala	haridwar		google:lodging			
g-ChIJzw70ZFlHCTkRfo1OmkAzeGs	Jhang Bhawan	haridwar		google:hotel			
g-ChIJd0z20H5HCTkRGbsGQW6bRmA	Anand dham	haridwar		google:health			
g-ChIJ8ZuZWABHCTkRkqg8p3Xqgng	Vyas Dham	haridwar		google:lodging			
g-ChIJJQgDkP1GCTkRLo9M6WJLOC8	Maheshwari Bhavan	haridwar		google:hotel			
g-ChIJd60mXABHCTkRcIpgG6f3cBo	Jat Dharamshala	haridwar		google:hotel			
g-ChIJ7doq1vhHCTkRDfX3Jymejws	Sai Dharamshala	haridwar		google:lodging			
g-ChIJ7RNDruI5CTkRV_Drc9Piqr4	Manav sewa Dham	haridwar		google:lodging			
g-ChIJey3dps5HCTkR1isLzVbSzNU	Bhagwan Dev Ashram	haridwar		google:hotel			
g-ChIJtdwuJQBHCTkRjpYcEwoRtZs	Shiv Shakti Dham	haridwar		google:hotel			
g-ChIJj2BSQ1pHCTkRTL7t_mv9OSE	hanumat dham ashram	haridwar		google:guest_house			
g-ChIJuTpEfe4XCTkRsEuxknjhDm8	Shri Vivekeshwar Mahadev Ashram	haridwar		google:place_of_worship			
g-ChIJmWgEGAA5CTkR0Cxe8sacl8U	Sree gujrati shmaj haridwar dharmshala	haridwar		google:hotel			
g-ChIJdyqYLFlHCTkRsjve3kYG_vM	Shree Lalitamba Niketan Ashram	haridwar		google:lodging			
g-ChIJP2Iiq69HCTkRYUbMBSPczlA	Devsthan Expert	haridwar		google:travel_agency			
g-ChIJHXmVP9dHCTkRtlRjzYdHK_0	Pt. Lakhmichand Dharmsala	haridwar		google:lodging			
g-ChIJ5Rf7pl5HCTkRcU1XSHeJF0E	Luxe 2 BR. Slow Living Apartment by the ManStays!	haridwar		google:lodging			
g-ChIJP4cG62FHCTkR4C4S5QCYGYw	Hotel Arihant Haridwar	haridwar		google:hotel			
g-ChIJdyXbWslHCTkRT8NnXOR4w5k	Hotel Kalpna Drive Inn - Luxury Hotels in Haridwar	haridwar		google:hotel			
g-ChIJk9bOxy1HCTkRY5RhBJoP9js	Hotel Winola Inn	haridwar		google:hotel			
g-ChIJZ8mguzk5CTkRkBAfhmbfONI	Hotel Drive Inn	haridwar		google:hotel			
g-ChIJ83brcPRHCTkRvhK9tYw-JR4	HOTEL RADHE SHYAM	haridwar		google:hotel			
g-ChIJy79DEgBHCTkR7oY4ldwh6ss	Hotel Royal Inn	haridwar		google:hotel			
g-ChIJtTHEa6g4CTkREGihoa_4Dk0	Radikson hotel	haridwar		google:hotel			
g-ChIJyQsk4z05CTkRZuSqObJOQG0	Hotel Delhi Heart	haridwar		google:hotel			
g-ChIJrZ1kYwBHCTkR8Vm17rfLekw	Haridwar hapoy stay hotel	haridwar		google:hotel			
g-ChIJnRnF2NJHCTkRCVqG3IHtBx8	OYO Hotel Shiv Sarover	haridwar		google:hotel			
g-ChIJJ62fZABHCTkR7GSc8Dx5vlw	Shringi bhawan	haridwar		google:private_guest_room			
g-ChIJGccQAVU5CTkRqq92H96srT4	Gayatri homestay	haridwar		google:hotel			
g-ChIJvZgPL6Y4CTkRX5pHwF52ix0	Panchkula Bhawan	haridwar		google:lodging			
g-ChIJayt49XA5CTkRotSx9EBylwc	Umiya Dham Aashram	haridwar		google:hotel			
g-ChIJ25920E9HCTkRiJQ95NWzLiY	Dharma Ganga Cottages At Ganga Ghat	haridwar		google:hostel			
g-ChIJ_fjpCKg4CTkRrZPMOzvKeQ8	SHRI CHARAN GADHVI SEVA SADAN HARIDWAR | Shakti Kunj	haridwar		google:lodging			
g-ChIJ88QDK6g4CTkRXwdB0V2ECEs	Zila mianwali dharmshala	haridwar		google:lodging			
g-ChIJD5PKEqg4CTkRRSJSx_GCj5E	BANSAL SEVA SADAN	haridwar		google:lodging			
g-ChIJrXEzW6g4CTkRiKCq3VCHeu0	JANGID BRAHMIN SEWA SADAN	haridwar		google:lodging			
g-ChIJe__OfVFHCTkRgrGTxPUq0SE	Saptrishi Ashram, Haridwar	haridwar		google:hindu_temple			
g-ChIJ4SCx_G5HCTkReJx191_TVas	Rishi Prasad Sewa Sadan	haridwar		google:lodging			
g-ChIJFciZH1VHCTkR5spCBfMkdMA	Shri Santosh Puri Ashram (YogAnga Retreat)	haridwar		google:lodging			
g-ChIJJ3eGvghHCTkRP8-uRyiWJHU	Nirmal Sadan, Shantikunj	haridwar		google:lodging			
g-ChIJ0Wk4c1U_CTkR2qMHrJtit2o	Sabhya Sansar - Three-Bedroom Apartment	haridwar		google:lodging			
g-ChIJR4aV2k9HCTkR77YE96mWTIk	Yog Stays, Haridwar - Cottage, 1 Double Bed	haridwar		google:lodging			
g-ChIJa_UR6ek5CTkRP29hLkHf0D0	Nagarjuna Bhavan	haridwar		google:hotel			
g-ChIJK8eWUnBrCTkRcgs6DqIUVl0	Prshant Sharma	rishikesh		google:hotel			
g-ChIJ2XTebAA1CTkR72igxWVLjA4	Nimbadi Kala	haridwar		google:hotel			
g-ChIJXeM50mY1CTkRrDMyX1XEFzQ	Maharshi Kutiya 93	haridwar		google:hotel			
g-ChIJp06tEgA3CTkRAH_9LkjSZ4w	Nisarg Cottage	haridwar		google:camping_cabin			
g-ChIJ8cEhAZM5CTkRkRrAHWFtjt0	Hotel Sarovar Hill	haridwar		google:hotel			
g-ChIJT6HuMYk5CTkR6sEScqNqzas	Koyal dak kawad	haridwar		google:hotel			
g-ChIJ4entSwA5CTkRI1x3d8BkSZ8	Anand Tirth Homestay	haridwar		google:private_guest_room			
g-ChIJ6TYA-t45CTkRtp6QZKxrFkI	Forest Rest House	haridwar		google:lodging			
g-ChIJsTC0GK84CTkRveiUKish6YY	Ecobeds Haridwar	haridwar		google:hotel			
g-ChIJU-hTTDY5CTkRk32NtNgwN58	Amans Apartments | Homestays Haridwar	haridwar		google:private_guest_room			
g-ChIJcZJQ3FY5CTkRa1D-j2_VH8g	pravah stays and retreat	haridwar		google:private_guest_room			
g-ChIJT-lXnVY_CTkR8IHHbcNjjzo	Shivshakti Homestay	haridwar		google:lodging			
g-ChIJi1hWTwA5CTkRAw2sZ-9_jvY	Rahil	haridwar		google:hostel			
g-ChIJK6T-EyQ_CTkRNV1p3x9xS_I	Vanasutra Resort	rishikesh		google:resort_hotel			
g-ChIJl--xpiwVCTkR-rPSOtFgGJs	The nature resort	rishikesh		google:resort_hotel			
g-ChIJGwef0jQ_CTkRB69kwI0BRXQ	Hotel Aura Residency Haridwar	haridwar		google:hotel			
g-ChIJg-SwWzQ_CTkR-pEm1gXAlgs	Multan Bhawan, Raiwala	haridwar		google:hotel			
g-ChIJ5eTfpDM_CTkRi_KzXed28QA	Shiv Ganga Homestay - Apartment	haridwar		google:lodging			
g-ChIJ_5H8sXo5CTkREFKj2cC_fOY	3kms from Chelusain, Muatkhaal, Daand villa	haridwar		google:private_guest_room			
g-ChIJ9bLeCcA5CTkRvtm7s5SE8CY	Shree Ram guest house	haridwar		google:hotel			
g-ChIJ26w4iy4_CTkRmV1AHKXOtt4	7 Lines Homestay	haridwar		google:hotel			
g-ChIJCcmwW1g_CTkRiG1ZeZA3Mus	Subash	haridwar		google:hotel			
g-ChIJEVqj94M_CTkRlqDKs_LGcCk	Gauri Sweet Center	haridwar		google:hotel			
g-ChIJixj4s5M_CTkRPMGtlkSYnEM	Sai Pg and apparments	haridwar		google:guest_house			
g-ChIJG26B5Fw_CTkRpsXvuWCB1e4	Khari Farm	haridwar		google:farmstay			
g-ChIJ9SbYukM_CTkRTegVyxV3zi4	Riveron Homestay	haridwar		google:private_guest_room			
g-ChIJM-2UfgA_CTkRTEEb3dRyNfk	Forrest Delight Villa Homestay	rishikesh		google:private_guest_room			
g-ChIJF7wmkzM_CTkRtTXbL_6-U94	Neelkanth Villa	haridwar		google:private_guest_room			
g-ChIJ9UTvegA_CTkRK89K2tPf4OA	Shri Dev Bhoomi home stay	rishikesh		google:private_guest_room			
g-ChIJ6RoWPCg_CTkR8ZRujrZCQ8o	The Nature Escapes	rishikesh		google:resort_hotel			
g-ChIJI6Chn9Q_CTkRgHk-4WLTYGg	Rajaji forest inn	rishikesh		google:resort_hotel			
g-ChIJDXOvAaM_CTkRdKDuj_AQUiw	Jeevan Utsav Resort	rishikesh		google:resort_hotel			
g-ChIJuTnwKK8_CTkR__wygm_yvb0	Down town resorts	rishikesh		google:resort_hotel			
g-ChIJEYVxK70_CTkRhsIk4JtB30E	Van Vilas Resort And Spa	rishikesh		google:lodging			
g-ChIJUz1q1oY_CTkR-IFP4stTE5U	K G F RIVER COTTAGES	rishikesh		google:hotel			
g-ChIJOV55f3w_CTkRJS7w9uIZfE4	The Neeraj River Forest Resort - Resort in Rishikesh	rishikesh		google:resort_hotel			
g-ChIJVVCxCb8_CTkROfsWN-dFdko	Adventure Paradise	rishikesh		google:resort_hotel			
g-ChIJLbz16es_CTkRhv5PCFlnodM	Jungle Safari @ Rajaji Tiger Reserve by Rajaji Delight Homestay	rishikesh		google:wildlife_park			
g-ChIJl4Cjpr0_CTkRgX16eiyT0zc	Janki homestay - Deluxe Room	rishikesh		google:lodging			
g-ChIJl4Cjpr0_CTkRuZA04boMmxA	Janki homestay - Deluxe Room	rishikesh		google:lodging			
g-ChIJ_y8bJAAVCTkR_3-RLs5AFU4	Terra Green Aranaya	rishikesh		google:hotel			
g-ChIJU65sfNISCTkRDtoZEohr4OU	OYO HOME 70086 Hedony Farms - Apartment	rishikesh		google:lodging			
g-ChIJP6UZcgANCTkRZNcb2q5w6C0	HooH Him Gange Heritage	rishikesh		google:hotel			
g-ChIJU5DA9S4TCTkRNgr6nB-qb_g	Jai Bhawani Ashram	rishikesh		google:hotel			
g-ChIJDdg4-TsTCTkRNu_Fgrdpbi4	Royal Sigaddi River side Home Stay	rishikesh		google:private_guest_room			
g-ChIJg3h_59c-CTkRrLuCKHzDB8E	The Woods : An Orchard Retreat by Royal Majestic Hospitality	rishikesh		google:resort_hotel			
g-ChIJCZ9APSk_CTkREkaqGHufCHA	OZY Homestay - Two-Bedroom Apartment	rishikesh		google:lodging			
g-ChIJaVlXewA_CTkRoEEIhs8J9_8	Lambgaon Wale Chauhan	rishikesh		google:private_guest_room			
g-ChIJCZ9APSk_CTkRDfULyWZg64A	OZY Homestay - Two-Bedroom Family Apartment	rishikesh		google:lodging			
g-ChIJ-7AjO9k-CTkRz6j3YdLwBxA	Shepherds Lodge Satyanarayan	rishikesh		google:lodging			
g-ChIJP_RI8Jk_CTkRxxGBbNTb2lM	Vinita Home	rishikesh		google:private_guest_room			
g-ChIJqc8d4Ag_CTkRDWo_DzpWplY	Serenity ViBes by MKF	rishikesh		google:lodging			
g-ChIJl8CnKPc_CTkRxxo0FaCvn18	OSHO Shivdham Rishikesh	rishikesh		google:place_of_worship			
g-ChIJ6Q_R_FE-CTkRubb_HkHAFu4	Shri Vyas HomeStay-Tranquility & Peace in Elegance	rishikesh		google:lodging			
g-ChIJ87GNl6U_CTkRlAEQbF6NyG8	Krishna Retreat SD Banerjee	rishikesh		google:private_guest_room			
g-ChIJhdTG_FE-CTkRRTozgjh4nss	Shri Vyas HomeStay-Tranquility Peace in Elegance	rishikesh		google:lodging			
g-ChIJZ7VQWQA_CTkRfvBIG1exOZ8	Government polytechnic college Hostel	rishikesh		google:hostel			
g-ChIJaady91M-CTkRU4qJHX2P2E4	Private Forest Haven - Two-Bedroom Apartment	rishikesh		google:lodging			
g-ChIJDyuH8E0-CTkRZrwRIw5YjI8	Kartik homes , cheerfull 2- Bedroom cottage with refreshing view - Two-Bedroom House	rishikesh		google:lodging			
g-ChIJi0i6ziYVCTkRoUUGlOoD6QM	Van Tarang Wilderness Retreat	rishikesh		google:resort_hotel			
g-ChIJ1dI8OwA_CTkRpQAv0Jzj6OY	Prem	rishikesh		google:hotel			
g-ChIJ4XmCbwA_CTkRO8ZAIMjGMCI	R & K HOME STAY	rishikesh		google:hotel			
g-ChIJT-dVucU-CTkRIDfPRanH7Iw	Hotel Drive Inn	rishikesh		google:hotel			
g-ChIJ6fYpTQA_CTkR_iYz30_KlKE	Saympur Rishikesh	rishikesh		google:hotel			
g-ChIJid8ehlA_CTkR0y3h7W7w7Xc	Yashwant rawat anop rawat home	rishikesh		google:private_guest_room			
g-ChIJccu8FgA_CTkRndlNz74cB5s	Pokhriyal’S Home	rishikesh		google:private_guest_room			
g-ChIJU1VVvBRHCTkRuvi4SEdV5QQ	Hotel Surya kiran	haridwar		google:hotel			
g-ChIJsQHeFAA_CTkRxUtUtjegv48	Hotel Greet Inn (Atithhi Restaurant)	rishikesh		google:hotel			
g-ChIJd7oTO0Q_CTkRzqw-2dFgAdQ	Sushila Palace Home stay	rishikesh		google:hotel			
g-ChIJz6PtGvo_CTkRmWkAkjuC4ig	Devbhoomi Residency	rishikesh		google:hotel			
g-ChIJj-8OA-M_CTkRTJT1ECu_Zr0	Rawat Rooms and Hotels services	rishikesh		google:hotel			
g-ChIJQd_9ZdI_CTkRHMVSy0l1GNo	Rishikesh Nature Retreat Homestay	rishikesh		google:private_guest_room			
g-ChIJc7vikfM-CTkRb6XQozPuCc4	ROYAL WINTERFALL HOMESTAY - Two-Bedroom House	rishikesh		google:lodging			
g-ChIJhS8ykgY_CTkRBlsckz0xfm8	Rana family	rishikesh		google:private_guest_room			
g-ChIJjx0zGAA_CTkRUE7N3F5fqyg	Bhall farm road 8 shyampur rishikesh bhatowala	rishikesh		google:private_guest_room			
g-ChIJc1brQHk_CTkR1KTHOQ6QylQ	Osho shivdham ashram	rishikesh		google:private_guest_room			
g-ChIJSy2ZKwA_CTkRM3hRIun0xtk	Sanvi chaudhary	rishikesh		google:camping_cabin			
g-ChIJZbFmK_c_CTkRx8k5wiaEClE	Vashishtha Resort Bhalla farm	rishikesh		google:cottage			
g-ChIJN8i05Io-CTkRzyOjkB_xeVU	HOTEL MANNA	rishikesh		google:hotel			
g-ChIJ6btIfgA_CTkRcNaygNULju0	Home in Rishikesh	rishikesh		google:private_guest_room			
g-ChIJtbs4azgRCTkRBEIzCzhQSdk	Rishikesh Camp	rishikesh		google:childrens_camp			
g-ChIJoYDfEwY_CTkRcVM28grY_H8	Hotel Ganga Orbit	rishikesh		google:hotel			
g-ChIJGTuFFcU_CTkR8Lr13OmAC0s	Khushi's (Hotel & Wedding Garden)	rishikesh		google:banquet_hall			
g-ChIJM8oCyuE_CTkRU7ZYXfj5GGE	RS Galaxy Hotel Rishikesh	rishikesh		google:hotel			
g-ChIJl7xTw2I_CTkRro33RsCpbJg	Hotel Pushp Kunj	rishikesh		google:hotel			
g-ChIJo7qDMQA_CTkRTlsYX3KVRDM	AG GANGA FRONT INN RETREAT	rishikesh		google:hotel			
g-ChIJmdFWlT4-CTkRiDwtShC7Fyk	Alaya Stays BYDM The Sky Heaven	rishikesh		google:hotel			
g-ChIJXY8gvBo_CTkRFOmNhESCkY0	Rishikesh Wellness Resort	rishikesh		google:wellness_center			
g-ChIJbUMm8GU_CTkRqgUS1sJqca8	Shubh Manglam Residency Rishikesh	rishikesh		google:hotel			
g-ChIJ8_xdr1Q_CTkRsVMU15b7lAs	Eirene Retreats	rishikesh		google:hotel			
g-ChIJrybuFdM_CTkRCti3AvyKRTM	The Army House	rishikesh		google:private_guest_room			
g-ChIJTxBL-zs-CTkRKE2IWwwXUvc	Homestay at Rishikesh - One-Bedroom Apartment	rishikesh		google:lodging			
g-ChIJlefE7FM_CTkRa3Zcok1MMgk	Shubham Homestays	rishikesh		google:private_guest_room			
g-ChIJzbS8Rj8-CTkRzLxxu9H_iYM	Sonakshi Homestay - Double Room with Balcony (2 Adults + 1 Child)	rishikesh		google:lodging			
g-ChIJETZyghU-CTkRPtlXnPoSRRw	Relaxhaven homestay - One-Bedroom Apartment	rishikesh		google:lodging			
g-ChIJC2rA8T0-CTkRdyetvhG7Yq8	Radha Krishna Homestay - Two-Bedroom Apartment	rishikesh		google:lodging			
g-ChIJbfENEQA_CTkRjRh2Fs34NMk	Golden homestay	rishikesh		google:private_guest_room			
g-ChIJeRW5ozc-CTkR59lOVGe89Ks	SWAASTIK YOG HOMESTAY - Double or Twin Room	rishikesh		google:lodging			
g-ChIJl8lex0c-CTkRtnr2DfP0WdU	A Serene Homestay With River and Mountains View	rishikesh		google:lodging			
g-ChIJPzOCof4_CTkRR1YKUMFsXmk	Shreshtham	rishikesh		google:private_guest_room			
g-ChIJnVfe9js-CTkRlO72rTc2e1E	Mokshika's Homestay at Rishikesh - Two-Bedroom Apartment with Balcony	rishikesh		google:lodging			
g-ChIJIS_Pdhs_CTkRgX4fJm-indM	The Sukoon--Your Peaceful Stay	rishikesh		google:private_guest_room			
g-ChIJPevNMDg-CTkRBysCol33xrE	2BHK Home in Rishikesh @Whispering Birds Homestay	rishikesh		google:lodging			
g-ChIJJ04g9zs-CTkRnoGhM6lER_Y	Mokshika's Homestay at Rishikesh - Two-Bedroom Apartment With Balcony	rishikesh		google:lodging			
g-ChIJkwAFAjw-CTkREdTtH7OPKl0	Ganga Grace Homestay at Rishikesh - Two-Bedroom Apartment	rishikesh		google:lodging			
g-ChIJayDswYE_CTkRUoC3enwKfmE	298 The Ganges	rishikesh		google:private_guest_room			
g-ChIJf3IeGhQ_CTkRwEYACXhQuWw	Nirvana | Luxury 2BHK with Ganga view, Rishikesh	rishikesh		google:private_guest_room			
g-ChIJh9KVN-A_CTkRiZHK4RKDhUQ	Aarya Rishikesh	rishikesh		google:private_guest_room			
g-ChIJGQU7Te0_CTkR4eOiEkv8vIM	The Tripti Trails Retreat- Essential Suite	rishikesh		google:private_guest_room			
g-ChIJ8w-pmRc_CTkRnpKnk2tggAk	Pahadi Baithak	rishikesh		google:private_guest_room			
g-ChIJcdE0Ea0_CTkRvKS15i0pnc4	The Army House	rishikesh		google:private_guest_room			
g-ChIJU8hvRSg_CTkRa0oHMewrifk	The Spacious Serenity-2BHK By Nestique	rishikesh		google:private_guest_room			
g-ChIJUXvzWSw_CTkRMGtBskonJ3w	Travel and Stay Hub	rishikesh		google:travel_agency			
g-ChIJZ5oKBQA_CTkReOzeAcwHG-8	rishikesh airbnb	rishikesh		google:private_guest_room			
g-ChIJNybIWDw-CTkR4ZouPaZEyfA	Entire Home near Ganga c10 - One-Bedroom Apartment	rishikesh		google:lodging			
g-ChIJCca3mDc-CTkRg09yHSJ6iLE	ZIKR- Apartment by the Ganges - Double Room	rishikesh		google:lodging			
g-ChIJkTbyBzc-CTkRrNCOrUmPmhI	2BHK spacious flat with serene Ganga view - Two-Bedroom Apartment with Mountain View	rishikesh		google:lodging			
g-ChIJD-0k8Tk-CTkRugRtdyDTzlc	Namami Gange 1bhk Flat near Ganga - One-Bedroom Apartment	rishikesh		google:lodging			
g-ChIJ-aP2eDg-CTkRQTjJTsIURis	RASA- DIVINE (Rishikesh) - Two-Bedroom Apartment	rishikesh		google:lodging			
g-ChIJYZH4GTw-CTkR5PdPNMtgVGc	Ganges Stay-Beautiful One BHK Apartment - One-Bedroom Apartment	rishikesh		google:lodging			
g-ChIJXVA4rjg-CTkRDXiNM3pDo20	The Ganga Bliss Rishikesh - Two-Bedroom Apartment	rishikesh		google:lodging			
g-ChIJT5I3JU8-CTkRc11TXlWdz_g	Peaceful 1-bedroom apartment with AC in vibrant Rishikesh	rishikesh		google:lodging			
g-ChIJw_M0Ez0-CTkRGQWYjZhVunE	Sun Light Apartment - Two-Bedroom Apartment	rishikesh		google:lodging			
g-ChIJ0_q-9zc-CTkRxe5houoPhQI	Luxury Penthouse with Ganga View - Three-Bedroom Apartment	rishikesh		google:lodging			
g-ChIJzfGjpT4-CTkRWdmElzHC5ok	Gangdwaram Apartment - One-Bedroom Apartment	rishikesh		google:lodging			
g-ChIJq_7hJE8-CTkRnw1TQj8vSYA	Stylish Studio Apartment - One-Bedroom Apartment	rishikesh		google:lodging			
g-ChIJV1DP-js-CTkR832_VZwsSAI	Ananta Square - Rishikesh 1BHK - One-Bedroom Apartment with Balcony and Mountain View	rishikesh		google:lodging			
g-ChIJKwHh5Ds-CTkR4iXrrkyTsDs	RASA - 85 The Ganges Rishikesh - One-Bedroom Apartment	rishikesh		google:lodging			
g-ChIJP14GxE4-CTkRmxOU4h1qX6w	Sakshi ganga - One-Bedroom Apartment	rishikesh		google:lodging			
g-ChIJ_-wCJU8-CTkROaXmSOhSIKQ	The Blissful Retreat - One-Bedroom Apartment	rishikesh		google:lodging			
g-ChIJ_-wCJU8-CTkRNCZtXkENz2o	The Blissful Retreat - One-Bedroom Apartment	rishikesh		google:lodging			
g-ChIJ5QXnJE8-CTkR1VS30jawc6k	The Army House 1 - A luxury suite with river mountains view - One-Bedroom Apartment	rishikesh		google:lodging			
g-ChIJ0V1F7Dc-CTkRUXfpuR5RQmA	Ganga view with beautiful and peaceful property - One-Bedroom Apartment	rishikesh		google:lodging			
g-ChIJsWoYCQA_CTkR4eISx2ecvN4	Home in Rishikesh	rishikesh		google:lodging			
g-ChIJb5UN_z8-CTkR3DuWCGMpUnY	Ganga orbitt - One-Bedroom Apartment	rishikesh		google:lodging			
g-ChIJc1wycz0-CTkRO3PYEM6_IS8	Sun Light Apartment - Two-Bedroom Apartment	rishikesh		google:lodging			
g-ChIJGRfW-js-CTkRXHUxNmbQLuE	Raghavs Retreat Rishikesh - Two-Bedroom Apartment with Mountain View	rishikesh		google:lodging			
g-ChIJW788_js-CTkREzSaAByew-c	Your home stay - One-Bedroom Apartment	rishikesh		google:lodging			
g-ChIJ9X6q-zs-CTkRsXtKlIYuAyg	AniGanges - One-Bedroom Apartment	rishikesh		google:lodging			
g-ChIJWazj5Ds-CTkRNhkmV-Tr-AM	Shubh Ganges - Two-Bedroom Apartment	rishikesh		google:lodging			
g-ChIJGRfW-js-CTkR59VZQqVwFMw	2bhk fully furnished flat - One-Bedroom Apartment	rishikesh		google:lodging			
g-ChIJ_RMn2k4-CTkR3YgtdTO1jec	Cottage Stay in Rishikesh	rishikesh		google:lodging			
g-ChIJpdU01Sc_CTkRsfmPgg_TC5s	HRD Campus, THDCIL	rishikesh		google:cottage			
g-ChIJub2fJVw_CTkRoQZi5OEsWqk	Labhanshu homestay	rishikesh		google:private_guest_room			
g-ChIJKRz5MgA_CTkR0Y06TQdxjOQ	Chilla dam	rishikesh		google:hotel			
g-ChIJ9wWQ1NY_CTkRyZ7bfeATloI	Deer’s Den by Orexia	rishikesh		google:hotel			
g-ChIJp5ydkCI-CTkRTe1csdu-joo	ENTIRE LUXARY HOME IN HILLs - Two-Bedroom Apartment	rishikesh		google:lodging			
g-ChIJXf3nZz0-CTkRF5M-QGd0Fio	Snowman Holidays - One-Bedroom Apartment	rishikesh		google:lodging			
g-ChIJF1FBTyQ-CTkRzAFGPP-Jj4U	Kunaw Ganga Forest Cottages - Double Room	rishikesh		google:lodging			
g-ChIJ8f10ME4UCTkRgI0M0Z9F1IQ	Swami Manjulanand Ashram - Double Room with Mountain View	rishikesh		google:lodging			
g-ChIJjUMqi5YVCTkR9ioiCGiqjdk	Manikut Parvat Homestay	rishikesh		google:hotel			
g-ChIJQzYZukwVCTkRmxT7Eo9gupU	The Rudraksh Resort	rishikesh		google:resort_hotel			
g-ChIJZ5j4WxQVCTkRQbqyL2S1dIw	The Grand Haveli Resort by Atya Hotels	rishikesh		google:resort_hotel			
g-ChIJ8Y6ZHVEVCTkRUYFjAM4kGlI	TIGER ESTATE BY OPULENCE HOTELS	rishikesh		google:hotel			
g-ChIJazmRewAVCTkRdYFDpla45Wc	Ecoterra Serene Resort	rishikesh		google:campground			
g-ChIJ429JofkTCTkRUaybtfmsKkc	The Aravali Resort	rishikesh		google:resort_hotel			
g-ChIJITekpkIVCTkR5UyyFoEW3kE	DR Nature's Lap Resort	rishikesh		google:resort_hotel			
g-ChIJ5304MAAVCTkRksCEsFSpTRo	UNWIND RESORT AND ADVENTURE	rishikesh		google:hotel			
g-ChIJNWjdvxoVCTkRWAmPBVN1bB0	Yogmaya Resort	rishikesh		google:resort_hotel			
g-ChIJhwi3xI0VCTkR-KcW14YR9y8	Rishikesh River Resort	rishikesh		google:resort_hotel			
g-ChIJcxz-hSsVCTkRqxHveZPd_a8	SUKHDEV RESORT RISHIKESH	rishikesh		google:resort_hotel			
g-ChIJc64tkFUVCTkRVxs5mj7kOV8	MR River Resort	rishikesh		google:resort_hotel			
g-ChIJzd_YCmgVCTkR74JFtELVWK8	Varanyam Resort	rishikesh		google:resort_hotel			
g-ChIJEwxxMHoVCTkRgKIgg8MZOME	jüSTa Rasa Retreat & Spa, Rishikesh	rishikesh		google:resort_hotel			
g-ChIJ-fTgvmgTCTkRDJ0wXVbVnxY	Amritara Chakra River Resort	rishikesh		google:hotel			
g-ChIJq53AUMAVCTkRG-ffWYnWq74	India Holiday Resort	rishikesh		google:resort_hotel			
g-ChIJt5ZjnZYVCTkRq-iwU35m3wU	The Bloos Sky	rishikesh		google:resort_hotel			
g-ChIJK91sEaMVCTkRhiWRKBNQQVk	Juglan's	rishikesh		google:private_guest_room			
g-ChIJZUd-moETCTkRYHmG9hph7tE	Shivaya Bikers - Backpackers Camp ,Hikers, Riders, Jungle Hostel , Stay (Best In Rishikesh)	rishikesh		google:hostel			
g-ChIJz5TW9BAVCTkRjPG3A3VgSZk	White Tiger Resorts Rishikesh - Insta Adventure	rishikesh		google:resort_hotel			
g-ChIJN5cMNq4VCTkRojpYqqskL_0	Nature View Resort Rishikesh	rishikesh		google:resort_hotel			
g-ChIJqxPqLtYVCTkR3NB3Zyf6F-4	Himalayan Majesty Camp	rishikesh		google:campground			
g-ChIJG_JYR28VCTkRAOJVNZFi7o4	ghattu ghat resort	rishikesh		google:resort_hotel			
g-ChIJwUOQoQYVCTkRNpK4bARY1gM	Rishikesh Camp - Luxury Camping in Rishikesh, Rishikesh Camps	rishikesh		google:campground			
g-ChIJKX5rWMwVCTkRb7sl39zimrQ	India Adventure Wild Nest Camp	rishikesh		google:campground			
g-ChIJe577UQAVCTkR9463s_7ZQh4	LALSAA RESORT	rishikesh		google:campground			
g-ChIJFzddAEsVCTkR7y6ZbyUHG6s	Patanjal Kriyayog Ashram	rishikesh		google:hotel			
g-ChIJ_2436IEVCTkR7emvR2RNMi8	Future Ashram	rishikesh		google:hotel			
g-ChIJ5aX-tRcVCTkRPRXy_PESU4I	New Generation Camps	rishikesh		google:campground			
g-ChIJY1Pul4ITCTkRAyHkQLkgbEQ	Manthan Resort	rishikesh		google:resort_hotel			
g-ChIJIc4SguUTCTkRqpuDwySv3MY	Stay Sukoonn	rishikesh		google:hotel			
g-ChIJd72gjwQVCTkRFj9aRU92kDc	STUDIO SHIV VILLA RISHIKESH	rishikesh		google:resort_hotel			
g-ChIJFWyGqy4TCTkRulEcpu_o5cA	Silver River Resort | Mohan Chatti Rishikesh	rishikesh		google:resort_hotel			
g-ChIJhXgziJsTCTkRqEqZQte9Jw8	Mornis Camp and Resort	rishikesh		google:resort_hotel			
g-ChIJ6ckkRQATCTkRt5O-ZkO9MQA	Qcent Baragarh	rishikesh		google:hotel			
g-ChIJB82VIgATCTkRjczfX6ga8XA	Ashutosh sharma	rishikesh		google:private_guest_room			
g-ChIJIcAaeb8VCTkRvD3BLlGXc_0	The Green Valley Resort Rishikesh	rishikesh		google:cottage			
g-ChIJG62qmoMTCTkRLsThNK1-5Ww	Bhandari farms at Naygadera	rishikesh		google:private_guest_room			
g-ChIJ313BKZkTCTkR0jVm55NOMEk	Teddmin Resorts	rishikesh		google:resort_hotel			
g-ChIJuyxYlWATCTkRFmE9JHuKwa4	Luxury Camps Rishikesh	rishikesh		google:campground			
g-ChIJk9l4mKITCTkR7CTIGZHhV7s	STAY SUKOON- Cottage room	rishikesh		google:lodging			
g-ChIJxZffX14TCTkRTXln568MFDc	Vaatika Resort - Best Resort in Rishikesh	rishikesh		google:resort_hotel			
g-ChIJ2YyK8CkTCTkRp0mWdtebeX0	MUSKAN RIVER RESORT	rishikesh		google:hotel			
g-ChIJfWJx5yUTCTkRCPUkUqamxDY	Ekantam Retreat	rishikesh		google:resort_hotel			
g-ChIJtSg7QgATCTkRbg-COzMkKd0	Bidisha Resort	rishikesh		google:hotel			
g-ChIJl5e8tSYTCTkRea0w0ecqAS0	RAFTERS DEN CAMP & RESORT	rishikesh		google:camping_cabin			
g-ChIJR_bppnQTCTkRiGzJ1Sa7gkk	Expedition camping in Rishikesh	rishikesh		google:campground			
g-ChIJkdTwWF8TCTkRsr8e6LBtEYQ	Hideaway Adventure ( office )	rishikesh		google:cottage			
g-ChIJTQmLKI0SCTkRQm7mybT7_ws	Platinum Devcon Cottages	rishikesh		google:resort_hotel			
g-ChIJBeNOVoANCTkR4r5A4b8heBk	Camp World Adventure	rishikesh		google:lodging			
g-ChIJeecPh0cTCTkRMwjwK5j7ecM	hotel sanuj	rishikesh		google:hotel			
g-ChIJ70lKwg8TCTkRqjPBRHMDQ30	Shiv Guest House	rishikesh		google:hotel			
g-ChIJQdJgkoANCTkR6K0juClV_8w	Camp Leopard Heights	rishikesh		google:hotel			
g-ChIJhwa8K4YTCTkRz3y4nHdYxOA	ONENESS Rishikesh by Ganga Kinare - a Luxury Wilderness Resort	rishikesh		google:cottage			
g-ChIJXVBGsP0TCTkRJW2qnG2y7ks	Siddhaant Eco House	rishikesh		google:private_guest_room			
g-ChIJ4eO3kmkNCTkRf7iOSPKMDUM	Mirava Resorts	rishikesh		google:resort_hotel			
g-ChIJZU9csecNCTkRgYjYj8iPA_M	Camp World Adventure	rishikesh		google:campground			
g-ChIJPfJcFbA5CTkRfd-bgOljyhI	Kansro Hive	rishikesh		google:resort_hotel			
g-ChIJ2c93GNc7CTkRtCU2Hr1IaBg	Rawat House (kevin)	rishikesh		google:private_guest_room			
g-ChIJC80uZwA5CTkRph2EF_3uh28	Tangwan plot	rishikesh		google:lodging			
g-ChIJeR9FAro5CTkROd1i-sE1pbg	Rawat's Residency and Restaurant	rishikesh		google:hotel			
g-ChIJhz5MH5c_CTkRbiowogfEeKI	Ramo Hospitality Consultant ( India )	rishikesh		google:consultant			
g-ChIJuwkc0Nw_CTkRp7OBa2jCuKU	Bhatt Parivaar	rishikesh		google:private_guest_room			
g-ChIJC2LY-8Y_CTkRhu-fBewalNI	Hotel Saukari's & Restaurant	rishikesh		google:hotel			
g-ChIJ1RKqQaU_CTkRiKdCVdlt7cI	Hotel Vaishali	rishikesh		google:hotel			
g-ChIJ05XMIAA_CTkRzupi2xfvPmU	Royal hotel	rishikesh		google:hotel			
g-ChIJka5qKmI_CTkRfeEX6_bTJq0	Hotel Vintage	rishikesh		google:hotel			
g-ChIJCZxOPQA_CTkRUDdMAO4Gy_0	Hotel Royal Shivam Residence & Restaurant	rishikesh		google:hotel			
g-ChIJC0Co8F0_CTkRrRSZOdcMZZI	Crystal Dew Hotels & Resorts	rishikesh		google:hotel			
g-ChIJ2b_Dy3w-CTkRT9E_Bhrv86U	Chandra Home Stay	rishikesh		google:private_guest_room			
g-ChIJcfSVaoo-CTkRtHSB7NG2yQ8	The carnation mound	rishikesh		google:hotel			
g-ChIJOaxJXQA_CTkRxLaXym57XKQ	MEHAK HOME STAY 🏠	rishikesh		google:private_guest_room			
g-ChIJ2wZvD2M-CTkRjCwic8fL4cs	Vintage Guest House By OYO Rooms	rishikesh		google:lodging			
g-ChIJVS_REQA_CTkRY0GV1yEvC0I	Aloo Pratha House	rishikesh		google:hostel			
g-ChIJ9QJdaHE-CTkRwKAv5ugeuFE	Hotel Neel	rishikesh		google:hotel			
g-ChIJCy8RhLk_CTkRRrVkMnilCks	Hotel hariteg	rishikesh		google:hotel			
g-ChIJ5a98_gk_CTkRd2v6o9TGUfc	Hotel SRV	rishikesh		google:hotel			
g-ChIJLZok8nM-CTkRRUmonpsERV0	HOTEL CITY GATE INN	rishikesh		google:hotel			
g-ChIJDZG3uFA_CTkR8Kh30nXfCOM	Hotel Rishi Nagri IDPL Risikhesh	rishikesh		google:hotel			
g-ChIJWZXWXwA_CTkRsuUp8tHyMTo	The Ohm Homestay and Yoga	rishikesh		google:private_guest_room			
g-ChIJiT-7nX8_CTkRsv0fKdWh3XE	Radha Krishna Home Stay	rishikesh		google:private_guest_room			
g-ChIJQ4Fq66k_CTkR51f9pqINdAo	Vishal home stay	rishikesh		google:private_guest_room			
g-ChIJ9wKxVwA_CTkRpYalLBYLmeI	Kapoori uncle home	rishikesh		google:private_guest_room			
g-ChIJ2wp6fHY_CTkRZLAIXGdUgYI	The Buddha House	rishikesh		google:private_guest_room			
g-ChIJcd4nHno_CTkRqBYZ94wgWoQ	Balaji Bhawan 2	rishikesh		google:private_guest_room			
g-ChIJi9c4dpQ_CTkRf7CNh74sWTo	Jyoti room	rishikesh		google:private_guest_room			
g-ChIJoZssGgA_CTkRDKoDRzrFdLM	Gaurav Kumar Prajapati	rishikesh		google:private_guest_room			
g-ChIJq1vJthE-CTkRWEtn2RX1e8k	Negi Guest House and Restaurant - One-Bedroom Apartment	rishikesh		google:lodging			
g-ChIJ9dkOLIY_CTkR-8JW_ILQecU	Rishikesh Radha Krishna Divine Stay	rishikesh		google:guest_house			
g-ChIJ44TRiQM_CTkROESwkCCB4IQ	Camp in Shivpuri by	rishikesh		google:campground			
g-ChIJ9fVBb7g_CTkRt0Pr8Qob4u0	Luxury Beatles resort	rishikesh		google:hotel			
g-ChIJj3TvhAw-CTkR_3mHb4n_8Co	Blue Nature Camping And Resorts	rishikesh		google:lodging			
g-ChIJJRkKxhc-CTkRchoA46cb71A	Modern Hideout with Hills Ganga View - Three-Bedroom Apartment	rishikesh		google:lodging			
g-ChIJhe3MgAw-CTkRuwYTZauTu2U	RASA-The Ganges Rishikesh Ganga Bhumi Apartment	rishikesh		google:lodging			
g-ChIJ4epssRU-CTkRsl9rgz0ymgo	Gopal Residency - Two-Bedroom Apartment	rishikesh		google:lodging			
g-ChIJMbZ2tBU-CTkRgDextMXBdEU	Shree Jee Heights Heaven Hideout on the Ganges - One-Bedroom Apartment	rishikesh		google:lodging			
g-ChIJO3P6thU-CTkRv9HzYgBxBE8	Residenza by akhilesh 1 - One-Bedroom Apartment	rishikesh		google:lodging			
g-ChIJwReOnBU-CTkRahyrt3gcAdA	Yog kul Home Stay - Premium - One-Bedroom Apartment with Balcony and Mountain View	rishikesh		google:lodging			
g-ChIJezj-mRU-CTkRfkLuZAmVL24	Good Vibes Retreat - Three-Bedroom Apartment	rishikesh		google:lodging			
g-ChIJjxrbzJk_CTkRLTnPCGd1LnQ	ONLY Hotels & Resorts	rishikesh		google:hotel			
g-ChIJQxQl-qU_CTkRnmU8SONZpoo	Hotel Kailash Ganga	rishikesh		google:hotel			
g-ChIJ-XoRp84_CTkRIEKZdShbTts	Hotel Shivganga Retreat	rishikesh		google:hotel			
g-ChIJYz2gkRc-CTkR0ZOyFXiCn9w	Heritage Rishikesh Hotel	rishikesh		google:hotel			
g-ChIJJ06WAh4_CTkRWcK8-Fsc354	HOTEL NIVASA INN	rishikesh		google:hotel			
g-ChIJw_JQ318_CTkR_knstJBPDFQ	Hotel The Grace (A Luxury Accommodation)	rishikesh		google:hotel			
g-ChIJ3WIVWys_CTkROVIJCrijOa0	Neelkanth Bhawan	rishikesh		google:hotel			
g-ChIJL2qlKCw_CTkRElsy5D85w8A	The Kailasham hotels groups	rishikesh		google:resort_hotel			
g-ChIJ5TGepQQ_CTkR3VdaNPjnbGA	GURUKIRPA HOMESTAY	rishikesh		google:hotel			
g-ChIJFScjvxw-CTkRY74UAjUsiCY	Samsara	rishikesh		google:hotel			
g-ChIJl0O9vho-CTkR7GsR6JbM4ec	Oyo Home 90387 Neelkanth Bhawan	rishikesh		google:hotel			
g-ChIJe_T1-Z8_CTkRsQAn0CIUn0A	Haritage Bar & Restaurant	rishikesh		google:hotel			
g-ChIJ49lYNQA_CTkRcQ4Z1_6yVr4	Aman Homestay	rishikesh		google:private_guest_room			
g-ChIJIwh3uY8_CTkR164kmh61PkE	Yognagri homestay	rishikesh		google:private_guest_room			
g-ChIJeRWnFhk-CTkRp38GxflnWT8	85 The Ganges 2 BHK Apartment for Homestay - Two-Bedroom Apartment	rishikesh		google:lodging			
g-ChIJ-xenFhk-CTkRW_IeANqFOk8	85 The Ganges 2 Bhk Apartment for Homestay	rishikesh		google:lodging			
g-ChIJ-xenFhk-CTkRi-yNicx77WQ	85 The Ganges 2 Bhk Apartment for Homestay	rishikesh		google:lodging			
g-ChIJfWUoWAA_CTkR5krLRtItkmY	Kidrāh - A Serene Stay	rishikesh		google:private_guest_room			
g-ChIJJXsugho-CTkRiTZf4S96ppQ	2BHK Flat Peaceful Rishikesh Stay - Apartment	rishikesh		google:lodging			
g-ChIJA-SrDx8-CTkRFR58pyJCmSQ	Yuvraj properties 2 - One-Bedroom Apartment	rishikesh		google:lodging			
g-ChIJfYzh1wM-CTkR4ZOogJmV22o	Boho ghar 2bhk Near Ganges - Two-Bedroom Apartment	rishikesh		google:lodging			
g-ChIJX27X4Rc-CTkReMXegO6HZEM	Yuvraj properties - One-Bedroom Apartment	rishikesh		google:lodging			
g-ChIJY0R5XwE-CTkRiK9CPFqBAgg	2-bedroom apartment in enchanting Rishikesh with AC, WiFi	rishikesh		google:lodging			
g-ChIJA-SrDx8-CTkRV08yQzLWd28	Cheerful cottage accommodating 30+ guests - One-Bedroom House	rishikesh		google:lodging			
g-ChIJAUXEwd0VCTkR1P2eWSHt5Y4	Amrithagiri	rishikesh		google:campground			
g-ChIJE6D7JwAVCTkRORAUeQmu_aM	Hotel Mahananda	rishikesh		google:hotel			
g-ChIJWUwhMw87CTkRoiw41YcxXTo	Comfy Nature Stay	rishikesh		google:motel			
g-ChIJuc7MjTQUCTkR0xmtQIgQfS4	Nandi Hilltop Resort	rishikesh		google:hotel			
g-ChIJFRT1KGkVCTkRP-eMLP35p0Y	Aswal home stay vikram	rishikesh		google:private_guest_room			
g-ChIJ7bg6er8VCTkRsriUIeol6eo	Divyam Resorts, Neelakhant Road Rishikesh	rishikesh		google:lodging			
g-ChIJ1bJEBU0VCTkR-RcymP7rzH8	High Garden Stays	rishikesh		google:farmstay			
g-ChIJif5TWzcVCTkRpxLtB_sob0c	Senegalia resort	rishikesh		google:resort_hotel			
g-ChIJkyhiIgAVCTkRkGnTq-8_dRc	Satyawati Homestay	rishikesh		google:private_guest_room			
g-ChIJ8_Q4DHYVCTkRW3Vh-eZBtZE	Crest_yadav_house	rishikesh		google:private_guest_room			
g-ChIJu3QtGxMUCTkRE9XUrrdjif4	Junegiri Farms Homestay - Deluxe Family Room	rishikesh		google:lodging			
g-ChIJW2aSfgAVCTkR-p5x6h0wARc	D'marals heaven resort	rishikesh		google:resort_hotel			
g-ChIJk7Tj6RYUCTkR_hUZF6_X0vw	Cozy Cottage in Eco Yoga Retreat Center surrounded by Raw Nature	rishikesh		google:lodging			
g-ChIJ5Tj2GQATCTkRylV2vZc1YL4	R3 resort	rishikesh		google:hotel			
g-ChIJd4f_ckMVCTkRcrThJu-lI9Y	H7 Stay	rishikesh		google:hotel			
g-ChIJhUsnqQ0TCTkRRCuokvJ4GM0	Shivalik Odyssey	rishikesh		google:resort_hotel			
g-ChIJLyNxYnIUCTkR1PMN0p1sOx8	Sahaj Retreat - A Holistic Wellness Centre	rishikesh		google:health			
g-ChIJtwmFaEQVCTkRMN9UmpsMdtM	Insta Beach Camp, Rishikesh | Riverside Camps and Cottages |	rishikesh		google:campground			
g-ChIJ1XD3VQATCTkRutK1YZK_CLE	River Side Roast Resort	rishikesh		google:camping_cabin			
g-ChIJnx2w6hwTCTkRa6QoSNSOZPU	Mala Mountain Heights	rishikesh		google:private_guest_room			
g-ChIJsVQWdAATCTkRsVragnigHeI	Kylo Resort	rishikesh		google:resort_hotel			
g-ChIJxUTjjUMTCTkRNNGvAZFW94w	Vna Beach Resort by Ganges | Camping by SALVUS	rishikesh		google:resort_hotel			
g-ChIJrfBjgHQ-CTkRA2eOqhPoBpM	Bagheera River Retreat	rishikesh		google:campground			
g-ChIJxyaVaDUSCTkR6wPYdkOW4gQ	Aqua Splash Camp, Rishikesh - Double Room	rishikesh		google:lodging			
g-ChIJfzus3ZsTCTkRNh3A1JtmAKs	The Orchid Rishivan Rishikesh	rishikesh		google:hotel			
g-ChIJbQo8croTCTkR1Z733hUvadU	Chaudhary Udayveer Singh Kaliraman	rishikesh		google:private_guest_room			
g-ChIJq6qq2lf6DDkRkI__G3FiqQo	Feel Factor	rishikesh		google:childrens_camp			
g-ChIJITREUJgNCTkRheuEL2J5Kjg	Camp Crossfire - Luxury Camping in Rishikesh	rishikesh		google:campground			
g-ChIJ6Q2EHQANCTkRQTekXdNWQXI	Kalandi adventures resort by adventuremania	rishikesh		google:campground			
g-ChIJ_wvbv6MNCTkRF_D4AZ_DHRI	ADVENTURE INN	rishikesh		google:hotel			
g-ChIJvQa5xKMNCTkRe2PrHUNEWTA	Collection O 73047 Hotel Jungle Resort	rishikesh		google:hotel			
g-ChIJGSooDN4_CTkRN1MjwB42aZE	Hotel Om Palace	rishikesh		google:hotel			
g-ChIJN-68gMc_CTkRmExNxGIVUQI	Alaya Stays by ELIVAAS Anandam in The Himalayas - Hotel in Rishikesh	rishikesh		google:hotel			
g-ChIJnczksXA9CTkRhMy23wM4xOE	Hotel Rah Inn	rishikesh		google:hotel			
g-ChIJOXCq9Qk-CTkRZCtOzrIY6Zw	Shree Ji Inn Homestay	rishikesh		google:hotel			
g-ChIJ6RiX6ow9CTkRDNth0kYmIxk	Red Forest Resorts	rishikesh		google:resort_hotel			
g-ChIJwRyZxQs-CTkRn5gSuuhlQiQ	Shivohum Yoga Retreat Homestay - Three-Bedroom Apartment	rishikesh		google:lodging			
g-ChIJwRyZxQs-CTkRnhBydlz2svA	Shivohum Yoga Retreat Homestay - Double Room with Mountain View	rishikesh		google:lodging			
g-ChIJwRyZxQs-CTkROQ8F34DDRD8	Shivohum Yoga Retreat Homestay - Two-Bedroom Apartment	rishikesh		google:lodging			
g-ChIJI3WT3XY9CTkRdNlZZAMfZ6A	Comfort and calm escape	rishikesh		google:private_guest_room			
g-ChIJR7AeQAk-CTkRp7g16TLInXk	GRAND APARTMENTS RISHIKESH	rishikesh		google:lodging			
g-ChIJ13EyMQs-CTkRbUTxmCm58mE	TPOVAN home stay ,baba balkh NATH mandir road uper TPOVAN near AYM YOGA SCHOOL - Two-Bedroom Apartment	rishikesh		google:lodging			
g-ChIJDycAwAs-CTkRZ83a85g5E0Y	Shivoham Yoga Retreat Rishikesh - Three-Bedroom Apartment	rishikesh		google:lodging			
g-ChIJDycAwAs-CTkRk0Ad2TiJmeY	Shivoham Yoga Retreat Rishikesh - Two-Bedroom Apartment	rishikesh		google:lodging			
g-ChIJrx-lbfg9CTkR4rRmoEYuvcE	Hotel Surya	rishikesh		google:hotel			
g-ChIJ86CBbwIWCTkRoO3QAgrmpdM	Hotel Akash Ganga	rishikesh		google:hotel			
g-ChIJBSYRuP09CTkRQoR_mQN8uKs	Hotel Uppal Plaza	rishikesh		google:hotel			
g-ChIJZUl8bb09CTkR-qH7Hx0BsbA	The Teerath house	rishikesh		google:hotel			
g-ChIJs67SIV8XCTkROOdBLwIQLnA	Meeram Ganga - A boutique homestay by the Ganges	rishikesh		google:hotel			
g-ChIJjVVBFfg9CTkRo38UMGSFz8E	Hotel Menka	rishikesh		google:hotel			
g-ChIJP1q1lmg-CTkRRRMJxwEdLG8	Kedia Resorts - ( Ganga Facing Hotel )	rishikesh		google:resort_hotel			
g-ChIJaYnSeFY9CTkR5rrfTrA5tlk	Home stay the cozy corner rishikesh	rishikesh		google:guest_house			
g-ChIJ5WOL4wA-CTkR4Mhj_U1dc2Y	ShreeJi Homestay - Deluxe Double Room (2 Adults + 1 Child)	rishikesh		google:lodging			
g-ChIJU8geij4jCTkRg0nFnR6rMes	SKY HOMES	rishikesh		google:private_guest_room			
g-ChIJv0wmobE9CTkRayvaZfuRVlY	Sulekha Home Stay	rishikesh		google:private_guest_room			
g-ChIJXVj2suQ9CTkRg7K6vaZex7M	Natalia's homestay - Double Room with Balcony	rishikesh		google:lodging			
g-ChIJZ1RZSiE9CTkRAshRK_48ONo	Ganga River The Homestay	rishikesh		google:hotel			
g-ChIJN15NnYQ_CTkR0jw8Aud2JMw	Maitri: Homestay by the Ganges	rishikesh		google:private_guest_room			
g-ChIJJwlUBAA9CTkRnDHaU2mWFNY	Vacation rental NAND BHAWAN	rishikesh		google:private_guest_room			
g-ChIJiYhlseQXCTkRArN4fJzGgDg	Agrawal dharamshala	rishikesh		google:private_guest_room			
g-ChIJNR2Bu689CTkR1FViKCx2ZJY	Sattva - By the Ganga	rishikesh		google:private_guest_room			
g-ChIJDSzmYAAXCTkRl99geTwZSHE	Sattva - By the Ganga	rishikesh		google:private_guest_room			
g-ChIJ8_vdNQA9CTkRBhACP0dhq8g	Powergrid Transit Camp(New)	rishikesh		google:private_guest_room			
g-ChIJZR0cTksXCTkRpNTb7WMiZeM	Shri Omkar Ashram Trust	rishikesh		google:private_guest_room			
g-ChIJhws8yiw_CTkR1O8pf5En8y0	2 Bhk Sukh Gange	rishikesh		google:private_guest_room			
g-ChIJR5vghQIWCTkRJiE3zk0CNRE	Durgeshwari Foundation	rishikesh		google:private_guest_room			
g-ChIJKTdmKhUXCTkRD9GqLuph5d0	Ganga Home Stay	rishikesh		google:hotel			
g-ChIJBz5k2QA-CTkRzkg_huXTBmQ	Jaiswal Homestay, Rishikesh - Deluxe Room (2 Adults + 1 Child)	rishikesh		google:lodging			
g-ChIJwdTHTAAXCTkR5RtBDnKwYwo	Devathitheyam By Krishnas	rishikesh		google:private_guest_room			
g-ChIJZ3cQD_s9CTkR-O_QQetNabQ	Serene Homestay Rishikesh - Yoga, Temples Ganges - One-Bedroom Villa	rishikesh		google:lodging			
g-ChIJBz5k2QA-CTkRZ-MApyz7TEk	Jaiswal Homestay, Rishikesh - Bed in 8-Bed Mixed Dormitory Room	rishikesh		google:lodging			
g-ChIJBz5k2QA-CTkR_DpYoFWFwP0	Jaiswal Homestay, Rishikesh - Double Room with Terrace	rishikesh		google:lodging			
g-ChIJFwFlbP49CTkRkK_3I1orCR8	Janki Devi Somany Bhawan Guest House	rishikesh		google:guest_house			
g-ChIJCyaM3sI_CTkR_xW10RTwNks	The Neeraj Ganga Cottages with Ganga Ghat Access	rishikesh		google:hotel			
g-ChIJ6YEuyv09CTkRNdMPDF3gYz0	Rishikesh River Rafting & Camping - LG Adventure	rishikesh		google:lodging			
g-ChIJd05ingIWCTkRSyvTC6s3uYA	Arora Vansh Dharamshala	rishikesh		google:lodging			
g-ChIJK1eHe_g9CTkRz5jlmkULTEs	Room Rishikesh, Uttarakhand	rishikesh		google:place_of_worship			
g-ChIJk0pK8M8XCTkREMrEF6t9H3Y	Baba Kalikamli dharmashala	rishikesh		google:hotel			
g-ChIJ73GYGwMWCTkRIjUZ-WvY_7A	Swayambhu Trust Samiti	rishikesh		google:lodging			
g-ChIJQTnpcQMWCTkRNaDH4sA15fA	BHAJAN ASHRAM RISHIKESH	rishikesh		google:lodging			
g-ChIJ9eKMzLMXCTkRYTi5oxJSl7Y	Narayan Ashram	rishikesh		google:guest_house			
g-ChIJZxjqK_k9CTkRDUWdN4HMbFM	Powergrid Transit Camp	rishikesh		google:lodging			
g-ChIJY9fH3f09CTkReYAY0FKwWok	Ganga view apartment from terrace yoga capital - Two-Bedroom Apartment	rishikesh		google:lodging			
g-ChIJIXoYp_w9CTkRSwyDnld4npI	Luxury 2bhk by Bliss Homes - One-Bedroom Apartment	rishikesh		google:lodging			
g-ChIJtWhsdPg9CTkRiB8H2JffHH8	Rishikesh Oasis By The Ganges - Four-Bedroom Luxury Apartment	rishikesh		google:lodging			
g-ChIJsXjxwgA-CTkRbzXoViygFfM	Yognagari Appartment - Two-Bedroom Apartment	rishikesh		google:lodging			
g-ChIJsXjxwgA-CTkRoEIG8gf6ZpU	Yognagari Appartment - Two-Bedroom Apartment	rishikesh		google:lodging			
g-ChIJ7_DAlQIWCTkR_OiXv1kUbNg	Kapil house - One-Bedroom Apartment	rishikesh		google:lodging			
g-ChIJD7dEJwE-CTkR52CM89K6oCc	Lovely 2 bedroom bungalow - Two-Bedroom Apartment	rishikesh		google:lodging			
g-ChIJp0Th19AXCTkRB5sSoI17pEw	Hotel The Pipal Inn	rishikesh		google:hotel			
g-ChIJM8lxfhQXCTkRfYd9Qh_T3xI	HOTEL THE SHIVRAAT	rishikesh		google:hotel			
g-ChIJHxYSABkXCTkRFJaXAY7PaG4	Vasa Ganga stays	rishikesh		google:private_guest_room			
g-ChIJKx8vNloXCTkRBymL3r9EM1c	Ganga House Homestay	rishikesh		google:private_guest_room			
g-ChIJs1M6dK8XCTkRNYTuslChbxY	Shree Bala Ji Gueshouse	rishikesh		google:private_guest_room			
g-ChIJXS_MVQMWCTkRO32y6bmcOqY	Punjab Sindh Kshetra Dharmshala Rishikesh	rishikesh		google:lodging			
g-ChIJxWvxVNAXCTkR6qTXeZMgF7M	Yash Adventure's - Bike on rent | Rafting | Camping	rishikesh		google:travel_agency			
g-ChIJ-Z0_yvoXCTkRdjFSdblAzs8	Shri Krishnanand ji maharaj’s Bishnoi dharmsala Rishikesh	rishikesh		google:bed_and_breakfast			
g-ChIJDU72zHw_CTkRn_djTZ9zPCA	Mannat Residency	rishikesh		google:private_guest_room			
g-ChIJdX_UfYAXCTkRUn9KPjZ3QPw	D'Maral's Haven	rishikesh		google:resort_hotel			
g-ChIJcQd2GJsVCTkRCSeFoiXTpXI	Wooden River Resort	rishikesh		google:resort_hotel			
g-ChIJt0PZawATCTkRfxI0gBXKbAs	Rahagir Resort	rishikesh		google:resort_hotel			
g-ChIJJZdR-1YVCTkRmugb044eCLc	Rivora River Resort	rishikesh		google:resort_hotel			
g-ChIJZRR_GggUCTkRc8i56WkLx7A	Alligatorr Campry Camp & Resort	rishikesh		google:resort_hotel			
g-ChIJrb5wNAoVCTkRblamjVg8G-g	Heaven In Himalayas	rishikesh		google:resort_hotel			
g-ChIJO3kEdE4VCTkR4kD2YTx6t7I	Green Heaven Resort by Natures Hook	rishikesh		google:resort_hotel			
g-ChIJnYBcA6sWCTkR-u55aZ8L2wY	Riviera Resort	rishikesh		google:resort_hotel			
g-ChIJG4oaLCYVCTkRLP6Swu96NLo	Astoria Banjara Tola Camp & Resort	rishikesh		google:resort_hotel			
g-ChIJ32wJdgA_CTkRIIynGJz0-Do	Glorious Resort	rishikesh		google:campground			
g-ChIJH84l43gVCTkRmgocc3-EMbA	Snow White Resort and Camping	rishikesh		google:campground			
g-ChIJB_5FBgATCTkRTzVF7XmlIts	Shri Nitya Resort Rishikesh	rishikesh		google:bed_and_breakfast			
g-ChIJIwFvR5cTCTkR4eSa8V6nXDk	River Breeze, Rishikesh	rishikesh		google:campground			
g-ChIJLZ1MtbcVCTkR2UDApvu2u0g	Near Heaven Camp in Rishikesh with Swimming pool	rishikesh		google:childrens_camp			
g-ChIJsxJwVAAVCTkR7QpYvxTVDeQ	ER River Resort	rishikesh		google:campground			
g-ChIJLbBwwAwXCTkR40P4sMCnlys	Riverside Resort in Rishikesh	rishikesh		google:campground			
g-ChIJWcTHfnUTCTkR97LPcvK_9OU	NK Camp	rishikesh		google:camping_cabin			
g-ChIJ_X3VNkAVCTkRAesyjZqN0-M	Camp Diaries	rishikesh		google:hotel			
g-ChIJKcbn4CkVCTkRay7VstQluls	Camp india holidays ghattu ghat	rishikesh		google:camping_cabin			
g-ChIJrZXm5HAUCTkReW-IJv5tSo4	Rishikesh River Camp	rishikesh		google:childrens_camp			
g-ChIJm-pTGI8VCTkRgocNHUhAgY8	Banjara Tola Camps	rishikesh		google:campground			
g-ChIJqXBM4rk7CTkRpYyijzIWu8k	HOTEL LIMELIGHT	rishikesh		google:hotel			
g-ChIJs7Wea_c7CTkRDfzjKQcXP1U	Naturoville Wellness Resort	rishikesh		google:resort_hotel			
g-ChIJY44GCwA7CTkRSg0dtEXgrIY	Jyoti upadhyay home	rishikesh		google:private_guest_room			
g-ChIJWWI1lIQ7CTkRoz_-Ko3N5vg	Muffin Stays	rishikesh		google:lodging			
g-ChIJmY7FqrE7CTkRdw8Q5pUxT20	Holiday Home with a private garden in a hideaway resort - Two-Bedroom House	rishikesh		google:lodging			
g-ChIJ9c7zvSgXCTkR4qqpI6uUGAA	Hotel Paayal	rishikesh		google:hotel			
g-ChIJ36X2TgA9CTkRjFBiqsm6V9U	Green Height restro/hotel	rishikesh		google:european_restaurant			
g-ChIJKW_6dpg9CTkRUbmcmE5_nlo	Natraj Hotel Rishikesh - Rooms l Spa l Destination Wedding l Events	rishikesh		google:hotel			
g-ChIJnWzHjCI9CTkRAP55Pi6438A	Hotel Jagat Palace	rishikesh		google:hotel			
g-ChIJY0BVlfc9CTkRyWkQX9JZu1o	Hotel The Neeraj Bhawan	rishikesh		google:hotel			
g-ChIJMV75edo9CTkRhDLFMIKdHxw	Hotel Om Blessed INN	rishikesh		google:hotel			
g-ChIJD9RFFh4WCTkRF3rnXKWyY30	Hotel Adarsh	rishikesh		google:hotel			
g-ChIJTT5BMfkXCTkR_ixeXFAg7L8	HOTEL HARSH GANGA	rishikesh		google:hotel			
g-ChIJQUoWzJoXCTkRvxZhYojN_iA	Hotel Royal Queen	rishikesh		google:resort_hotel			
g-ChIJh-4yCQA9CTkRQgf4M--DdWI	Hotel vedant and restaurant	rishikesh		google:hotel			
g-ChIJDcdsGZA9CTkRFzjD5JxPrnM	Hotel Sparsh Ganga	rishikesh		google:hotel			
g-ChIJXSLDWQA9CTkRDdj9PtOrOOw	Hotel M J	rishikesh		google:hotel			
g-ChIJY58cgB4WCTkRQ6yccOryOy4	HOTEL ARADHYA	rishikesh		google:hotel			
g-ChIJC68lIx4WCTkRnfohTwb-jI8	Hotel D Downs	rishikesh		google:hotel			
g-ChIJBWmdtusXCTkRu7kDBUW0GSo	Rishikesh Central	rishikesh		google:private_guest_room			
g-ChIJjydibgA9CTkRHftRicnUXOs	HOTEL GENAS LA'CHEF	rishikesh		google:hotel			
g-ChIJ01Bf4VwWCTkR2GZn2p_NPN0	Hotel Rishabh	rishikesh		google:hotel			
g-ChIJaygbBgA9CTkR4uZRFwCTKoI	Srinivasa Homestay	rishikesh		google:private_guest_room			
g-ChIJM1SuUL09CTkR1VRrFoDWegY	Banke Bihari Home Stay	rishikesh		google:private_guest_room			
g-ChIJp4dDIO09CTkRMvDUlV3s-go	Avdhoot Homestay Rishikesh	rishikesh		google:private_guest_room			
g-ChIJP5ctUQA9CTkRXI_ZbR9hbKE	Madhuban Home Stay	rishikesh		google:private_guest_room			
g-ChIJfcafwk7jCDkRUT_OJigJOAI	Himalykanthi Home Stay And Outdoor	rishikesh		google:private_guest_room			
g-ChIJgUzV9FcXCTkRf80riOVlufA	Nautiyal's Villa..	rishikesh		google:private_guest_room			
g-ChIJWwJwEgA9CTkRBt-i9UcDzbc	Ayansh home stay	rishikesh		google:private_guest_room			
g-ChIJkabbxWQ9CTkRg-Ev7lCnuMk	Gangotri guest house	rishikesh		google:hotel			
g-ChIJEcDPYvI9CTkRVAx8QApfn_g	Bharat Bhoomi Tourist complex, GMVN	rishikesh		google:guest_house			
g-ChIJNdUKIx4WCTkRnlPhJds4qpU	Avicka Cottage	rishikesh		google:hotel			
g-ChIJ193zNAA9CTkRQ_q_MkFY_rA	Rishi Kumar	rishikesh		google:hostel			
g-ChIJEUt23PI9CTkREO2w1GAiicc	Garden Resort	rishikesh		google:resort_hotel			
g-ChIJ5SXmC_M9CTkR8f7Fpb57wxs	Sainik Rest House	rishikesh		google:private_guest_room			
g-ChIJmZEfSaA9CTkRE-ck3Ewt2ec	Adventure Camp	rishikesh		google:resort_hotel			
g-ChIJu1Gn4_c9CTkRiul-jvc7iW0	Budhhumal Dharamshala	rishikesh		google:lodging			
g-ChIJZTSrIx4WCTkRgvOyNRb-iY4	Arvind Lodge	rishikesh		google:lodging			
g-ChIJ____bx4WCTkRzHIBZiTVI-I	Ginni Mahi Delhi Dharmshala	rishikesh		google:lodging			
g-ChIJu5H2PhoWCTkRPVI-GtPGG2I	River Rafting Trip Adventure Rafting Camping Bike Rental Rishikesh	rishikesh		google:campground			
g-ChIJuZWqqvY9CTkRjsTIufjYFhk	Sadhna kutir Apartment - Two-Bedroom Apartment	rishikesh		google:lodging			
g-ChIJiRKEdPc9CTkROfLxXQ5jITw	Premium 2BHK Stay in Rishikesh - Two-Bedroom Apartment	rishikesh		google:lodging			
g-ChIJX3F3cR0WCTkRiPnKuDkO5OA	Jain Homestay Rishikesh - Three-Bedroom Apartment	rishikesh		google:lodging			
g-ChIJQ_H8fu09CTkRVYdHZPfDQN0	Baidehi Cottage - Peaceful nature cottage retreat	rishikesh		google:lodging			
g-ChIJiyCyeQAXCTkRsbC9tGhtaOM	Rishikesh	rishikesh		google:lodging			
g-ChIJk1zXvxoWCTkRZrX3cTDbLpI	Hotel Rameshwaram Inn	rishikesh		google:hotel			
g-ChIJXzD9qG8XCTkRtBCQLVCzPXA	Hotel Hitam Home	rishikesh		google:hotel			
g-ChIJ6-0puwIVCTkRfJU9SgRlk0o	Hotel Shree Radhe Radhe	rishikesh		google:hotel			
g-ChIJf7fVYBAWCTkRLTse59aZlO4	Hotel Chandreshwar	rishikesh		google:hotel			
g-ChIJpYi8XwAXCTkRMmXlTqIYGWY	Hotel Himalayan Discovery inn	rishikesh		google:hotel			
g-ChIJt_c7Oj4WCTkRtOt5cTC88IU	Green Hotel	rishikesh		google:hotel			
g-ChIJcVqAYTwWCTkRpamHEnOytPA	Amoha Homestay Rishikesh - Deluxe Room	rishikesh		google:lodging			
g-ChIJRfddWQAXCTkRvaO3gtB8Sa0	INN Rishikesh homestay	rishikesh		google:private_guest_room			
g-ChIJbRWlzrAXCTkRluBiwfFxL2w	Vacaow Homestay Rishikesh by Vacaow Experience	rishikesh		google:private_guest_room			
g-ChIJcYXuNgAXCTkRewwPcgd6Jgg	Prem Basant Homestay	rishikesh		google:lodging			
g-ChIJcb5_hzwWCTkR5sOMZVGkWRY	Amoha Homestay	rishikesh		google:lodging			
g-ChIJ3a7_nVAXCTkRxYpW1CkX2EA	Abhinandan Homestay	rishikesh		google:private_guest_room			
g-ChIJkxO0PgAXCTkRqrdF62p_LX8	Shiv Ganga Home Stay	rishikesh		google:private_guest_room			
g-ChIJCx-1ALMXCTkRdFmZAj0AWd4	Green cottage Homestay	rishikesh		google:private_guest_room			
g-ChIJhW9_hzwWCTkRp9F86HLYGPk	Amoha Homestay Rishikesh - Deluxe Double Room with Balcony	rishikesh		google:lodging			
g-ChIJzZAg_RAWCTkR63UaZUGxkLg	Dayananda Homestay Near Ram Jhula Janki Jhula - Deluxe Double Room	rishikesh		google:lodging			
g-ChIJ1WLshRgWCTkRGdr37-0Z6HU	Green Cottage Homestay - Double Room	rishikesh		google:lodging			
g-ChIJgcViwxcWCTkRig3imJxUueo	Krishna Kunj Homestay Rishikesh. A Family Friendly Homestay at Best Price	rishikesh		google:lodging			
g-ChIJvQWVRgAXCTkRUHH0KNqAACI	MAHESHWARI HOMESTAY	rishikesh		google:private_guest_room			
g-ChIJcVqAYTwWCTkRibsHvVrjcNU	Amoha Homestay Rishikesh - Premium Room with Ganga View	rishikesh		google:lodging			
g-ChIJBbs9i9wXCTkRkNfqnP1orNI	Srijee home stay	rishikesh		google:resort_hotel			
g-ChIJl9J37X0XCTkR3LMmCmL7vcI	Prajapati Gangas Homestay Hotel	rishikesh		google:guest_house			
g-ChIJWUCxVAAXCTkRPIHXKxQ-2gc	Baba Home Stay	rishikesh		google:private_guest_room			
g-ChIJu8eO9T4XCTkRGRC-aNVCfq0	Aarambh Homestay	rishikesh		google:private_guest_room			
g-ChIJJ7zZJgAXCTkR87morjIncZM	Sparsh ganga homestay	rishikesh		google:private_guest_room			
g-ChIJCa8Py_wXCTkRSujUiWl-Ux8	Freshobite	rishikesh		google:private_guest_room			
g-ChIJb8_u_xoWCTkReXCc2G4bTa4	Bairav Coloni Rishikesh	rishikesh		google:private_guest_room			
g-ChIJLZDOMAAXCTkRLbhaTDat7Ys	One piece	rishikesh		google:private_guest_room			
g-ChIJJ7Syb2oXCTkRuOwMGGG-T44	Nirva	rishikesh		google:private_guest_room			
g-ChIJFwsdYgAXCTkRYd8Ix9Evqj4	PWD Guest House	rishikesh		google:private_guest_room			
g-ChIJXzjdGAAXCTkRZa8rtOXtHog	Shree Lakshman Home Stay	rishikesh		google:private_guest_room			
g-ChIJ45pF-sYXCTkRMXo_Yae9gOM	Aradhya home stay	rishikesh		google:private_guest_room			
g-ChIJiWJeGkkXCTkRx93uIgfYx-8	The Leela House by Qintara Living	rishikesh		google:lodging			
g-ChIJnxj83V8XCTkR0NrZ1-Vv0BM	Forest Guest House	rishikesh		google:lodging			
g-ChIJtzsMWhQWCTkR5gNVIfyWLII	Himalayan Guest House	rishikesh		google:hotel			
g-ChIJO_tNtOUXCTkRj5LNvvAbrwc	Ganga Sai Guest House	rishikesh		google:hotel			
g-ChIJo4hkOxcWCTkRdlrZbjcMtvo	Ganga Resort, GMVNL	rishikesh		google:resort_hotel			
g-ChIJf8ysRBoWCTkRP9PcN5lA5pw	Mahadev Devi Nepali Kshetra	rishikesh		google:lodging			
g-ChIJ_XSMiBkWCTkRB-qn7TweQDU	Satnam Satguru Kabir Saheb	rishikesh		google:lodging			
g-ChIJmWnWFwAXCTkRAIKSPrdBfZQ	Ktyayani Mandir Ashram New Building	rishikesh		google:lodging			
g-ChIJXQCMGBsWCTkRJlJAoEaH4Sg	Rafting Camping Adventure Rishikesh	rishikesh		google:lodging			
g-ChIJTzjADuMXCTkR0jBJthKAQzA	Rafting Camping In Shivpuri Rishikesh	rishikesh		google:travel_agency			
g-ChIJV-AFvFAXCTkRvRoe6NFPgcw	Rafting Ganga Adventure	rishikesh		google:tour_agency			
g-ChIJ2W55nl0XCTkRGE4vJlnT9CM	Himalaya Expedition | River Rafting in Rishikesh | Rafting & Camping in Rishikesh	rishikesh		google:lodging			
g-ChIJByP7YTwWCTkRU3W_XmzTJOY	Luxury 4 Bedroom's Apartment - Luxury Apartment, Balcony, Mountain View	rishikesh		google:lodging			
g-ChIJJ6FxQzwWCTkRU2k0merhCOQ	Orraica 201: 2 BHK Apartment in Ganga Vatika near Ram Lakshman Jhula - Two-Bedroom Apartment	rishikesh		google:lodging			
g-ChIJUSfkrD0WCTkRjvplxli2a4c	Luxury 2 Bedroom's Apartment - Luxury Apartment, 2 Bedrooms, Balcony, River View	rishikesh		google:lodging			
g-ChIJtUxdXTwWCTkReYBwOa-Jaqo	Annjal by ganga kripa - Two-Bedroom Apartment	rishikesh		google:lodging			
g-ChIJ0_vl2RcWCTkRanmCWkiUyrc	Ganga Abode - Two-Bedroom Apartment	rishikesh		google:lodging			
g-ChIJcb5_hzwWCTkROHDuKUom360	Amoha Homes || Yashas 3BHK Apartment	rishikesh		google:lodging			
g-ChIJe8poCBkWCTkRVnIwlEPsGz8	HariHar Niwas- Studio Apartment, near Gangaji	rishikesh		google:lodging			
g-ChIJtxSqLhgWCTkRG6rHRR6EzK4	HariHar Niwas- Studio Apartment, near Gangaji	rishikesh		google:lodging			
g-ChIJNf7TLRgWCTkRXvjDYkNgkX4	HariHar Niwas- Studio Apartment, near Gangaji	rishikesh		google:lodging			
g-ChIJtUxdXTwWCTkRoauuUQVRkgk	Annjal by ganga kripa - Two-Bedroom Apartment	rishikesh		google:lodging			
g-ChIJhW9_hzwWCTkR7x_jEalaAt8	Amoha Homes - Aarohan 4BHK Apartment - Apartment	rishikesh		google:lodging			
g-ChIJe8poCBkWCTkRYGytC2t20mY	HariHar Niwas- Studio Apartment, near Gangaji	rishikesh		google:lodging			
g-ChIJIVnhrD0WCTkRS9wl-lxBt64	Luxury 2 Bedroom's Apartment	rishikesh		google:lodging			
g-ChIJhW9_hzwWCTkRQTufsYb5XAQ	Amoha Homes - Yashas 3BHK Apartment - Three-Bedroom Apartment	rishikesh		google:lodging			
g-ChIJM9n6YTwWCTkRoT2zGMjW_ZI	Luxury 4 Bedroom's Apartment	rishikesh		google:lodging			
g-ChIJ2_LHYDwWCTkRBtcY8o2AwR0	Luxury Cottage by iTvara | 2 Bedroom near Ganges	rishikesh		google:lodging			
g-ChIJiZwkorEXCTkRFgtdh8p31FM	Sattva The Boutique cottages	rishikesh		google:hotel			
g-ChIJ76usXDwWCTkR1ZpBbtZppa4	Atreya Boutique Cottage Near Tapovan - Suite with Balcony	rishikesh		google:lodging			
g-ChIJg240vRkWCTkR4PnXUqHj72c	Luxury Cottage by iTvara 2 Bedroom near Ganges.\n	rishikesh		google:lodging			
g-ChIJc89HWTwWCTkRzFZ2RL5rAZk	iTvara Cottage - Family Room with Garden View	rishikesh		google:lodging			
g-ChIJ76usXDwWCTkRJS7nAC8P1Hs	Atreya Boutique Cottage Near Tapovan - Junior Suite	rishikesh		google:lodging			
g-ChIJ1SbdrRkWCTkRY5UoTID1HLo	Luxury Cottage by iTvara\n\n	rishikesh		google:lodging			
g-ChIJ76usXDwWCTkRzESRGZbgM7s	Atreya Boutique Cottage Near Tapovan - King Suite	rishikesh		google:lodging			
g-ChIJVVkfKUAWCTkRZZIAi4EOYNQ	Hotel Surya Palace Ramjhula	rishikesh		google:hotel			
g-ChIJX1Fi7YIXCTkRQO4if1AGryY	Hotel Sunrise	rishikesh		google:hotel			
g-ChIJhQmtgHM-CTkRoG4pKTihDg8	Hotel Madhu Sudan	rishikesh		google:hotel			
g-ChIJWe5ZoGoWCTkRreO4acw685I	K Farms Homestay	rishikesh		google:private_guest_room			
g-ChIJq56Vu_QXCTkRXYn_nKpqoSk	Kanha's GuestHouse	rishikesh		google:private_guest_room			
g-ChIJkyxkxT0XCTkRIKJuXtqlo-Q	Triple1 hostel cum homestay	rishikesh		google:hotel			
g-ChIJt2MaK_8XCTkRyIvA9iHpIXE	Gopala Guest House	rishikesh		google:hotel			
g-ChIJCcnwy7IXCTkR6KECHz1yP0I	Yog Badri Guest House	rishikesh		google:guest_house			
g-ChIJy4dLF7cXCTkRCOLLnA3gE1g	Capt. Mount Stays	rishikesh		google:hostel			
g-ChIJS_21E_IXCTkRq4iCKf-k4qE	Rishikesh Heritage Resorts	rishikesh		google:hotel			
g-ChIJE0V5BUIWCTkRXR0QqtYIm_A	Hridayangam vatika - Three-Bedroom Apartment	rishikesh		google:lodging			
g-ChIJtQkjwEMWCTkR73RyA-1PHJo	Ganga view cottage - Double Room	rishikesh		google:lodging			
g-ChIJV1VVVfE9CTkRuWNxsLmkd-E	Nakshatra Resort - Luxury Camping in Rishikesh	rishikesh		google:resort_hotel			
g-ChIJ5ZHTF2IXCTkR2NA3tbQaGbU	Simply Heaven Rishikesh - Camping in Rishikesh	rishikesh		google:resort_hotel			
g-ChIJV65wi6sWCTkRzy7wfV-ixAo	Ratta Pani Camp & Resort Rishikesh	rishikesh		google:resort_hotel			
g-ChIJIz85SQAXCTkRpm4kpru2jjE	Sangam inn homestay	rishikesh		google:private_guest_room			
g-ChIJM6xPp5YXCTkRMKdSz82q9x8	Siddharth cottage and homstay	rishikesh		google:private_guest_room			
g-ChIJIzFFsEsXCTkR-LWue107YyI	The Green Valley Resort Rishikesh	rishikesh		google:campground			
g-ChIJY4BCLawWCTkRtKnXWIrmzSg	Wildex Adventures	rishikesh		google:campground			
g-ChIJqdU5OlMXCTkRLKdAiEKvBos	Rishikesh Luxury Camping Resort	rishikesh		google:resort_hotel			
g-ChIJs8pvPssXCTkRdeZfg1s5ybs	Shivpuri Ganga Camping and Rafting	rishikesh		google:campground			
g-ChIJG4C05LIXCTkRcmLEsaXTIuk	Camp Ganga Waves	rishikesh		google:campground			
g-ChIJNfca9boWCTkRUB2JQdCXakI	Guru kripa apartment - Two-Bedroom Apartment	rishikesh		google:lodging			
g-ChIJAXM1KLcWCTkRZY-OFiVdq20	Explore Himalayas managed by Petals Hotels and Resorts	rishikesh		google:hotel			
g-ChIJkw2mV4kRCTkR3PGSI3z8usg	Rishikesh Adventure Resorts	rishikesh		google:resort_hotel			
g-ChIJq_3ZGUwRCTkRBupfHAX5lI8	River Hills Cottage, Rishikesh	rishikesh		google:resort_hotel			
g-ChIJU8jgHioRCTkR6w9fc44KAi8	Sri Ganesh Home stay	rishikesh		google:private_guest_room			
g-ChIJtdml8mcRCTkRO8dPTj3VpmE	River Heaven Cottage	rishikesh		google:private_guest_room			
g-ChIJSc0QzIYRCTkRS06yfiZfNvY	River Hills Cottage, Rishikesh - Double Room with Mountain View	rishikesh		google:lodging			
g-ChIJ81zUMu07CTkR4O6tQeDwCKI	S. Ranjeet Singh House	rishikesh		google:private_guest_room			
g-ChIJt_VTENs7CTkRV4aKnKMn2kM	Skylight Suites	rishikesh		google:hotel			
g-ChIJ80Bp1kA7CTkR-ZRAq_tEmUo	Hotel Unnati	rishikesh		google:hotel			
g-ChIJX1lKyAw7CTkRea6im6715Fg	Hotel Arya	rishikesh		google:hotel			
g-ChIJk-SI6QI7CTkRiNS7mvZXPlg	Bliss Resorts	rishikesh		google:resort_hotel			
g-ChIJHb-yewA7CTkRe4E_KUwoWD8	Doon Highway Home Stay	rishikesh		google:private_guest_room			
g-ChIJiVt6GJk9CTkRob4G4B7qwzg	Room	rishikesh		google:hotel			
g-ChIJcSGsAVEXCTkRxSqDFDt3-50	ARUN HOMESTAY	rishikesh		google:private_guest_room			
g-ChIJbfllQs8XCTkRyjfHc9RWRd0	Alpine 18 Camps & Cafe	rishikesh		google:resort_hotel			
g-ChIJ88tm7_QXCTkRapLfBMqCt48	Hill Nature Adventure Camp n Resort	rishikesh		google:campground			
g-ChIJz2UFVTUWCTkRTON76HKcU3Y	Camp Kasba Rishikesh	rishikesh		google:campground			
g-ChIJkzQpakwXCTkRz_WPFwVpsUI	Rishikesh Forest camp	rishikesh		google:campground			
g-ChIJaRr8Oo0XCTkRWBoJ0uMO-_4	Deluxe Riveside camping in Rishikesh	rishikesh		google:campground			
g-ChIJq0xf4FUXCTkRUrv-zWoiAZE	Camp Blue Jazz | Swiss Camp in Rishikesh	rishikesh		google:campground			
g-ChIJyTY6K-0XCTkRdoJLsaaacbc	The Mountain Hut	rishikesh		google:resort_hotel			
g-ChIJ8XHNUP4RCTkRiVLzJcaKpfg	Hotel and Hostel	rishikesh		google:hotel			
g-ChIJ6bSh_sgXCTkRbMYdT2lwYsQ	Hotel Paramount & cafe by YatriMap	rishikesh		google:hotel			
g-ChIJT5hjtVQXCTkR_hR3m8Q0ye0	Yog Namah Hotel & Cafe	rishikesh		google:hotel			
g-ChIJkTTllwEXCTkR5xhAsbg9GDg	Hotel drip inn by RK	rishikesh		google:hotel			
g-ChIJUTorflwWCTkRLGiqE933DiQ	Hotel Stay Inn by Riversun Hotels	rishikesh		google:hotel			
g-ChIJtaTGpkUWCTkRPOfXZkjQxPg	Hotel Bhagirathi Inn Tapovan Rishikesh By Perfect Stayz	rishikesh		google:hotel			
g-ChIJ8fZTFAAXCTkRKNxyukNTl00	Hotel Rishi Bhoomi Tapovan Rishikesh	rishikesh		google:hotel			
g-ChIJfQmdiskXCTkRj5o_86TuLls	Hotel sachin inn	rishikesh		google:hotel			
g-ChIJhaODYfYXCTkRS26M4tkcfJk	HOTEL SHREE KANTH BY SJJ	rishikesh		google:hotel			
g-ChIJ1Ri_v80RCTkRlzdSnsJWIPc	Hotel Monal	rishikesh		google:hotel			
g-ChIJqWdMJG4XCTkRIUsjoOfgpJ4	The Roxxy Royal	rishikesh		google:hotel			
g-ChIJsXWNiSYXCTkRisG4jIrnXtQ	Pride Inn by Maps Hospitality	rishikesh		google:hotel			
g-ChIJ53gZdwAXCTkRTFgfvjmk-ec	Hotel Shubhra Hieghts	rishikesh		google:hotel			
g-ChIJl6McMUQWCTkRbw-zfxsBat0	Lav-kush Hotel	rishikesh		google:hotel			
g-ChIJJXf07EoXCTkR7yuSKg27OJU	San Bloom Resort	rishikesh		google:hotel			
g-ChIJL6c9YH8XCTkRANGebqo2Avs	Rawat Bhojonalaya	rishikesh		google:hotel			
g-ChIJpVQc7XA9CTkRde7GYOyd0KU	Camping	rishikesh		google:hotel			
g-ChIJka3zbgAXCTkR7gLaOZbKIMY	Uper tapovan Vatsalya hotel and yoga	rishikesh		google:hotel			
g-ChIJzysyGaUXCTkRATi1lVSztdE	Sai Ganga Cottage by God Valley	rishikesh		google:hotel			
g-ChIJn5GIVwAXCTkRAEVfCDOHgac	Hotel The Sapphire	rishikesh		google:hotel			
g-ChIJoTs2qewXCTkRFLY_fFBH4lU	Hotel Once Again	rishikesh		google:hotel			
g-ChIJx4EcbAAXCTkRrR47aANNlgQ	Rishikesh	rishikesh		google:hotel			
g-ChIJP02_CBkWCTkR774fN8ev7Gw	Petals Krish Grand Hotel, Rishikesh	rishikesh		google:hotel			
g-ChIJ04tCx1oWCTkRE8Vahhsa2sg	The Bungalows River Front Rishikesh	rishikesh		google:hotel			
g-ChIJZ7pmiEUWCTkRqixmuuXwRGg	Hotel Indra By Classic Crown	rishikesh		google:hotel			
g-ChIJBUuspUUWCTkR0AIdVmWknW0	The Royalistiq Rishikesh	rishikesh		google:hotel			
g-ChIJ0RmzkUQWCTkRuRa5WdxU3AM	Hotel Akash Continental (ZoukStayz)	rishikesh		google:hotel			
g-ChIJj19HQFwWCTkRWMs34UTGTyI	Hotel Yuvraj Rishikesh	rishikesh		google:hotel			
g-ChIJaaPZPvQXCTkRMk5U-kuNOZQ	Hotel Hari Ganga View	rishikesh		google:hotel			
g-ChIJLcB__tEXCTkRLMnUeY2aNME	Hotel Sawitri	rishikesh		google:hotel			
g-ChIJE4i5AwAXCTkR1fEbVh4CxRs	AB Tropical Stays, Tapovan Rishikesh	rishikesh		google:hotel			
g-ChIJH4dzN9sXCTkR9rn533l64E8	DLS Hotels On The Ganges Rishikesh	rishikesh		google:hotel			
g-ChIJ-XHS5VYWCTkR3twDnugmB2s	Rishikesh Sadan	rishikesh		google:hotel			
g-ChIJ35K4SJIXCTkRsuly5ZyZAWY	TRISHUL GANGA	rishikesh		google:hotel			
g-ChIJPSAhbQAXCTkRbM_GmJusN9c	Nearby Hotel Aloha NIM Beach Road	rishikesh		google:hotel			
g-ChIJz6anlU8WCTkRIKeriPwf9co	NEHA HOTEL	rishikesh		google:hotel			
g-ChIJ6xrPlXYXCTkRcJmX2_AT-ig	Pennylane Rishikesh	rishikesh		google:resort_hotel			
g-ChIJ05_rUgIqCTkROV_2k4R_rOA	Moon Light Camp & Resort	rishikesh		google:resort_hotel			
g-ChIJNcjTXQAXCTkRAccvEjrlphg	The Yachi's	rishikesh		google:hotel			
g-ChIJXeDMEIwXCTkRNO85YuS1gEs	Solace Homestay	rishikesh		google:private_guest_room			
g-ChIJhyWcKAAXCTkR8B-o2cIUNBw	Vipin homestay	rishikesh		google:private_guest_room			
g-ChIJ0wfTtrUXCTkRUxP4iS5Vwm0	HomeStay in Rishikesh	rishikesh		google:private_guest_room			
g-ChIJL5J9zh0XCTkRcROTsCPEnZI	Sanaya Homestay Tapovan	rishikesh		google:private_guest_room			
g-ChIJe0FP5kQWCTkRytbOX1aJHjk	Amritash Homestay	rishikesh		google:private_guest_room			
g-ChIJc-6XDVwXCTkRtIjP0NEuskw	Tapovan DayNight Homestay	rishikesh		google:private_guest_room			
g-ChIJrUvllUUWCTkRmssdEthSKqM	Tapovan Homestay	rishikesh		google:lodging			
g-ChIJr78zk1IXCTkRii6WP1NCZj8	House of Tapovan	rishikesh		google:private_guest_room			
g-ChIJmyc3T5MXCTkR9nWxmO_KxYg	Oji's homestay	rishikesh		google:private_guest_room			
g-ChIJMWk67QYXCTkRdC2jq7lnNG8	Krishn Kunj home Stay	rishikesh		google:private_guest_room			
g-ChIJe1cZS4kXCTkRtVKRl15YLbQ	Bombaywali ka homestay	rishikesh		google:private_guest_room			
g-ChIJV1I--1AXCTkR3juUZKQxtmY	PookieStaysIndia Rishikesh	rishikesh		google:private_guest_room			
g-ChIJubiQbAAXCTkRMhgc-9RcsXY	Taponiwas	rishikesh		google:private_guest_room			
g-ChIJxbp1fBUXCTkRM_jehXC9HM0	Ritavana Boutique Homestay Rishikesh	rishikesh		google:private_guest_room			
g-ChIJ0ZSoMMIXCTkR4OYZKG2EEiM	Vanyam by planet stays	rishikesh		google:private_guest_room			
g-ChIJ3-OSBEcWCTkRsqtSWz9Ixas	STAYWELL COTTAGE HOME STAY	rishikesh		google:guest_house			
g-ChIJ89RaU2IXCTkRNTAv95Pf_GU	Sunshine Homestay	rishikesh		google:private_guest_room			
g-ChIJ3y-03q0XCTkRsNyYx7PFwUw	Buddy's Nest homestay	rishikesh		google:lodging			
g-ChIJNeCrLSMXCTkRxmkjzaMy8XU	Madhav Home stay	rishikesh		google:hotel			
g-ChIJTfLrhWgXCTkREx9UBS_izGM	Home Stay	rishikesh		google:private_guest_room			
g-ChIJc3LxnvsXCTkRynn8xQXDrCo	Ameya penthouse in tapovan	rishikesh		google:private_guest_room			
g-ChIJyUBoL2wXCTkRuywzM4G_-_g	Planet Stays villa at Vinamra Rishikesh	rishikesh		google:private_guest_room			
g-ChIJ8y4cCAAXCTkRkF9kjIL8e_0	Sneha Home Stay	rishikesh		google:private_guest_room			
g-ChIJdfW84fEXCTkRLucOCVyL2kU	Aj Stay	rishikesh		google:private_guest_room			
g-ChIJW5Yq4k0XCTkRzxGRUoLOWrw	Ganga Darsha guest house	rishikesh		google:private_guest_room			
g-ChIJ0WmQdQAXCTkR6YvMuxzUzok	Pundir Home Stay	rishikesh		google:private_guest_room			
g-ChIJZyT2ZZwXCTkRQHKkmMZZMLg	Jungle house	rishikesh		google:private_guest_room			
g-ChIJs-XmkekXCTkRdLo7CJbCtPw	ANNA STAY TAPOVAN	rishikesh		google:hostel			
g-ChIJV3FkilsWCTkRmdgiWXTfIQU	Shri Hari Har Peeth Ashram	rishikesh		google:private_guest_room			
g-ChIJK8C9kpoXCTkRIWjX_bKFY5M	Anjeet Rawat	rishikesh		google:private_guest_room			
g-ChIJ8VqqvEQWCTkRGGbtGtMlUoI	MAHAN PARADISE HOME STAY	rishikesh		google:private_guest_room			
g-ChIJ51JzvEQWCTkRYK6VhI2llWo	Mahan Paradise Homestay - Budget Twin Room	rishikesh		google:lodging			
g-ChIJzY4dKUUWCTkRTTGJr-7r6og	Kalyanji Residency by Bhandari Home Stay	rishikesh		google:guest_house			
g-ChIJRwtDHgAXCTkR9LtatvS9WRA	Ayur park	rishikesh		google:private_guest_room			
g-ChIJ56QeGQAXCTkRMzUSfwea5uI	Rudraksh Home Stay	rishikesh		google:private_guest_room			
g-ChIJESI-C1wWCTkRi-n8wukDupk	Karwaan Homestay - Double Room with Balcony	rishikesh		google:lodging			
g-ChIJESI-C1wWCTkRhjs0LBNX2eE	Karwaan Homestay - Double Room With Balcony	rishikesh		google:lodging			
g-ChIJjwVnlJ8XCTkRsovhwxPSXbw	VR Stays - Homestay in Rishikesh	rishikesh		google:hotel			
g-ChIJabDT3UgWCTkRlUB6lBFZfO0	Dhruv HomeStay - Budget Single Room	rishikesh		google:lodging			
g-ChIJ661dnv4XCTkR-SiepmhSMF0	Dhiraj guest house	rishikesh		google:guest_house			
g-ChIJd79RdJgXCTkRR865QgdPCKs	SoGreen Hostel Rishikesh	rishikesh		google:hostel			
g-ChIJN1NTQ04XCTkRSkfddK2y6eE	Hopstel Rishikesh	rishikesh		google:hostel			
g-ChIJIV4BD8UXCTkRxvltSQJavjk	Devora Resort	rishikesh		google:hotel			
g-ChIJv8t-6iwXCTkRsP_7jZ_Uq6I	Resort in rishikesh	rishikesh		google:resort_hotel			
g-ChIJI2flu7MXCTkRufRopQm1grQ	H7 Stay on the Ganges	rishikesh		google:hotel			
g-ChIJBVshwloWCTkR2gpMrz2uyO4	Aloha Pure Nature	rishikesh		google:resort_hotel			
g-ChIJw4F0lUUWCTkRveYv8dcVMfc	Panther Adventure Resort - Tent	rishikesh		google:lodging			
g-ChIJlff1skcWCTkRsmCivUCgsZg	Green Valley Cottage	rishikesh		google:cottage			
g-ChIJoX4rTkUXCTkRisevIIV5l1s	Bablu camping & resort	rishikesh		google:camping_cabin			
g-ChIJw2DeBwAXCTkRFYcXY9Xg4cY	HOTEL FALLS STREET BY DC HILLS	rishikesh		google:hotel			
g-ChIJr8yj4NkXCTkRELAK0DKZGaM	Camp Travel Yatri Rishikesh	rishikesh		google:campground			
g-ChIJO8v2TpYXCTkRPXm_hhdwWkc	The Olivia by Shri Hari Group	rishikesh		google:lodging			
g-ChIJqa-zC9MRCTkReEnt4_NQXKU	The Grand Alova by Wild Heritage	rishikesh		google:hotel			
g-ChIJNT3HoZcXCTkRykgJ0lyMkTU	Black Pearl Resort - Office	rishikesh		google:resort_hotel			
g-ChIJ_ebxht4XCTkRxCOl_emullc	Wellness Ayur Amritam Rishikesh	rishikesh		google:wellness_center			
g-ChIJqfCT6NkXCTkRiUWHIonfeYI	VO HOTELS & RESORTS	rishikesh		google:hotel			
g-ChIJl2r1dw4XCTkRQbm_Jx_STwM	Wildlife Adventure	rishikesh		google:lodging			
g-ChIJqc_uFgAXCTkRw0vUArjrt5o	Ganga View Resort	rishikesh		google:hotel			
g-ChIJ3VSMcV4XCTkRwH59lsB3KS8	Adventure14Uttarakhand	rishikesh		google:tourist_attraction			
g-ChIJJWKVlLYXCTkRyhVWfBZHV_U	Hotel The Premium Villa Rishikesh	rishikesh		google:guest_house			
g-ChIJOYpkKhUXCTkRIc0CwjBll9E	Maharishi Ayurveda Rishikesh	rishikesh		google:health			
g-ChIJYQAcpkoWCTkRtE2UTLskAkI	Moonlight Camps Resort Rishikesh - Standard Triple Room	rishikesh		google:lodging			
g-ChIJS-K5FVEWCTkROlGf7pJHQgg	Rishikesh Camping Booking	rishikesh		google:campground			
g-ChIJTwqqozERCTkR7Re2KoY6USs	Weekend Rafting Camp	rishikesh		google:lodging			
g-ChIJy83Zq_kXCTkRxdgPWchxa14	Rishikesh Camping	rishikesh		google:campground			
g-ChIJPYxDAkYWCTkRwreUMjMAQcw	Camp Hi Wall By Indus - Tent	rishikesh		google:lodging			
g-ChIJG5_Vf0UWCTkRdn5D1YWeugQ	Outbound Adventure	rishikesh		google:lodging			
g-ChIJUVVVlUUWCTkRPpwJuoE2hzI	Back 2 Nature Holidays	rishikesh		google:tour_agency			
g-ChIJmSbasJcXCTkRCLG0jQNoThQ	Uttarakhand Tours	rishikesh		google:lodging			
g-ChIJkb33TfgXCTkRTllP3U6ADrQ	Vismaya 3bhk apartment in tapovan	rishikesh		google:private_guest_room			
g-ChIJGQywfgAXCTkR6EWpdq44g1I	Tapovan Bliss Stay – Serviced Apartment	rishikesh		google:lodging			
g-ChIJaSNEtkgWCTkRH4RSCtc-OwQ	Yogvan Luxury 1BHK Apartments Tapovan Rishikesh - Superior One-Bedroom Apartment with Balcony	rishikesh		google:lodging			
g-ChIJH9FeVk8WCTkRIEoZkirQN-s	Heaven Homes 2Double Beds Lift Parking Kitchen in Tapovan - Deluxe One-Bedroom Apartment	rishikesh		google:lodging			
g-ChIJaSNEtkgWCTkR2henK8M5cgk	Yogvan Luxury 1BHK Apartments Tapovan Rishikesh - Superior Apartment with Balcony	rishikesh		google:lodging			
g-ChIJaSNEtkgWCTkRC-W4zx1uUD0	Yogvan Holidays 1BHK Apartments Tapovan Rishikesh - Superior One-Bedroom Apartment with Balcony	rishikesh		google:lodging			
g-ChIJmZ0fyEgWCTkRItmqnoKHvO0	Orraica 207 Apartment in Tapovan near Lakshman Jhula with Kitchen - One-Bedroom Apartment	rishikesh		google:lodging			
g-ChIJV2OZ_0QWCTkRH4DZrh0lxIQ	The Anand Mountain View Apartment - Two-Bedroom Apartment	rishikesh		google:lodging			
g-ChIJtZ-mfU8WCTkR6v9wJOF8kZ8	Tapovan Rise Flat - One-Bedroom Apartment	rishikesh		google:lodging			
g-ChIJz3vzhUUWCTkR2126E686pyM	Stunning Apartment in Tapovan - One-Bedroom Apartment	rishikesh		google:lodging			
g-ChIJk-63cAAXCTkRv_dScPayrYY	Hillscape apartments	rishikesh		google:lodging			
g-ChIJaSNEtkgWCTkRpZh6pidHS2k	Yogvan Luxury 1BHK Apartments Tapovan Rishikesh - Superior One-Bedroom Apartment with Balcony	rishikesh		google:lodging			
g-ChIJleT7L0QWCTkRiBbSfDpri_I	Aloha Luxury 1BR and 1LR Apartment - Apartment	rishikesh		google:lodging			
g-ChIJL0DcTUQWCTkRuokAKPco6FI	The Happy Avenue II 3 BHK Apartment - Three-Bedroom Apartment With Balcony	rishikesh		google:lodging			
g-ChIJHRK4_0QWCTkRUas8N4H-QGE	Charming 2-bedroom apartment in enchanting Rishikesh with WiFi, AC	rishikesh		google:lodging			
g-ChIJ02C5-EQWCTkR_5e1bngHfrk	Shinjani Stays Peaceful 2BHK in Tapovan - Two-Bedroom Apartment	rishikesh		google:lodging			
g-ChIJiaSlq0UWCTkRbeos_EYsu1k	Buddysnest by The Anand Homes - Two-Bedroom Apartment with Balcony	rishikesh		google:lodging			
g-ChIJM69OU0QWCTkRMpLiaYolsBM	beautiful home stay close to laxman jhula - Two-Bedroom Apartment	rishikesh		google:lodging			
g-ChIJc5hVVEQWCTkRjJatDPySAlg	Raj palace - One-Bedroom Apartment	rishikesh		google:lodging			
g-ChIJQzDsUUQWCTkRqVEfu68R4Io	Beautiful White House 2 close Laxman jhula - Two-Bedroom Apartment	rishikesh		google:lodging			
g-ChIJtYvqhUQWCTkRW6g8M6CdPzk	Namastay - Three-Bedroom Apartment	rishikesh		google:lodging			
g-ChIJT28zIOoXCTkRdHYBsP5kAO8	De N Ascents Expeditions	rishikesh		google:lodging			
g-ChIJo_s2yEgWCTkRESvw4WLT8xA	Orraica 203: Tapovan near Lakshman Jhula 1 Bedroom Apartment w Kitchen - One-Bedroom Apartment	rishikesh		google:lodging			
g-ChIJmZ0fyEgWCTkRBzFUIKAwMfY	Orraica 206: 1 Bedroom Apartment in Tapovan near Lakshman Jhula for stay - One-Bedroom Apartment	rishikesh		google:lodging			
g-ChIJBwEbyEgWCTkR-HPIoksswyo	Orraica 204: 1 Bedroom Apartment near Lakshman Jhula Tapovan - One-Bedroom Apartment	rishikesh		google:lodging			
g-ChIJp0SHtkgWCTkRgMBQXL5eSvs	Lovely Homes, Rishikesh - One-Bedroom Apartment	rishikesh		google:lodging			
g-ChIJp0SHtkgWCTkR4s_rjioL4dw	Lovely Homes, Rishikesh - One-Bedroom Apartment	rishikesh		google:lodging			
g-ChIJH9FeVk8WCTkRRfFLfAA-h9w	Gauri's Adobe In Tapovan Entire 1BHK - Two-Bedroom Apartment	rishikesh		google:lodging			
g-ChIJH9EuyEgWCTkRRXgGnvasdLw	Exclusive 1 Bhk Apartment in Rishikesh - One-Bedroom Apartment	rishikesh		google:lodging			
g-ChIJ99M8fAAXCTkREnQzKfXnIO0	Hsk&Ask	rishikesh		google:lodging			
g-ChIJ0_Tit0gWCTkRrrj2rPgiz0A	Atullyam Apartments	rishikesh		google:lodging			
g-ChIJJZ47yEgWCTkR1IjJ-MwHwlI	Orraica 206: Entire Apartment in Tapovan	rishikesh		google:lodging			
g-ChIJ90Wzu1oWCTkRuRmefGPqT_I	Aloha on the ganges 1bhk peaceful apartment THE NEST - One-Bedroom Apartment	rishikesh		google:lodging			
g-ChIJ-ZvBFEUWCTkRnFV6Kl8_zn4	Beautiful 1 Bhk in Tapovan - One-Bedroom Apartment	rishikesh		google:lodging			
g-ChIJd-mk7loWCTkRKnpQ7T7SFNo	Aloha Service Apartments - One-Bedroom Apartment	rishikesh		google:lodging			
g-ChIJPw8JWlsWCTkRfxgrkru4yYk	M.B.Y BANK BAD,OR HOSTEL - Two-Bedroom Apartment	rishikesh		google:lodging			
g-ChIJ9SOmvloWCTkR0fPBNwKJlDw	Aloha garden view apartments run by alka - One-Bedroom Apartment	rishikesh		google:lodging			
g-ChIJu7H7u1oWCTkRjI0xzEiipfc	Aloha-The Blissview Ganges Retreat - Two-Bedroom Apartment	rishikesh		google:lodging			
g-ChIJxZBYiTgXCTkREJm28gRiI_E	Almost Heaven	rishikesh		google:private_guest_room			
g-ChIJtRqflkkWCTkRhRk4eUVPSww	Rabha Stay 2BHK Penthouse with Terrace - Apartment with Mountain View	rishikesh		google:lodging			
g-ChIJC0X4u0kWCTkR3Qzq6cFn028	Utopia-4 - One-Bedroom Standard Apartment	rishikesh		google:lodging			
g-ChIJVfcjvkgWCTkRha-xbTdRe1Y	Cottages in Rishikesh	rishikesh		google:cottage			
g-ChIJHweDm0UWCTkRB-7nP3FWURU	Tripti Cottage	rishikesh		google:lodging			
g-ChIJgSs50BwXCTkRuq0K14_hqBM	Hotel Neer Ambience by APz	rishikesh		google:hotel			
g-ChIJXbyMc88XCTkRKlrCgcTIqzA	Pratham homestay	rishikesh		google:private_guest_room			
g-ChIJo6VuffsWCTkRzVHDcARWW2U	Ratan Homestay - Double Or Twin Room	rishikesh		google:lodging			
g-ChIJ41LvcPsWCTkRCxrurIAjC5g	RATAN PALACE GUEST HOUSE - Deluxe Double Room (2 Adults + 1 Child)	rishikesh		google:lodging			
g-ChIJo-gl3cQXCTkRPOmh0mBa9UA	Ratan home stay	rishikesh		google:guest_house			
g-ChIJjSSTte4XCTkRX7BttCO9w1Y	Gocampers Rishikesh	rishikesh		google:campground			
g-ChIJM9pWqu0XCTkRwJcnX1tF9_g	Riverside beach	rishikesh		google:campground			
g-ChIJUbNdj_gWCTkRJOXRdocPJTo	Homage	rishikesh		google:lodging			
g-ChIJewzLy8QXCTkRMNT7oRId8nM	River side camps Rishikesh	rishikesh		google:campground			
g-ChIJFx7OIgAXCTkRoQ99F1Eo_0E	The danc	rishikesh		google:hotel			
g-ChIJLx6z3DUXCTkRAbBc2f5Epk4	Great Northern Himalayas Camp	rishikesh		google:campground			
g-ChIJGd8AsccXCTkRuH8s8cIDHYs	Camp kyarki valley	rishikesh		google:campground			
g-ChIJ9VSKYwAXCTkRDXMjxmV-2IM	BIG TREE CAMP 🌲	rishikesh		google:campground			
g-ChIJrUI7scwWCTkRWVaOIc1Vf2I	Palm Resort Shivpuri	rishikesh		google:resort_hotel			
g-ChIJLUV3EQIXCTkRD7v85QZrtMA	Serene Glamp	rishikesh		google:hotel			
g-ChIJvybscw0XCTkR2dPXQE5kpkw	Shivpuri Adventure Resort And Camp	rishikesh		google:resort_hotel			
g-ChIJpUSgQDMRCTkRWCRr68Ho1-k	Paddler Zone by kapalin	rishikesh		google:hotel			
g-ChIJH7CTB50RCTkRzk1OsY_ODLc	Papa's Homestay & The Garden Restaurant	rishikesh		google:hotel			
g-ChIJk62ObO0XCTkRl1JSDho-gP4	Palm Resort | Soulhub Hospitality private limited	rishikesh		google:resort_hotel			
g-ChIJ7x-jcawRCTkRjNpYsIsAA3g	Green Garden Homestay	rishikesh		google:private_guest_room			
g-ChIJNUekegARCTkRVJMc_6ptoFE	Ganga View Bungee Retreat	rishikesh		google:private_guest_room			
g-ChIJ-0vAMgARCTkRgHNKNvxZUZI	Gulab guesthouses	rishikesh		google:private_guest_room			
g-ChIJzQ2ZUAARCTkRpnGiQdyfzaQ	Rambo home	rishikesh		google:private_guest_room			
g-ChIJHYcUhjERCTkRefJifms-dHk	Rishikesh Camping | Paddlerzone Rishikesh | Camping in Rishikesh	rishikesh		google:campground			
g-ChIJ8QQ95p0RCTkRef6aO6ZGcG0	Camp in Shivpuri Rishikesh | Camp Explore Shivpuri	rishikesh		google:campground			
g-ChIJlTwnUOcXCTkR2NkzWdIffRY	Bluemoon Camping and Rafting	rishikesh		google:campground			
g-ChIJBXiuDAAXCTkR6Pcg3XgHDwk	Blue Nature Camping & Resorts	rishikesh		google:campground			
g-ChIJXSAf-LoXCTkRain2KVeC6XI	Ulyar Trips	rishikesh		google:childrens_camp			
g-ChIJp8FydAARCTkRmYj1LWy1Y2c	Panthar cottage	rishikesh		google:campground			
g-ChIJ53Li3zcRCTkRMrrlpaDyTto	Hotel Trance Ganga	rishikesh		google:hotel			
g-ChIJZ3AMJgARCTkRAXW1X6sHC8M	DAVBHOOMI HOTEL	rishikesh		google:hotel			
g-ChIJh8zIuLkRCTkRS_qc-XayVRs	Panchvati Cottage | route	rishikesh		google:private_guest_room			
g-ChIJr3a8YIsRCTkR2Bi1dImigF0	SKY GANGA RESORT	rishikesh		google:resort_hotel			
g-ChIJA2uWQZgRCTkRonQLpI7-nAA	Marvel Cottage Shivpuri	rishikesh		google:cottage			
g-ChIJze3dKS4RCTkR7bGBiTJ056M	Panchvati Cottage	rishikesh		google:childrens_camp			
g-ChIJt-UXdEsRCTkRv5jMOFni0Yk	Camp Magic Stone	rishikesh		google:campground			
g-ChIJYfrZQAARCTkR3Onwwux2jQM	The Parth Resort	rishikesh		google:resort_hotel			
g-ChIJXV3sOFARCTkRgUVgoDzs8I4	Grand five luxury camps	rishikesh		google:campground			
g-ChIJywN_muERCTkRo9kG1wpbSRY	Water Hill Resort	rishikesh		google:resort_hotel			
g-ChIJe4h13C8RCTkRNBFBHxWUAnc	The Parth Resort	rishikesh		google:lodging			
g-ChIJcYglLTARCTkRCp35UZbkyyM	Panther Adventure Resort by Snow Leopard Adventures	rishikesh		google:campground			
g-ChIJ2w3TBzIRCTkRFjyWvVJQ-54	Explore Himalayas Resort	rishikesh		google:lodging			
g-ChIJUz_0_C8RCTkRK0yX4BoW0Ss	High Bank Himalayan Retreat Eco Resort	rishikesh		google:lodging			
g-ChIJqZfpWqkcDTkRm_y6h_fIQ48	THE SHIVPURI CAMPS & COTTAGES	rishikesh		google:campground			
g-ChIJAbLUT3ERCTkRdWEZc3b_GaA	Gautam and Gautam Group Rishikesh	rishikesh		google:resort_hotel			
g-ChIJaeG1TN0RCTkRhC3hhE4C7tA	Happy moments camp and resort	rishikesh		google:resort_hotel			
g-ChIJxW8aZMM_CTkRs1GG74U21Y4	Camp Green chilli adventure	rishikesh		google:lodging			
g-ChIJw0b80C8RCTkRhZkvAwKB7-U	Manglam Camps Resort By Luxe Escape - Tent	rishikesh		google:lodging			
g-ChIJh9MOViZHCTkR2qXlgk5TemE	Camping River Rafting in Shivpuri Rishikesh	rishikesh		google:campground			
g-ChIJCZKEIwARCTkRJwFOLpJ02dA	adventure camp Rishikesh	rishikesh		google:campground			
g-ChIJS-QQrvIRCTkRj3wX9XnYKao	River Himalayan Adventure | Rafting Camping in rishikesh	rishikesh		google:lodging			
g-ChIJtXpwa5wXCTkRoMh_J5OKbb4	HIMVENTURE	rishikesh		google:adventure_sports_center			
g-ChIJv079vAQRCTkR3IeOPYYb1MA	Hotel Great River Ganga	rishikesh		google:hotel			
g-ChIJgSv9nvsRCTkRVgvwIvBLWe4	Relax inn	rishikesh		google:hotel			
g-ChIJOYlEAgARCTkRBsYpXt_cTPE	Treks And Trail, Shivpuri adventure camp	rishikesh		google:campground			
g-ChIJI-5_DzARCTkRhEo2revjQac	Beach Camp By Ripply Adventures	rishikesh		google:campground			
g-ChIJH8Qz6TERCTkR1lgvRPMzkrU	HELP ADVENTURE	rishikesh		google:campground			
g-ChIJ0XABSFwRCTkRP84_IPY3zxs	Adven Himalaya	rishikesh		google:campground			
g-ChIJVwfxpi8RCTkRXGiKorLalNs	SRI KUTEER Abode,tucked away in peaceful nature - One-Bedroom Apartment	rishikesh		google:lodging			
g-ChIJMVIJKi4RCTkRlVqfCvh13kw	Marvel Cottage Shivpuri - Tent	rishikesh		google:lodging			
g-ChIJ6x9sq3MRCTkR3CGtXPyWGqE	Neemrana's Glasshouse on The Ganges - 21st Century, Rishikesh	rishikesh		google:hotel			
g-ChIJgSjB9RgRCTkRCeGEvDIfKWY	The Roseate Ganges Rishikesh	rishikesh		google:hotel			
g-ChIJUZIR1XIRCTkRLUbtGBDUss4	Camping huts overlooking the Ganges	rishikesh		google:hotel			
g-ChIJKwXnfD8PCTkRGudk3ubSfcg	Alknanda view home stay & resturant	rishikesh		google:hotel			
g-ChIJk6HpQwARCTkRsKNJP6oacUw	Himalaya view homestay	rishikesh		google:private_guest_room			
g-ChIJywPSIlg7CTkR7IchzmNiVxA	Mazri Grant Resort	rishikesh		google:event_venue			
g-ChIJT9SjWAAPCTkRs3eRe1cJhhg	Sai devine hotel	rishikesh		google:private_guest_room			
g-ChIJTVe3pKM7CTkROnyUeO9JTv4	Khem paradise inn	rishikesh		google:private_guest_room			
g-ChIJac7InTk7CTkRC9ZtMNcweBI	Singh Saab the Family Restaurant	rishikesh		google:hotel			
g-ChIJs_-u_nw7CTkRvjQ8HlQKO6o	Randhir Home	rishikesh		google:lodging			
g-ChIJ0R8qSwA7CTkRm5vahFYfiRI	Soban kumain	rishikesh		google:private_guest_room			
g-ChIJBylm6ck7CTkReX6fAGg388Q	Aranyaka Farmstay	rishikesh		google:farmstay			
g-ChIJSUPvtts9CTkR2SHELL-dvDw	Oxygen Hotels OUNI	rishikesh		google:hotel			
g-ChIJr-aMQCU9CTkRo5nVfBO7wss	Ouni Forest Homestay	rishikesh		google:private_guest_room			
g-ChIJJUQmKAA9CTkR7yw8vO0xULQ	Kanaar jungle view Resort	rishikesh		google:campground			
g-ChIJLUHPRrk9CTkRqOyKZ06Hdq0	RJ Homestay	rishikesh		google:private_guest_room			
g-ChIJC6rQC5M9CTkRbnKACXZ-U80	The Happy Vibe Tribe	rishikesh		google:private_guest_room			
g-ChIJP3K1yGc9CTkRvOOzhOlkdL0	RJ Homestay - Double Room	rishikesh		google:lodging			
g-ChIJEzkmBgA9CTkRpmMQoeBCvrs	Mahesh nautiyal	rishikesh		google:private_guest_room			
g-ChIJhS_8zWA9CTkRcEmc5PeeQng	Nanda Tourist Guest House	rishikesh		google:guest_house			
g-ChIJISF13Rc9CTkRm27Z014n3xg	Hotel Ishwar Guest House	rishikesh		google:hotel			
g-ChIJOQ_V8S49CTkRIhYfMBc9eO4	Narendra Nagar Palika guest house	rishikesh		google:lodging			
g-ChIJey9d7skXCTkRgZAXN6ZATgs	Hotel Aghore Shaktipeeth	rishikesh		google:lodging			
g-ChIJdW83qjcXCTkRde0vSzlbEL0	Om Mani Retreat, Rishikesh	rishikesh		google:private_guest_room			
g-ChIJTbFClPUXCTkRJDhWZsHx0EY	Panchajanya home stay	rishikesh		google:private_guest_room			
g-ChIJ6_EnDo0XCTkR_lCQRuDBqjA	Navira Homestay	rishikesh		google:private_guest_room			
g-ChIJzT3q5RwXCTkRO9nUTqMzHPc	Negi Sadan Homestay - Double Room	rishikesh		google:lodging			
g-ChIJr-7R3QkXCTkRgVzcJVedh88	Mountain Whisper, Camp at the Most Unique Location of Rishikesh	rishikesh		google:campground			
g-ChIJUyYMGAAXCTkRdNE-HsC5aNE	Green River camping	rishikesh		google:campground			
g-ChIJU_GYa0sXCTkRnpXNdYh8cPE	Clan Boho	rishikesh		google:private_guest_room			
g-ChIJsXI9h-8XCTkRF37Ygfz_DvU	HR 26 Hotels & Resort	rishikesh		google:hotel			
g-ChIJeXel660XCTkRWyPPqqaFI_k	Rockland Resort Camps	rishikesh		google:campground			
g-ChIJn_i4IwAXCTkRfQHQO3ISEzs	Ejaa's House	rishikesh		google:private_guest_room			
g-ChIJ8cqO-xsXCTkRCmCG_Lh694c	Royal Green Resort & Camp's Shivpuri Rishikesh	rishikesh		google:resort_hotel			
g-ChIJVX4GEn0XCTkRcWdIzCRqzDE	Ananya Retreat Resort Shivpuri, Rishikesh	rishikesh		google:resort_hotel			
g-ChIJkwE2_FIXCTkR075UCJQAYpg	The Foresta Retreat Resort	rishikesh		google:resort_hotel			
g-ChIJf-2xHwARCTkRKpnQhu01q08	Trivansh resort	rishikesh		google:resort_hotel			
g-ChIJR8btpe0RCTkRzFhrj0bE4dg	Paradise vista resort	rishikesh		google:resort_hotel			
g-ChIJebNOOAAXCTkRzbAa896tca4	Shiven Resort	rishikesh		google:hotel			
g-ChIJiSqLKOoXCTkRS_UzmDK0qdE	The Silhouette	rishikesh		google:resort_hotel			
g-ChIJDVdNe9QRCTkRWogtOphqKjE	Aura River Resort | Camping In Rishikesh	rishikesh		google:resort_hotel			
g-ChIJa0b-BwAXCTkR7oanpOq9baY	Hanging Cottage	rishikesh		google:hotel			
g-ChIJVYNQDPcXCTkRUxeRCmQ_nkI	The Badal stops	rishikesh		google:resort_hotel			
g-ChIJuXEjqiwXCTkRR8wP3xnR7wI	Camp monal stay	rishikesh		google:hotel			
g-ChIJ6QjdagAXCTkRJvST05T9dss	Lotus resort	rishikesh		google:resort_hotel			
g-ChIJP8WPOd4XCTkRZUzUxrkWd68	The orange family	rishikesh		google:private_guest_room			
g-ChIJT2KPwTwXCTkRMaOTw8wo7CU	Neeraj Bhandari	rishikesh		google:private_guest_room			
g-ChIJ-wQzLEsXCTkRvCTfk20GzkA	Chai n Estilo	rishikesh		google:private_guest_room			
g-ChIJQ07AzboXCTkREzRJOVykAhU	Shree G Cottage and Camp	rishikesh		google:campground			
g-ChIJh6wyX3wSCTkRJ0-0PMYACe4	Camp Majestic - Luxury Camp in Rishikesh	rishikesh		google:campground			
g-ChIJFYUqEVQXCTkRgHTFT_b4_s4	Camp Namaste Rishikesh	rishikesh		google:campground			
g-ChIJ93kUBdUXCTkREJyF36P9h20	Moody Monkey Resort & Camping	rishikesh		google:campground			
g-ChIJxbX4LcAXCTkRtES74Z9Ph9g	Water Hills Resort & Camping	rishikesh		google:campground			
g-ChIJNcj_mIIXCTkRu9LnFrkzp5M	The Unicorn Camps	rishikesh		google:campground			
g-ChIJoQWyFoUXCTkR5IW_csBMERw	Blue Heaven Camp	rishikesh		google:campground			
g-ChIJM13cYtAXCTkRUilXNjzmg3E	The Tripline Camps & Resorts	rishikesh		google:childrens_camp			
g-ChIJZXlHeisXCTkRxcxt7Ii4t1k	Shivpuri Camping Rishikesh	rishikesh		google:campground			
g-ChIJhQfVGa8XCTkR8JD4JWwLky8	Chill Out Camp	rishikesh		google:campground			
g-ChIJ1dbfoWIXCTkRqfQdGFR8dDI	Camp Badal Adventure	rishikesh		google:campground			
g-ChIJgSuxw-UXCTkRTSx7viJWn4g	The wild leopards luxury camp	rishikesh		google:campground			
g-ChIJ08Pa4tQWCTkREnyE_8CM3qA	Shivpuri Hills Camp - Deluxe Room (2 Adults + 1 Child)	rishikesh		google:lodging			
g-ChIJZ0SYFgAXCTkRUDx6LJ2HtGw	Wild Leaf Camps	rishikesh		google:camping_cabin			
g-ChIJB81aai4XCTkRmDDsxOvaZkA	ATS - Rishikesh (All Terrain Stay)	rishikesh		google:campground			
g-ChIJ08Pa4tQWCTkR-hLzyr6fodY	Shivpuri Hills Camp - Triple Room with Private Bathroom	rishikesh		google:lodging			
g-ChIJcxEoK5kXCTkRAZATe5eIGwE	Moonshine camp	rishikesh		google:campground			
g-ChIJK2DDi80XCTkRPBirbInQgmo	H.N.Adventures Camp	rishikesh		google:camping_cabin			
g-ChIJG9EdfwAXCTkRDX9D7vF0iAk	Nimay camps and adventures	rishikesh		google:campground			
g-ChIJx-N1UcwXCTkRRVPPoz2wBZU	"Swagat camp"	rishikesh		google:hotel			
g-ChIJ-8x_4tQWCTkR0BTGMf0B-Gs	Camp Himalayan By Luxe Escape - Tent	rishikesh		google:lodging			
g-ChIJ-Zj4ACkXCTkRdXbl1bKgtew	Anandam Camping	rishikesh		google:lodging			
g-ChIJr3eiH-UXCTkRKGeNEzsIWQE	Ghumakkars cottage	rishikesh		google:cottage			
g-ChIJyfcsHgAlCTkReDVls7fyZQg	The royal rajputana resort	rishikesh		google:resort_hotel			
g-ChIJKa2Hamo7CTkRii06p4KAhcU	SSB canteen	rishikesh		google:lodging			
g-ChIJbazpWAAlCTkRaNhNPGJ35Zk	Doiwala plot	rishikesh		google:hotel			
g-ChIJM1kAXgAlCTkR0rtag21BpA4	Mitra Panjabi dhabha	rishikesh		google:hotel			
g-ChIJ2ZwU7o87CTkRybbK1HyZiQA	Hotel M Sarthak	rishikesh		google:hotel			
g-ChIJfxIUsSQlCTkR4pbsuwsIHUQ	Hotel YesWell	rishikesh		google:hotel			
g-ChIJxZsEDAAlCTkRvUHf_jfQoRo	Bhaniya wala rawat ji ka plot	rishikesh		google:private_guest_room			
g-ChIJD3TXZjIlCTkRXgo6w2PM-to	Airport Luxury Nature Homestay- Near Jolly Grant Airport Dehradun - Double Room with Mountain View	rishikesh		google:lodging			
g-ChIJD3TXZjIlCTkRznWQqMdOXmw	Airport Luxury Nature Homestay- Near Jolly Grant Airport Dehradun - Family Room with Mountain View	rishikesh		google:lodging			
g-ChIJ65MNWkU7CTkRwPY6G0qgSzU	Negi Niwash Digothi Wale	rishikesh		google:lodging			
g-ChIJS8A02ik7CTkRbVVO6u25ETM	White Container Home	rishikesh		google:private_guest_room			
g-ChIJnfm9QgAjCTkRr5PRuGujpvc	Arora family	rishikesh		google:private_guest_room			
g-ChIJ4_xwfQY9CTkRjLsmOa3obVA	Hotel Imperial And Restaurant	rishikesh		google:hotel			
g-ChIJDTBeOiw9CTkRz995DL2mtxI	Green Dandi Home Stay	rishikesh		google:hotel			
g-ChIJ67gqxdQ9CTkRnaxPxkGZXcc	Limeport Homestay	rishikesh		google:private_guest_room			
g-ChIJjztQKQA9CTkRDqYo1zsCBnY	Rana Home	rishikesh		google:private_guest_room			
g-ChIJeeZRX9QpCTkRJ49ZbxqZ0MM	Sip A Trip	rishikesh		google:tour_agency			
g-ChIJ0zDTagA9CTkRVrQIRh0eKvE	MoShams	rishikesh		google:hotel			
g-ChIJp33rppwXCTkR9uZqGE93l88	Mahananda Spa & Resorts	rishikesh		google:resort_hotel			
g-ChIJwbK1FRk9CTkRrkTm13qBXRs	Narendra Nagar army guestroom	rishikesh		google:private_guest_room			
g-ChIJQcDuUgA9CTkRjgfFIm_UPmA	QUEENS VALLEY	rishikesh		google:private_guest_room			
g-ChIJRQa2XwAXCTkRSnjnm-TvvE4	KAINTURA HOME STAY & RESTAURANT	rishikesh		google:private_guest_room			
g-ChIJi1z2_mYXCTkRS0DbvQMPeVI	Blue Jay Camps	rishikesh		google:campground			
g-ChIJM4hATAAXCTkRIe95ZXZwzco	MSK Hotel & Restaurant	rishikesh		google:lodging			
g-ChIJKyN1tO0XCTkRH9NdGleLilI	Kunjapuri camps - Tent	rishikesh		google:lodging			
g-ChIJHTFImZsXCTkR75HcSU_dVW8	Artist Valley Homestay	rishikesh		google:lodging			
g-ChIJIdSTUwAXCTkRIBUmR8lm0UM	SARAS HOLISTIC HOMSTAY	rishikesh		google:private_guest_room			
g-ChIJ_5TVKh8XCTkR7Q7YWszwiyQ	Tripforlife Camps and Cottages	rishikesh		google:resort_hotel			
g-ChIJpbQTLDkXCTkRLy2CqoSuheU	Culture HomeStay uttrakhand matiyala	rishikesh		google:private_guest_room			
g-ChIJ81w7PQklCTkRFN5vv7NgTg4	Hotel Vasdaa Grand	rishikesh		google:hotel			
g-ChIJyyh8zN8lCTkRh7S8TLoDHWg	Jp Palace And Home Stay	rishikesh		google:hotel			
g-ChIJqenC0zQlCTkRbTbY2dAbWAs	Gunsola Niwas	rishikesh		google:private_guest_room			
g-ChIJCTFdnNslCTkRf1B6OlRx8vU	Hotel KSS Inn	rishikesh		google:hotel			
g-ChIJuVo-5nolCTkROyBu2Xy1R38	Comfort Inn Homestay	rishikesh		google:hotel			
g-ChIJub2dpoElCTkRRCwqfjat4zc	Hotel Mohni Lodge	rishikesh		google:hotel			
g-ChIJN9ooBwAlCTkR4w8bPN59dag	Blooming Inn	rishikesh		google:hotel			
g-ChIJP0exJfYlCTkRnBAAHaUM4GY	Hotel Tapasya Jollygrant Airport Dehradun	rishikesh		google:hotel			
g-ChIJ670QT_8lCTkRwRf8XvVz6CQ	Dev Guest House	rishikesh		google:guest_house			
g-ChIJc3QXcYklCTkRf1fCMRL43gU	VIRAJ HOMESTAY & RESTAURANT	rishikesh		google:private_guest_room			
g-ChIJCcDQDSElCTkRsiOjYRjozCY	Nandini Homestay - Deluxe Family Room	rishikesh		google:lodging			
g-ChIJCcDQDSElCTkR_5pQXGF_Bys	Nandini Homestay - Family Room with Terrace	rishikesh		google:lodging			
g-ChIJCcDQDSElCTkRpdEpk41YPhU	Nandini Homestay - Deluxe Double Room	rishikesh		google:lodging			
g-ChIJD2ZvXwAlCTkRv5sc9-hjxwI	The Grand Home Stay	rishikesh		google:private_guest_room			
g-ChIJ5ZFRdCUlCTkROh8lQAU0JNQ	The Anand	rishikesh		google:guest_house			
g-ChIJ9ZUGhdElCTkRdgpw39c0gI0	Vikas bhawan	rishikesh		google:lodging			
g-ChIJ7cG6gxglCTkRQ4TfgfUzfos	The Bougainvillea Cottage - Private 2BR Farm-Stay with Hill and Orchard Views - Family Room	rishikesh		google:lodging			
g-ChIJp8OkiwIlCTkRJZ-Xh6VHBeE	97 B kulna	rishikesh		google:lodging			
g-ChIJYz92VBUlCTkRnKB8izGTwcI	Hotel punjabi jaika	rishikesh		google:hotel			
g-ChIJjTan5nUlCTkRLKpacJocewE	Hotel jolly wings	rishikesh		google:hotel			
g-ChIJ5WNDmM8kCTkRcFzEgzrZBHM	Hotel Padmini Palace - Best Hotel Near Jolly Grant International Airport	rishikesh		google:hotel			
g-ChIJM5rBrdkkCTkRzVGk8eyhlh0	Eena Meena Deeka Restaurant and Lodge	rishikesh		google:hotel			
g-ChIJORMFyCMlCTkRhF7Ojpcr0oY	MJ Aero Suites	rishikesh		google:hotel			
g-ChIJsar5SyclCTkRLs1Tbi7krNg	Hotel MJ Ghai Residency	rishikesh		google:hotel			
g-ChIJL_-cOwAlCTkRPM_uhVkFdFs	Dawat family Resturant	rishikesh		google:hotel			
g-ChIJu3a7sgIlCTkRa7fbxenZ0HM	White House, Jolly Grant	rishikesh		google:hotel			
g-ChIJL33nf9AkCTkRO8IhFhD3-xY	hotel haridwar	rishikesh		google:hotel			
g-ChIJGVYJlholCTkRpCaEMr3SoAw	Kaveri Homestay Jollygrant	rishikesh		google:hotel			
g-ChIJFQz3fwAlCTkRmMTrsO2HyVM	Himalayan Haven Homestay	rishikesh		google:private_guest_room			
g-ChIJLU_JEjglCTkREwq7q5X-q1M	Naithani Homestay (Your comfortable Staycation)	rishikesh		google:private_guest_room			
g-ChIJX1XLTNkkCTkRDKp11L47ow8	Bhandari Homestay - Double Room	rishikesh		google:lodging			
g-ChIJs_W9ojsXCTkRdtsxTUBHpWA	Himalayan Adventure Camp	rishikesh		google:campground			
g-ChIJEWyxqgQlCTkRGME3UN6X8NI	Shree Niwas Banquet Hall & Restaurant	rishikesh		google:lodging			
g-ChIJx685CCIlCTkR1_z8AXqNehs	VIDYA GUEST HOUSE	rishikesh		google:guest_house			
g-ChIJ_wuJCkQlCTkRX6FePWnIqD0	JAKHMOLA BOMBAY HOUSE	rishikesh		google:guest_house			
g-ChIJES6fGL0lCTkRABkc_Rgr-94	HOTEL GMARKS	rishikesh		google:hotel			
g-ChIJV5IpWo8lCTkR_p0oqX99L80	Hotel Hi-Way Inn	rishikesh		google:hotel			
g-ChIJc1HXwTg7CTkRvX6z0VGUPXc	Olivia Home Stay	rishikesh		google:private_guest_room			
g-ChIJlwp4jpUlCTkRkFeaIikvY5o	Star light hotel & restaurant	rishikesh		google:hotel			
g-ChIJb5MWZi8lCTkRK7Uq_eSS2JE	Monu Rajput	rishikesh		google:hotel			
g-ChIJGVBWB48jCTkRW-uiQN_y_tA	Rooms available	rishikesh		google:hotel			
g-ChIJc8DrVWEjCTkRZAg3wbajT64	hotel 7Heaven	rishikesh		google:hotel			
g-ChIJG4zB_HgjCTkR-heKzO3E12Y	Hotel Swagatham	rishikesh		google:hotel			
g-ChIJ0-gGOl8jCTkRFbtOl1RDGS4	Rooms for rent	rishikesh		google:lodging			
g-ChIJMyvAqeAjCTkRVdqlUB98lcs	Athulyam Homes	rishikesh		google:private_guest_room			
g-ChIJL1XbGwAjCTkR0_4C7QNTnAk	स्काई होम्स	rishikesh		google:private_guest_room			
g-ChIJxQhW9Ac9CTkRnXSGwXnW8Zs	Home Stay Dandi Barkot Mafi	rishikesh		google:private_guest_room			
g-ChIJnQbATbQjCTkRoVWn9aCAdfE	Hotel sunshine	rishikesh		google:hotel			
g-ChIJc0yiCQAjCTkRW-3THhjagow	Jay prakaash	rishikesh		google:lodging			
g-ChIJh547h_slCTkRnLL2f69rAoM	Maati The riverside mud-house stay	rishikesh		google:farmstay			
g-ChIJadsqPPQXCTkRRFfQgDPoN8s	VIJAY GENERAL HOTEL	rishikesh		google:hotel			
g-ChIJgwPVLwAlCTkRBUxayGV3e1M	Flying view resort & restaurant	rishikesh		google:private_guest_room			
g-ChIJc3zOKgAlCTkRKmcl-XvituE	Swasthik Farm	rishikesh		google:private_guest_room			
g-ChIJjaga-e4lCTkRa_gTRfzXsUM	Joshi Complex	rishikesh		google:hotel			
g-ChIJn7sjy_ElCTkRgs3UuQZg3go	Naithani Farms	rishikesh		google:resort_hotel			
g-ChIJPRZe_eElCTkRFmx_Bcwf1ec	Trip For Everyone	rishikesh		google:tour_agency			
g-ChIJNzknNYolCTkRZ_VFyxYb8Pc	Ashirwad Niwas	rishikesh		google:guest_house			
g-ChIJ6fJ_-pklCTkR-KuP5UE2Lmg	Jolly Hill Stay	rishikesh		google:private_guest_room			
g-ChIJY2taatwjCTkR0sV292eXyVo	Chandrama Resort LLP	rishikesh		google:resort_hotel			
g-ChIJ_fPJhWIjCTkRmBUYHLWlby0	M2 lambardar stay	rishikesh		google:private_guest_room			
g-ChIJdYqEKwAjCTkR8FV51_qwHvY	Aqua Tree Resort	rishikesh		google:private_guest_room			
g-ChIJR5y8gSMjCTkRE7P2EDP4Fv8	Btech homestay - Deluxe Double Room (2 Adults + 1 Child)	rishikesh		google:lodging			
g-ChIJD2A2ydgiCTkRDodqmfex7Tw	Sanskritik Rural Stone Cottage - Single Room with Mountain View	rishikesh		google:lodging			
g-ChIJmQHg1LAjCTkRJBnEcZwjYlg	The Husky Hill	rishikesh		google:private_guest_room			
g-ChIJES0BbzMZCTkRbq93sOrYTJE	The Winterline Resort & Restaurant	rishikesh		google:hotel			
g-ChIJ_XEjBDgYCTkRr1NPlfcUKWs	होटल कमल पुष्प	rishikesh		google:hotel			
g-ChIJ-3cqRQAZCTkReNLUbDFT2S8	Shri shiv bhandari kawad sameeti	rishikesh		google:hotel			
g-ChIJbT305kUZCTkRSOM76zIZACY	Phari Chulha Family Restaurant	rishikesh		google:hotel			
g-ChIJt0HsYQAlCTkRnLax1zAqw_w	Bisht Niwas	rishikesh		google:private_guest_room			
g-ChIJP9hj3JclCTkRtaIinCkV2Wg	Tapasya Homestay budget accommodation near Jollygrant Airport Dehradun	rishikesh		google:lodging			
g-ChIJgR_aTgAlCTkREYxWXExCjr0	ANANDVAN	rishikesh		google:hotel			
g-ChIJ_yMQbholCTkR1b_v-0i97FU	The Aatithiyam Resort, Dehradun (A Family Resort)	rishikesh		google:resort_hotel			
g-ChIJxy3wVgAlCTkRtahgPGEmxjw	Kalaluwala	rishikesh		google:hotel			
g-ChIJo7Y7dAAlCTkRcYngmBuo5Fc	Thakur House	rishikesh		google:private_guest_room			
g-ChIJ87Mxp6wlCTkRumujrl3sAlU	Hotel Suryo Uday	rishikesh		google:hotel			
g-ChIJxYnf7wcjCTkRO0K0zf6qW5M	Dream Valley Resort Dehradun	rishikesh		google:resort_hotel			
g-ChIJu5ovWwAjCTkRgK-FssfLm1g	Itharna	rishikesh		google:private_guest_room			
g-ChIJVaqXq_oiCTkR8IHuzd8eksw	Itharana VijayRaaj Homestay - Double Room	rishikesh		google:lodging			
g-ChIJVaqXq_oiCTkR3MPFzaSIiX8	Itharana VijayRaaj Homestay - Deluxe Double Room	rishikesh		google:lodging			
g-ChIJqzft6FEYCTkRT8vvgCBUJ_I	Camp Meghanchal	rishikesh		google:resort_hotel			
g-ChIJYRMMzAkZCTkR56oVFIw4D6k	Kasmoli Heights	rishikesh		google:camping_cabin			
g-ChIJdYOgfAAZCTkR4v0C5aPDUjQ	Namami home stay	rishikesh		google:private_guest_room			
g-ChIJyW9UlC4lCTkRMNKXQqOM8vQ	Praveen Dhoundiyal	rishikesh		google:hotel			
g-ChIJ8bQ5ZAAZCTkRCenPl4atJ60	Country Homes Narendra Nagar	rishikesh		google:cottage			
g-ChIJwYRFBzsZCTkR_CoytTq-tVY	Nightingale cottages	rishikesh		google:resort_hotel			
g-ChIJYefWUgAlCTkRub_0ksj0Psc	Turn for Varenya	rishikesh		google:private_guest_room			
g-ChIJAWlfrhsjCTkR-aNDOGSqerY	VANTARA RESORT	rishikesh		google:hotel			
g-ChIJXa1VsbUjCTkRa4mKYIWkiQc	Himalayan Valley Retreat	rishikesh		google:hotel			
g-ChIJ7-a8fi0lCTkR6IMYVOXFirQ	Thano Jungle Retreat I 4Bhk with Pool I Thano Dehradun	rishikesh		google:farmstay			
g-ChIJZVfQSgklCTkRYd7v9QAH6Gc	Aashray Homestay	rishikesh		google:private_guest_room			
g-ChIJc5nmqqYlCTkR1e6sPtDNmuU	tranquil place - Ashutosh Homestay	rishikesh		google:farmstay			
g-ChIJI-hSvgskCTkR5RE7umc360c	Serene Forest Escape: Ashutosh Homestay, Thano	rishikesh		google:lodging			
g-ChIJeak1CQAjCTkR3QCKYK5O0mY	Ekantam mountain cottages	rishikesh		google:private_guest_room			
g-ChIJk1mcCAAjCTkRs6r7n_tTIEY	Lekhak Gaon	rishikesh		google:hotel			
g-ChIJlaspThwjCTkRNwCIcDsD6j0	The Bourg Dehradun	rishikesh		google:private_guest_room			
g-ChIJRx9uOgAjCTkR7sr5M3-wF70	Chill bites cafe	rishikesh		google:private_guest_room			
g-ChIJ-TFTegAjCTkRm-0H0gUZqL4	Zameen 47 walon ki	rishikesh		google:camping_cabin			
g-ChIJa0pEg5EjCTkRYl_p3ped4vU	SaffronStays Timber Nest-twin pinewood cottages with private plunge, steam sauna, shared deck-11 mins from Jolly Grant - Two-Bedroom Villa	rishikesh		google:lodging			
g-ChIJqeAHjJEjCTkRnRejgS0Nq-Q	Beautiful 2 - Bedroom cottage in the mountains - Two-Bedroom Chalet	rishikesh		google:lodging			
g-ChIJrQ0vO84jCTkRunT-cV_N7JU	Kadamb resort & family restaurant	rishikesh		google:resort_hotel			
g-ChIJqYuCDgAjCTkRaghpw834u7Q	Bansal estate	rishikesh		google:hotel			
g-ChIJvXgBse8jCTkRq3xyingDtnw	Forest Riverain	rishikesh		google:campground			
g-ChIJ4XXdqeYjCTkRriCCcRL-YGk	Anchal homestay & restaurant	rishikesh		google:private_guest_room			
g-ChIJ6cyb8tIjCTkRaqrDEBcGIjc	Itharana Retreat	rishikesh		google:resort_hotel			
g-ChIJbWEhFl4jCTkRC2JeDnouwNc	Dirghayu Bhava Asharm	rishikesh		google:place_of_worship			
g-ChIJR5gE7UYiCTkR_l6CLHFOKLM	Scenic & Beautiful Cottages for self awareness, nature and healing. (Room 3)	rishikesh		google:lodging			
g-ChIJtSBTGwAZCTkRIjrkrNeJMCA	Ginger valley homestay	rishikesh		google:private_guest_room			
g-ChIJVZ6qavMYCTkRRrfiPGBh2cg	Offroadcamps	rishikesh		google:campground			
g-ChIJY1mENxobCTkRavywB28CWXM	Pine Tree View - Peaceful Homestay Near Mini Mussoorie, Gaja, Tehri Garhwal	rishikesh		google:private_guest_room			
g-ChIJnSm-QgAlCTkR1XfhdDDxDx4	The Chirpy Bunglow , Kalimati, Dehradun	rishikesh		google:private_guest_room			
g-ChIJCw0qzDclCTkR_IF_nLSVdyw	The Chirping Sal Villa by ShivStuti Homestays	rishikesh		google:private_guest_room			
g-ChIJmSyf2iAkCTkRVIEMRPWeKAs	The Chirping Sal Villa, by ShivStuti HomeStays - King Room with Mountain View	rishikesh		google:lodging			
g-ChIJmSyf2iAkCTkReXA8clj7Z9Q	The Chirping Sal Villa, by ShivStuti HomeStays - Three-Bedroom Villa	rishikesh		google:lodging			
g-ChIJmSyf2iAkCTkR-2thHyBmZN0	The Chirping Sal Villa, by ShivStuti HomeStays - Queen Room with Shared Bathroom	rishikesh		google:lodging			
g-ChIJywptmuwlCTkRVyMPM4H2dJs	Dindyaali Stays&cafe	rishikesh		google:private_guest_room			
g-ChIJgfd7OwAlCTkRwrx2ekH_Yz8	Best Resort in Dehradun	rishikesh		google:hotel			
g-ChIJgzPwEgAhCTkRiiIO_OSFNwg	Ransuli - Resort near Dehradun and Rishikesh	rishikesh		google:resort_hotel			
g-ChIJ8ey7OgAlCTkRS4zJnbtVkRs	Choice in	rishikesh		google:lodging			
g-ChIJx24WkLUjCTkRwa8T-Whkwmg	Van Vadi	rishikesh		google:private_guest_room			
g-ChIJMRE-AQAjCTkRnv1anFu89Ec	PK Homestay	rishikesh		google:private_guest_room			
g-ChIJ4aQXHZ0bCTkRfKHZsa_uHk0	CONIFER RESORT	rishikesh		google:resort_hotel			
g-ChIJPdDJXAAZCTkRu0C5eAolHl8	Lamyali Farm	rishikesh		google:resort_hotel			
g-ChIJnSA968QbCTkRhXmdTxnWMAw	Conifer Resort	rishikesh		google:lodging			
g-ChIJ8wqPWgAbCTkRr-YTg9NCxK4	Rabbit Pine Resorts	rishikesh		google:resort_hotel			
g-ChIJe8ZbHCsbCTkRM6w32vJFux8	Matrichhaya Retreat	rishikesh		google:hotel			
g-ChIJnUZiJQAhCTkRJf1gRW2Bpw8	Shree Ram singh negi house	rishikesh		google:hotel			
g-ChIJSQ_OXQAhCTkRUMbhEfpHtQM	Ashu bisht	rishikesh		google:hotel			
g-ChIJXyvl2lUZCTkR_L64UkeRXiE	Aranyam In the Village Homestay	rishikesh		google:lodging			
g-ChIJta21noQZCTkR9zsnbcUGCio	Mountain Village Stay - Aranyam	rishikesh		google:private_guest_room			
g-ChIJQ-qhTwAZCTkRdoz_-NuZXVU	Koti Village, TG	rishikesh		google:private_guest_room			
g-ChIJe3KmLv4XCTkRNnaWalnIJbM	Walk-in Wood Camps	rishikesh		google:campground			
