kept_slug	kept_key	merged_key	merged_name	merged_slug_would_be
12-22-the-stay	12-22-the-stay	g-ChIJkR3HFaoXCTkRvxeFZx2Fbxc	12:22- The stay	12-22-the-stay
2-bedroom-apartment-in-enchanting-rishikesh-with-ac-wifi	2-bedroom-apartment-in-enchanting-rishikesh-with-ac-wifi	g-ChIJY0R5XwE-CTkRiK9CPFqBAgg	2-bedroom apartment in enchanting Rishikesh with AC, WiFi	2-bedroom-apartment-in-enchanting-rishikesh-with-ac-wifi
2-bedroom-apartment-in-enjoyable-haridwar-with-ac	2-bedroom-apartment-in-enjoyable-haridwar-with-ac	g-ChIJ66VQf6pHCTkRYRAm9HsTb6M	2-bedroom apartment in enjoyable Haridwar with AC	2-bedroom-apartment-in-enjoyable-haridwar-with-ac
2bhk-flat-peaceful-rishikesh-stay	2bhk-flat-peaceful-stay	2bhk-flat-peaceful-rishikesh-stay-apartment	2BHK Flat Peaceful Rishikesh Stay – Apartment	2bhk-flat-peaceful-rishikesh-stay-apartment
2bhk-flat-peaceful-rishikesh-stay	2bhk-flat-peaceful-stay	g-ChIJJXsugho-CTkRiTZf4S96ppQ	2BHK Flat Peaceful Rishikesh Stay - Apartment	2bhk-flat-peaceful-rishikesh-stay-apartment
2bhk-fully-furnished-flat-one-bedroom-apartment	2bhk-fully-furnished-flat-one-bedroom-apartment	g-ChIJGRfW-js-CTkR59VZQqVwFMw	2bhk fully furnished flat - One-Bedroom Apartment	2bhk-fully-furnished-flat-one-bedroom-apartment
2bhk-home-in-rishikesh-whispering-birds-homestay	2bhk-home-in-rishikesh-whispering-birds-homestay	g-ChIJPevNMDg-CTkRBysCol33xrE	2BHK Home in Rishikesh @Whispering Birds Homestay	2bhk-home-in-rishikesh-whispering-birds-homestay
2bhk-home-in-rishikesh-whispering-birds-homestay	2bhk-home-in-rishikesh-whispering-birds-homestay	g-ChIJf_FsewA_CTkRfjKllailIRY	Whispering Birds Homestay | 2BHK Home in Rishikesh	whispering-birds-homestay-2bhk-home-in-rishikesh
2bhk-home-in-rishikesh-whispering-birds-homestay	2bhk-home-in-rishikesh-whispering-birds-homestay	whispering-birds-homestay-2bhk-home-in-rishikesh	Whispering Birds Homestay | 2BHK Home in Rishikesh	whispering-birds-homestay-2bhk-home-in-rishikesh
360-nature-view-camp-and-resort	360-nature-view-camp-and-resort	g-ChIJ78Sw4h8XCTkRpZZ5l1MD5KU	360 Nature View Camp and Resort	360-nature-view-camp-and-resort
7-lines-homestay	7-lines-homestay	g-ChIJ26w4iy4_CTkRmV1AHKXOtt4	7 Lines Homestay	7-lines-homestay
85-the-ganges-2bhk-apartment-for-homestay-ganga-barrage	85-the-ganges-2-bhk-apartment-for-homestay	g-ChIJ-xenFhk-CTkRi-yNicx77WQ	85 The Ganges 2 Bhk Apartment for Homestay	85-the-ganges-2-bhk-apartment-for-homestay
85-the-ganges-2bhk-apartment-for-homestay-two-bedroom-apartment	85-the-ganges-2-bhk-apartment-for-homestay-two-bedroom-apartment	g-ChIJeRWnFhk-CTkRp38GxflnWT8	85 The Ganges 2 BHK Apartment for Homestay - Two-Bedroom Apartment	85-the-ganges-2-bhk-apartment-for-homestay-two-bedroom-apartment
aarambh-homestay	aarambh-homestay	g-ChIJu8eO9T4XCTkRGRC-aNVCfq0	Aarambh Homestay	aarambh-homestay
aarogyam-haridwar-one-bedroom-apartment	aarogyam-haridwar-one-bedroom-apartment	g-ChIJfaKpxpBLCTkR_4AHp5desPI	Aarogyam, Haridwar - One-Bedroom Apartment	aarogyam-haridwar-one-bedroom-apartment
aarohan-by-ganga-kripa-a-luxury-cottage	aarohan-by-ganga-kripa-a-luxury-cottage	g-ChIJ91UKXzwWCTkRerPAHhMnUNY	Aarohan Cottage By Ganga Kripa - Deluxe Double Room with Balcony	aarohan-cottage-by-ganga-kripa-deluxe-double-room-with-balcony
aarohan-by-ganga-kripa-a-luxury-cottage	aarohan-by-ganga-kripa-a-luxury-cottage	g-ChIJZ89VfTwWCTkRNWirPVzcEj8	Aarohan by Ganga kripa - Apartment	aarohan-by-ganga-kripa-apartment
aaron-serene-aaron-patho-homestay	aaron-serene-aaron-patho-homestay	g-ChIJLyQxKAA9CTkRohH4KGAvR_I	Aaron Serene (Aaron Patho Homestay)	aaron-serene-aaron-patho-homestay
aashiyana-home-stay	aashiyana-home-stay	g-ChIJIYfyvqIjCTkRHaeBAnRJ3JI	Aashiyana Home Stay	aashiyana-home-stay
aashoka-hotel	aashoka-hotel	g-ChIJoT8dEAA9CTkRNRlcOuC2ngE	aAshoka Hotel	aashoka-hotel
aashray-homestay	aashray-homestay	g-ChIJZVfQSgklCTkRYd7v9QAH6Gc	Aashray Homestay	aashray-homestay
aastha-guest-house	aastha-guest-house	g-ChIJS4Cd3OtLCTkRDRGnOsHV3oc	Aastha Guest House	aastha-guest-house
aatithya-resort	aatithya-resort-rishikesh	g-ChIJudHEEQgUCTkRbxUODy5iRqc	Aatithya Resort - Rishikesh	aatithya-resort-rishikesh
ab-tropical-stays-tapovan	ab-tropical-stays-tapovan-rishikesh	g-ChIJE4i5AwAXCTkR1fEbVh4CxRs	AB Tropical Stays, Tapovan Rishikesh	ab-tropical-stays-tapovan-rishikesh
abhayam-ashram	abhayam-ashram-ow1bc	g-ChIJlbI3Faw_CTkR1A75vIOW1Bc	ABHAYAM ASHRAM	abhayam-ashram
abhi-ganga-homestay-deluxe-double-room-2-adults-1-child	abhi-ganga-homestay-deluxe-double-room-2-adults-1-child	g-ChIJ0Wkwp0ZGCTkR83uVGtNmEIg	Abhi Ganga Homestay - Deluxe Double Room (2 Adults + 1 Child)	abhi-ganga-homestay-deluxe-double-room-2-adults-1-child
abhinandan-homestay	abhinandan-homestay	g-ChIJ3a7_nVAXCTkRxYpW1CkX2EA	Abhinandan Homestay	abhinandan-homestay
ackley-an-authentic-pahadi-homestay-by-stayapart-double-room	ackley-an-authentic-pahadi-homestay-by-stayapart-double-room	g-ChIJv95qQkAZCTkRX8rkoKnJK1k	Ackley - An Authentic Pahadi Homestay by StayApart - Double Room	ackley-an-authentic-pahadi-homestay-by-stayapart-double-room
adi-wellness	adi-wellness	g-ChIJa2PI37Q_CTkR7FfqD_djgqA	Adi Wellness	adi-wellness
adinath-guest-house	adinath-guest-house	adinath-guest-house-77_7i	adinath guest house	adinath-guest-house
adinath-guest-house	adinath-guest-house	g-ChIJ6QO67JFLCTkRKn57EEFgFXQ	Adinath Guest House	adinath-guest-house
adinath-guest-house	adinath-guest-house	g-ChIJa_JGk5FLCTkR0vAAdq77_7I	Adinath Guest House	adinath-guest-house
aditya-homestay-double-room-with-garden-view	aditya-homestay-double-room-with-garden-view	g-ChIJQ_GwG1sWCTkRmGNV4U-8YQ0	Aditya Homestay - Double Room With Garden View	aditya-homestay-double-room-with-garden-view
adven-himalaya	adven-himalaya	g-ChIJ0XABSFwRCTkRP84_IPY3zxs	Adven Himalaya	adven-himalaya
adventure-guru	adventure-guru	g-ChIJt_l47jERCTkRqXbMvtbGnn0	Adventure Guru	adventure-guru
adventure-inn	adventure-inn	g-ChIJ_wvbv6MNCTkRF_D4AZ_DHRI	ADVENTURE INN	adventure-inn
adventuria-palm-valley	adventuria-palm-valley	g-ChIJiTkREfEVCTkROdKZpgdhVRs	Adventuria Palm Valley	adventuria-palm-valley
aggarwal-dham	aggarwal-dham	g-ChIJf_nq3m1HCTkRkTbRn04BTko	Aggarwal Dham	aggarwal-dham
agrawal-dharamshala	agrawal-dharamshala	g-ChIJiYhlseQXCTkRArN4fJzGgDg	Agrawal dharamshala	agrawal-dharamshala
agrawal-homestay	agrawal-homestay	g-ChIJGcjFJWhGCTkRCjtsia3z8yc	Agrawal Homestay - Family Suite with Balcony	agrawal-homestay-family-suite-with-balcony
airport-luxury-nature-homestay-near-jolly-grant-airport-dehradun-double-room-with-mountain-view	airport-luxury-nature-homestay-near-jolly-grant-airport-dehradun-doubl	g-ChIJD3TXZjIlCTkRXgo6w2PM-to	Airport Luxury Nature Homestay- Near Jolly Grant Airport Dehradun - Double Room with Mountain View	airport-luxury-nature-homestay-near-jolly-grant-airport-dehradun-double-room-with-mountain-view
airport-luxury-nature-homestay-near-jolly-grant-airport-dehradun-double-room-with-mountain-view	airport-luxury-nature-homestay-near-jolly-grant-airport-dehradun-doubl	g-ChIJD3TXZjIlCTkRznWQqMdOXmw	Airport Luxury Nature Homestay- Near Jolly Grant Airport Dehradun - Family Room with Mountain View	airport-luxury-nature-homestay-near-jolly-grant-airport-dehradun-family-room-with-mountain-view
airport-luxury-nature-valley-homestay-best-luxury-room-near-jolly-grant-airport	airport-luxury-nature-valley-homestay-best-luxury-room-near-jolly-gran	g-ChIJEaRB5GQlCTkRo0bj3X8OsDA	Airport Luxury Nature Valley Homestay- Best Luxury Room Near Jolly Grant Airport	airport-luxury-nature-valley-homestay-best-luxury-room-near-jolly-grant-airport
alaya-stays-by-elivaas-anandam-in-the-himalayas-hotel-in-rishikesh	alaya-stays-by-elivaas-anandam-in-the-himalayas-hotel-in-rishikesh	g-ChIJN-68gMc_CTkRmExNxGIVUQI	Alaya Stays by ELIVAAS Anandam in The Himalayas - Hotel in Rishikesh	alaya-stays-by-elivaas-anandam-in-the-himalayas-hotel-in-rishikesh
alaya-stays-bydm-the-sky-heaven	alaya-stays-bydm-the-sky-heaven	g-ChIJmdFWlT4-CTkRiDwtShC7Fyk	Alaya Stays BYDM The Sky Heaven	alaya-stays-bydm-the-sky-heaven
alka-hotel	alka-hotel	g-ChIJJQgDkP1GCTkRVArU7i_mmII	Alka Hotel	alka-hotel
aloha-on-the-ganges-1bhk-peaceful-apartment-the-nest-one-bedroom-apartment	aloha-on-the-ganges-1bhk-peaceful-apartment-the-nest-one-bedroom-apart	g-ChIJ90Wzu1oWCTkRuRmefGPqT_I	Aloha on the ganges 1bhk peaceful apartment THE NEST - One-Bedroom Apartment	aloha-on-the-ganges-1bhk-peaceful-apartment-the-nest-one-bedroom-apartment
aloha-on-the-ganges-by-leisure-hotels	aloha-on-the-ganges-by-leisure-hotels	hotel-rishikesh-7	Aloha on the Ganges Rishikesh by Leisure Hotels	aloha-on-the-ganges-rishikesh-by-leisure-hotels
aloha-pure-nature	aloha-pure-nature	g-ChIJBVshwloWCTkR2gpMrz2uyO4	Aloha Pure Nature	aloha-pure-nature
aloha-the-blissview-ganges-retreat-two-bedroom-apartment	aloha-the-blissview-ganges-retreat-two-bedroom-apartment	g-ChIJu7H7u1oWCTkRjI0xzEiipfc	Aloha-The Blissview Ganges Retreat - Two-Bedroom Apartment	aloha-the-blissview-ganges-retreat-two-bedroom-apartment
alpine-18-camps-and-cafe	alpine-18-camps-cafe	g-ChIJbfllQs8XCTkRyjfHc9RWRd0	Alpine 18 Camps & Cafe	alpine-18-camps-and-cafe
amalia-house-3bhk-apartment-three-bedroom-apartment	amalia-house-3bhk-apartment-three-bedroom-apartment	g-ChIJhW9_hzwWCTkR7Am84nWn7ZA	Amalia House - 3BHK Apartment - Three-Bedroom Apartment	amalia-house-3bhk-apartment-three-bedroom-apartment
amans-apartments-homestays	amans-apartments-homestays-haridwar	g-ChIJU-hTTDY5CTkRk32NtNgwN58	Amans Apartments | Homestays Haridwar	amans-apartments-homestays-haridwar
amaya-farm-stay	amaya-farm-stay	g-ChIJKUMKAwIjCTkRvyn1TpiCw7k	Amaya Farm Stay	amaya-farm-stay
amazica-resort	amazica-resort	g-ChIJ-ynD7_0XCTkRgyYUEAyrCCE	Amazica Resort	amazica-resort
ameya-penthouse-in-tapovan	ameya-penthouse-in-tapovan	g-ChIJc3LxnvsXCTkRynn8xQXDrCo	Ameya penthouse in tapovan	ameya-penthouse-in-tapovan
amigos-homestay	amigos-homestay	g-ChIJH8s5MwAXCTkRkyiRSyBbzqc	Amigos Homestay	amigos-homestay
amit-homestay-studio	amit-homestay-studio	g-ChIJTTd4H99JCTkRysEr09GP8ao	Amit Homestay Studio	amit-homestay-studio
amoha-homes-yashas-3bhk-apartment	amoha-homes-yashas-3bhk-apartment	g-ChIJcb5_hzwWCTkROHDuKUom360	Amoha Homes || Yashas 3BHK Apartment	amoha-homes-yashas-3bhk-apartment
amoha-homestay-rishikesh-deluxe-double-room-with-balcony	amoha-homestay-rishikesh-deluxe-double-room-with-balcony	g-ChIJcVqAYTwWCTkRIn4t78z_jWA	Amoha Homestay Rishikesh - Deluxe Double Room with Balcony	amoha-homestay-rishikesh-deluxe-double-room-with-balcony
amoha-homestay-rishikesh-deluxe-room	amoha-homestay-rishikesh-deluxe-room	g-ChIJcVqAYTwWCTkRibsHvVrjcNU	Amoha Homestay Rishikesh - Premium Room with Ganga View	amoha-homestay-rishikesh-premium-room-with-ganga-view
amoha-homestay-rishikesh-deluxe-room	amoha-homestay-rishikesh-deluxe-room	g-ChIJcVqAYTwWCTkRpamHEnOytPA	Amoha Homestay Rishikesh - Deluxe Room	amoha-homestay-rishikesh-deluxe-room
amoha-homestay-rishikesh-deluxe-room	amoha-homestay-rishikesh-deluxe-room	g-ChIJhW9_hzwWCTkRG_JUcoT6l5M	Amoha Homestay Rishikesh - Superior Double Room	amoha-homestay-rishikesh-superior-double-room
amrita-apartments-one-bedroom-apartment	amrita-apartments-one-bedroom-apartment	g-ChIJaxRBBgc-CTkRWnA3DL7PSnA	Amrita Apartments - One-Bedroom Apartment	amrita-apartments-one-bedroom-apartment
amritara-chakra-river-resort	amritara-chakra-river-resort	g-ChIJ-fTgvmgTCTkRDJ0wXVbVnxY	Amritara Chakra River Resort	amritara-chakra-river-resort
anand-bhairav-dharmshala	anand-bhairav-dharmshala-haridwar	g-ChIJmdu33QNHCTkR0Wt5FEbJN5g	Anand Bhairav Dharmshala Haridwar	anand-bhairav-dharmshala-haridwar
anand-kashi-by-the-ganges-rishikesh-ihcl-seleqtions	anand-kashi-by-the-ganges-rishikesh-ihcl-seleqtions	g-ChIJ-bxKt98RCTkR2LVWdqE_VuU	Anand Kashi by the Ganges, Rishikesh – IHCL SeleQtions	anand-kashi-by-the-ganges-rishikesh-ihcl-seleqtions
anand-lok-across-the-ganga	anand-lok-across-the-ganga	g-ChIJDyA9bYERCTkRVfsmWd6Li70	Anand Lok, Across The Ganga	anand-lok-across-the-ganga
anand-niketan-hotel	anand-niketan	anand-niketan-haridwar	Hotel Anand Niketan	hotel-anand-niketan
anand-tirth-homestay	anand-tirth-homestay	g-ChIJ4entSwA5CTkRI1x3d8BkSZ8	Anand Tirth Homestay	anand-tirth-homestay
ananda-hotel	ananda-hotel	g-ChIJ602A2zgWCTkRLuX0J0d6Kyk	Ananda Hotel	ananda-hotel
anandam-camping	anandam-camping	g-ChIJ-Zj4ACkXCTkRdXbl1bKgtew	Anandam Camping	anandam-camping
anandam-camping-by-grb	anandam-camping-by-grb	g-ChIJmbUUqjsYCTkRtvlyxb55mNA	Anandam Camping By GRB	anandam-camping-by-grb
anandam-farms-and-nature-resort	anandam-farms-and-nature-resort	g-ChIJ49CpL81JCTkRX9WaKC1F6tc	Anandam Farms and Nature Resort	anandam-farms-and-nature-resort
anandam-home-stay	anandam-home-stay	goroomgo-anandam-home-stay-near-bus-stand-railway	Goroomgo Anandam Home Stay Rishikesh near Bus Stand – Railway Station – Best Customer Service Experience	goroomgo-anandam-home-stay-rishikesh-near-bus-stand-railway-station-best-customer-service-experience
anandmay-homestay-isbt	anandmay-homestay-isbt-249201	anandmay-homestay-rishikesh	Anandmay Homestay, Near Triveni Ghat	anandmay-homestay-near-triveni-ghat
anandvan	anandvan	g-ChIJgR_aTgAlCTkREYxWXExCjr0	ANANDVAN	anandvan
anant-hotel	anant-hotel	g-ChIJT04i781JCTkRiYdyL7pDir0	Anant Hotel	anant-hotel
anant-twins-and-bed	anant-twins-bed	g-ChIJXSZDOAAXCTkRiLILKYyB0Go	Anant Twins & Bed	anant-twins-and-bed
anchal-homestay-and-restaurant	anchal-homestay-restaurant	g-ChIJ4XXdqeYjCTkRriCCcRL-YGk	Anchal homestay & restaurant	anchal-homestay-and-restaurant
aniganges-one-bedroom-apartment	aniganges-one-bedroom-apartment	g-ChIJ9X6q-zs-CTkRsXtKlIYuAyg	AniGanges - One-Bedroom Apartment	aniganges-one-bedroom-apartment
aniganges-one-bedroom-apartment	aniganges-one-bedroom-apartment	g-ChIJTxBL-zs-CTkRTLicSGz3hSg	Homestay at Rishikesh - One-Bedroom Apartment	homestay-at-rishikesh-one-bedroom-apartment
aniganges-one-bedroom-apartment	aniganges-one-bedroom-apartment	homestay-at-rishikesh-one-bedroom-apartment	Homestay at Rishikesh – One – Bedroom Apartment	homestay-at-rishikesh-one-bedroom-apartment
anna-stay-tapovan	anna-stay-tapovan	g-ChIJs-XmkekXCTkRdLo7CJbCtPw	ANNA STAY TAPOVAN	anna-stay-tapovan
annjal-by-ganga-kripa-two-bedroom-apartment	annjal-by-ganga-kripa-two-bedroom-apartment	annjal-by-ganga-kripa-two-bedroom-apartment-vrkgk	annjal by ganga kripa two bedroom apartment vrkgk	annjal-by-ganga-kripa-two-bedroom-apartment-vrkgk
annjal-by-ganga-kripa-two-bedroom-apartment	annjal-by-ganga-kripa-two-bedroom-apartment	g-ChIJtUxdXTwWCTkReYBwOa-Jaqo	Annjal by ganga kripa - Two-Bedroom Apartment	annjal-by-ganga-kripa-two-bedroom-apartment
annjal-by-ganga-kripa-two-bedroom-apartment	annjal-by-ganga-kripa-two-bedroom-apartment	g-ChIJtUxdXTwWCTkRoauuUQVRkgk	Annjal by ganga kripa - Two-Bedroom Apartment	annjal-by-ganga-kripa-two-bedroom-apartment
anuj-home-stay	anuj-home-stay	g-ChIJQXIMMi4XCTkRqZap_02Mpx4	Anuj Home Stay	anuj-home-stay
aqua-splash-camp	aqua-splash-camp	g-ChIJP64KKm0TCTkR0ijPA53RUFg	Aqua Splash Camp	aqua-splash-camp
aqua-tree-resort	aqua-tree-resort	g-ChIJdYqEKwAjCTkR8FV51_qwHvY	Aqua Tree Resort	aqua-tree-resort
aqua-tree-resort	aqua-tree-resort	resort-aquatree	Aqua Tree Resort	aqua-tree-resort
aranyaka-farmstay	aranyaka-farmstay	g-ChIJBylm6ck7CTkReX6fAGg388Q	Aranyaka Farmstay	aranyaka-farmstay
arihant-hotel-and-restaurant	arihant-hotel-restaurant	g-ChIJGxO3HjA5CTkRMAFmGZo_C5A	Arihant Hotel & Restaurant	arihant-hotel-and-restaurant
arina-vedic-haveli-haridwar-2-min-walk-for-ganga-ghat	arina-vedic-haveli-2-min-walk-for-ganga-ghat	g-ChIJPX5n_z1HCTkRvBrK9dj9vrE	Arina Vedic Haveli	arina-vedic-haveli
aroma-ganga-view	aroma-ganga-view	g-ChIJwfSD5VAXCTkR_tACNegT0J4	AROMA GANGA VIEW	aroma-ganga-view
around-stays-rising-hills-tapovan	yogasthali-tapovan	around-stays-hotel-rising-hills-tapovan	Around Stays – Hotel Rising Hills, Tapovan	around-stays-hotel-rising-hills-tapovan
around-stays-shanti-vilas-tapovan	around-stays-shanti-vilas-tapovan	travellers-paradise-mountain-view-by-around-stays	Around Stays – Shanti Villas, Tapovan	around-stays-shanti-villas-tapovan
around-stays-tapovan	around-stays-house-of-tourists	around-stays-mystara-hotels-tapovan	Around Stays – Mystara Hotels, Tapovan	around-stays-mystara-hotels-tapovan
around-stays-tapovan	around-stays-house-of-tourists	around-stays-rishikesh-tapovan	Around Stays Rishikesh, Tapovan	around-stays-rishikesh-tapovan
artist-valley-homestay	artist-valley-homestay	artist-valley-homestay-3w3rs	artist valley homestay	artist-valley-homestay
artist-valley-homestay	artist-valley-homestay	artist-valley-homestay-_dvw8	Artist Valley Homestay	artist-valley-homestay
artist-valley-homestay	artist-valley-homestay	g-ChIJ-6BJDGwXCTkRUx4e0W89_rs	Artist Valley Homestay	artist-valley-homestay
artist-valley-homestay	artist-valley-homestay	g-ChIJHTFImZsXCTkR75HcSU_dVW8	Artist Valley Homestay	artist-valley-homestay
artist-valley-homestay	artist-valley-homestay	g-ChIJmVeYmpsXCTkR3VFd793W3Rs	Artist Valley Homestay	artist-valley-homestay
arvind-lodge	arvind-lodge	g-ChIJZTSrIx4WCTkRgvOyNRb-iY4	Arvind Lodge	arvind-lodge
ashirwad-niwas	ashirwad-niwas	g-ChIJNzknNYolCTkRZ_VFyxYb8Pc	Ashirwad Niwas	ashirwad-niwas
ashiyana-banquet-hall	ashiyana-banquet-hall	g-ChIJpeEeOGhJCTkRPWlDV-Fly1Y	Ashiyana Banquet Hall	ashiyana-banquet-hall
astoria-banjara-tola-camp-and-resort	astoria-banjara-tola-camp-resort	g-ChIJG4oaLCYVCTkRLP6Swu96NLo	Astoria Banjara Tola Camp & Resort	astoria-banjara-tola-camp-and-resort
athalia-guesthouse	athalia-guesthouse	athalia-residency-by-moon-stay	Athalia Residency by Moon Stay	athalia-residency-by-moon-stay
atithi-home-stay	atithi-home-stay-rishikesh	g-ChIJjQsDOUQXCTkRNBqYGk5ySfE	Atithi Home Stay Rishikesh	atithi-home-stay-rishikesh
atithi-sneh-home-stay	atithi-sneh-home-stay	g-ChIJl52-VytHCTkR70SjdWebOA4	ATITHI SNEH HOME STAY	atithi-sneh-home-stay
atreya-boutique-cottage-near-tapovan	villa-atreya-boutique-cottage-serene-near-ram-jhula	atreya-boutique-cottage-near-tapovan-suite-with-balcony	Atreya Boutique Cottage near Tapovan – Suite with Balcony	atreya-boutique-cottage-near-tapovan-suite-with-balcony
atreya-boutique-cottage-near-tapovan	villa-atreya-boutique-cottage-serene-near-ram-jhula	g-ChIJ76usXDwWCTkR1ZpBbtZppa4	Atreya Boutique Cottage Near Tapovan - Suite with Balcony	atreya-boutique-cottage-near-tapovan-suite-with-balcony
atreya-boutique-cottage-near-tapovan	villa-atreya-boutique-cottage-serene-near-ram-jhula	g-ChIJ76usXDwWCTkRzESRGZbgM7s	Atreya Boutique Cottage Near Tapovan - King Suite	atreya-boutique-cottage-near-tapovan-king-suite
atullyam-apartments	atullyam-apartments	g-ChIJ0_Tit0gWCTkRrrj2rPgiz0A	Atullyam Apartments	atullyam-apartments
atullyam-apartments-one-bedroom-apartment	atullyam-apartments-one-bedroom-apartment	g-ChIJk3u8x0gWCTkRNAG7yR-EfLg	Atullyam Apartments - One-Bedroom Apartment	atullyam-apartments-one-bedroom-apartment
aura-river-resort-camping-in-rishikesh	aura-river-resort-camping-in-rishikesh	g-ChIJDVdNe9QRCTkRWogtOphqKjE	Aura River Resort | Camping In Rishikesh	aura-river-resort-camping-in-rishikesh
aura-tapovan	aura-tapovan	aura-inn	Rishikesh Aura Inn	rishikesh-aura-inn
aureva-shaantam-resort	aureva-shaantam-resort-rishikesh	g-ChIJYWAzmjYUCTkRyx9G7UI1wzE	Aureva Shaantam Resort Rishikesh	aureva-shaantam-resort-rishikesh
avdhoot-homestay	avdhoot-homestay-rishikesh	g-ChIJp4dDIO09CTkRMvDUlV3s-go	Avdhoot Homestay Rishikesh	avdhoot-homestay-rishikesh
aviral-ganga	hotel-rishikesh-35	around-stays-hotel-aviral-ganga-tapovan	Around Stays – Hotel Aviral Ganga, Tapovan	around-stays-hotel-aviral-ganga-tapovan
avisha-ganga-retreat-near-har-ki-pauri-hotel	avisha-ganga-retreat-near-har-ki-pauri-haridwar	g-ChIJbeZrhcJHCTkRsaovCyBLXY4	Avisha Ganga Retreat - Near Har Ki Pauri	avisha-ganga-retreat-near-har-ki-pauri
avtara-resort-rishikesh-double-room-with-pool-view	avtara-resort-rishikesh-double-room-with-pool-view	g-ChIJX61-xHAUCTkRCfR8TizETes	AVTARA RESORT RISHIKESH - Double Room With Pool View	avtara-resort-rishikesh-double-room-with-pool-view
ayansh-home-stay	ayansh-home-stay	g-ChIJWwJwEgA9CTkRBt-i9UcDzbc	Ayansh home stay	ayansh-home-stay
aym-hotel-and-resort	aym-hotel-resort	g-ChIJXb5vqeEXCTkRVeqna1wzH7U	AYM Hotel & Resort	aym-hotel-and-resort
ayn-ayurveda-village	ayn-ayurveda-village	g-ChIJ6WSPpu0WCTkRBg6BVz2ADvw	AYN Ayurveda village	ayn-ayurveda-village
ayur-park	ayur-park	g-ChIJRwtDHgAXCTkR9LtatvS9WRA	Ayur park	ayur-park
babas-rishikesh	hotel-rishikesh-239	hostel-babas	Baba's Rishikesh Hostel	babas-rishikesh-hostel
back-stayz-laxman-jhula	back-stayz-laxman-jhula	back-stayz-laxman-jhula-apartments	Back Stayz Laxman Jhula Apartments	back-stayz-laxman-jhula-apartments
bageecha-inn	bageecha-inn	g-ChIJjbjjpNolCTkRkHhHehLVytQ	Bageecha Inn	bageecha-inn
bagicha-farmstay-near-jolly-grant-airport-dehradun	bagicha-farmstay-near-jolly-grant-airport-dehradun	g-ChIJMeRZKgYlCTkRbo7853xLFpU	Bagicha farmstay - Near Jolly Grant Airport, Dehradun	bagicha-farmstay-near-jolly-grant-airport-dehradun
baidehi-cottage-peaceful-nature-cottage-retreat	baidehi-cottage-peaceful-nature-cottage-retreat	g-ChIJQ_H8fu09CTkRVYdHZPfDQN0	Baidehi Cottage - Peaceful nature cottage retreat	baidehi-cottage-peaceful-nature-cottage-retreat
banjara-tola-camps	banjara-tola-camps	g-ChIJm-pTGI8VCTkRgocNHUhAgY8	Banjara Tola Camps	banjara-tola-camps
banke-bihari-home-stay	banke-bihari-home-stay	g-ChIJM1SuUL09CTkR1VRrFoDWegY	Banke Bihari Home Stay	banke-bihari-home-stay
bansal-guest-house	bansal-guest-house	g-ChIJQ6PFXwNHCTkRS9G2T5em7Xc	Bansal Guest House	bansal-guest-house
basanti-devi-yatri-nivas	basanti-devi-yatri-nivas	g-ChIJL87OMldHCTkRjUvrl24Yn1U	basanti devi yatri nivas	basanti-devi-yatri-nivas
basera-homestay	basera-homestay	g-ChIJ8fZJ-DIlCTkRAxGsGDvryzA	BASERA HOMESTAY	basera-homestay
basta-pack-adventure	basta-pack-adventure	g-ChIJL6m8qroTCTkR-ApqHSQibLE	Basta pack adventure	basta-pack-adventure
beautiful-1bhk-in-tapovan-one-bedroom-apartment	beautiful-1-bhk-in-tapovan-one-bedroom-apartment	g-ChIJ-ZvBFEUWCTkRnFV6Kl8_zn4	Beautiful 1 Bhk in Tapovan - One-Bedroom Apartment	beautiful-1-bhk-in-tapovan-one-bedroom-apartment
beautiful-2-bedroom-cottage-in-the-mountains-two-bedroom-chalet	beautiful-2-bedroom-cottage-in-the-mountains-two-bedroom-chalet	g-ChIJqeAHjJEjCTkRnRejgS0Nq-Q	Beautiful 2 - Bedroom cottage in the mountains - Two-Bedroom Chalet	beautiful-2-bedroom-cottage-in-the-mountains-two-bedroom-chalet
beautiful-condo-with-ac-one-bedroom-apartment	beautiful-condo-with-ac-one-bedroom-apartment	g-ChIJJeSgXTdGCTkRLTOuGLKAu8Y	Beautiful condo with AC - One-Bedroom Apartment	beautiful-condo-with-ac-one-bedroom-apartment
bhajan-ashram-neelkanth	bhajan-ashram-neelkanth	bhajan-ashram-neelkanth-t0jao	bhajan ashram neelkanth	bhajan-ashram-neelkanth
bhajan-ashram-rishikesh	bhajan-ashram-rishikesh	g-ChIJQTnpcQMWCTkRNaDH4sA15fA	BHAJAN ASHRAM RISHIKESH	bhajan-ashram-rishikesh
bhandari-homestay-double-room	bhandari-homestay-double-room	g-ChIJX1XLTNkkCTkRDKp11L47ow8	Bhandari Homestay - Double Room	bhandari-homestay-double-room
bharat-bhoomi-tourist-complex-gmvn	bharat-bhoomi-tourist-complex-gmvn	g-ChIJEcDPYvI9CTkRVAx8QApfn_g	Bharat Bhoomi Tourist complex, GMVN	bharat-bhoomi-tourist-complex-gmvn
bhartiya-sanskriti-homestay	bhartiya-sanskriti-homestay	g-ChIJxU7APvs7CTkR0LOsAjs4aQ0	Bhartiya sanskriti homestay	bhartiya-sanskriti-homestay
bhaskar-hotel	bhaskar-hotel	g-ChIJedTfoqpHCTkRtzAOWaANAyY	Bhaskar Hotel	bhaskar-hotel
birla-guest-house	birla-guest-house	g-ChIJOQzfnG9HCTkRj3DYk0rXF_4	Birla Guest House	birla-guest-house
bismillah-hotel	bismillah-hotel	g-ChIJJZ0QqUBJCTkRA8hlKlCc1Us	Bismillah hotel	bismillah-hotel
bld-restaurant-and-home-stay	bld-restaurant-and-home-stay	g-ChIJa5fMUcglCTkRt344MtQd7jg	BLD Restaurant and Home Stay	bld-restaurant-and-home-stay
bliss-resorts	bliss-resorts	g-ChIJk-SI6QI7CTkRiNS7mvZXPlg	Bliss Resorts	bliss-resorts
blissful-mountain-homestay	blissful-mountain-homestay	g-ChIJZ85iteUWCTkRr6-31N6HqS4	BLISSFUL MOUNTAIN HOMESTAY	blissful-mountain-homestay
blissful-mountain-homestay-family-friendly-homestay-in-kyarki-rishikesh	blissful-mountain-homestay-family-friendly-homestay-in-kyarki-rishikes	g-ChIJJwGBlqwXCTkRyLPTi9SR0C4	Blissful Mountain Homestay - family - friendly homestay in kyarki, rishikesh .	blissful-mountain-homestay-family-friendly-homestay-in-kyarki-rishikesh
blissful-stays-one-bedroom-apartment	blissful-stays-one-bedroom-apartment	g-ChIJMbLNPhlJCTkRzihzO8o7w6U	Blissful Stays - One-Bedroom Apartment	blissful-stays-one-bedroom-apartment
blooming-inn	blooming-inn	g-ChIJN9ooBwAlCTkR4w8bPN59dag	Blooming Inn	blooming-inn
blue-heaven-camp	blue-heaven-camp	g-ChIJoQWyFoUXCTkR5IW_csBMERw	Blue Heaven Camp	blue-heaven-camp
blue-jay-camps	blue-jay-camps	g-ChIJi1z2_mYXCTkRS0DbvQMPeVI	Blue Jay Camps	blue-jay-camps
blue-nature-camping-and-resorts-aiims-rishikesh	blue-nature-camping-and-resorts	g-ChIJj3TvhAw-CTkR_3mHb4n_8Co	Blue Nature Camping And Resorts	blue-nature-camping-and-resorts
blue-nature-camping-and-resorts-elsewhere-in-rishikesh	blue-nature-camping-resorts	g-ChIJBXiuDAAXCTkR6Pcg3XgHDwk	Blue Nature Camping & Resorts	blue-nature-camping-and-resorts
blue-waves	blue-waves	g-ChIJo-sFV7oWCTkR1DbuY4Wp444	Blue Waves	blue-waves
boho-ghar-2bhk-near-ganges-two-bedroom-apartment	boho-ghar-2bhk-near-ganges-two-bedroom-apartment	boho-ghar-2bhk-near-ganges-two-bedroom-apartment-t_gy8	boho ghar 2bhk near ganges two bedroom apartment	boho-ghar-2bhk-near-ganges-two-bedroom-apartment
boho-ghar-2bhk-near-ganges-two-bedroom-apartment	boho-ghar-2bhk-near-ganges-two-bedroom-apartment	g-ChIJfYzh1wM-CTkR4ZOogJmV22o	Boho ghar 2bhk Near Ganges - Two-Bedroom Apartment	boho-ghar-2bhk-near-ganges-two-bedroom-apartment
boho-ghar-2bhk-near-ganges-two-bedroom-apartment	boho-ghar-2bhk-near-ganges-two-bedroom-apartment	g-ChIJfYzh1wM-CTkR_YMdStT_gY8	Boho ghar 2bhk Near Ganges - Two-Bedroom Apartment	boho-ghar-2bhk-near-ganges-two-bedroom-apartment
boho-stays	boho-stays	the-shore	The Boho Rishikesh Hotel	the-boho-rishikesh-hotel
bonita-mira-dor	bonita-mira-dor	g-ChIJEb5KTacXCTkRQyZ9KlhhqE4	Bonita Mira Dor	bonita-mira-dor
boys-pg-rooms	boys-pg-rooms	g-ChIJKcuQ97hJCTkRq7b85mml5R0	Boys PG Rooms	boys-pg-rooms
brothers-resort	brothers-resort	g-ChIJHXGvgbQRCTkR066Q8cc3r54	Brothers resort	brothers-resort
bud-stay-one-bedroom-apartment	bud-stay-one-bedroom-apartment	g-ChIJCWb5Ok8-CTkRU-Pn7w6qKFE	Bud stay - One-Bedroom Apartment	bud-stay-one-bedroom-apartment
buddys-nest-homestay	buddy-s-nest-homestay	g-ChIJ3y-03q0XCTkRsNyYx7PFwUw	Buddy's Nest homestay	buddys-nest-homestay
buddysnest-by-the-anand-homes-two-bedroom-apartment-with-balcony	buddysnest-by-the-anand-homes-two-bedroom-apartment-with-balcony	g-ChIJiaSlq0UWCTkRbeos_EYsu1k	Buddysnest by The Anand Homes - Two-Bedroom Apartment with Balcony	buddysnest-by-the-anand-homes-two-bedroom-apartment-with-balcony
bungalow-apartment-in-rishikesh-two-bedroom-apartment	bungalow-apartment-in-rishikesh-two-bedroom-apartment	g-ChIJacxPfwQWCTkRBCwZz6OW28A	Bungalow apartment in Rishikesh - Two-Bedroom Apartment	bungalow-apartment-in-rishikesh-two-bedroom-apartment
bunk-hostel	hostel-bunk	bunk-house	Bunk House Hostel	bunk-house-hostel
camp-3-blind-mice	camp-3-blind-mice	g-ChIJwTsUmUUWCTkRJH40ixGtgVs	Camp 3 Blind Mice	camp-3-blind-mice
camp-aquaforest	camp-aquaforest-rishikesh	g-ChIJD4xdgwcUCTkRxkBK7nuBCS0	Camp AquaForest Rishikesh	camp-aquaforest-rishikesh
camp-at-rishikesh	camp-at-rishikesh	g-ChIJaX45Jf8_CTkR7YVpsBNOEkk	Camp at Rishikesh	camp-at-rishikesh
camp-badal-adventure	camp-badal-adventure	g-ChIJ1dbfoWIXCTkRqfQdGFR8dDI	Camp Badal Adventure	camp-badal-adventure
camp-bagheera-luxury-camps-in-rishikesh	camp-bagheera-luxury-camps-in-rishikesh	g-ChIJt3iriNATCTkR2oNrKwV76Yk	Camp Bagheera- Luxury camps in Rishikesh	camp-bagheera-luxury-camps-in-rishikesh
camp-footloose	camp-footloose	g-ChIJre4BvNQWCTkRAKYXNDjmADA	Camp Footloose	camp-footloose
camp-ganga-vatika	camp-ganga-vatika	g-ChIJ90Wm-WMRCTkR8PDrUNCm0fo	Camp Ganga Vatika	camp-ganga-vatika
camp-hi-wall-by-indus-tent	camp-hi-wall-by-indus-tent	camp-hi-wall-by-indus-tent-maqcw	camp hi wall by indus tent maqcw	camp-hi-wall-by-indus-tent-maqcw
camp-hi-wall-by-indus-tent	camp-hi-wall-by-indus-tent	camp-hi-wall-by-indus-tent-w5icu	camp hi wall by indus tent	camp-hi-wall-by-indus-tent
camp-hi-wall-by-indus-tent	camp-hi-wall-by-indus-tent	g-ChIJPYxDAkYWCTkR64zcap00u28	Camp Hi Wall By Indus - Tent	camp-hi-wall-by-indus-tent
camp-hi-wall-by-indus-tent	camp-hi-wall-by-indus-tent	g-ChIJPYxDAkYWCTkRAW2W3Ow5ICU	Camp Hi Wall By Indus - Tent	camp-hi-wall-by-indus-tent
camp-hi-wall-by-indus-tent	camp-hi-wall-by-indus-tent	g-ChIJPYxDAkYWCTkRwreUMjMAQcw	Camp Hi Wall By Indus - Tent	camp-hi-wall-by-indus-tent
camp-hill-queen	camp-hill-queen	g-ChIJGXVLatIXCTkRR14M1oudxbw	Camp Hill Queen	camp-hill-queen
camp-hills-adventure	camp-hills-adventure	g-ChIJy5l04icXCTkR3-DmFCDXtkM	Camp hills adventure	camp-hills-adventure
camp-in-shivpuri-by	camp-in-shivpuri-by	g-ChIJ44TRiQM_CTkROESwkCCB4IQ	Camp in Shivpuri by	camp-in-shivpuri-by
camp-in-shivpuri-rishikesh-camp-explore-shivpuri	camp-in-shivpuri-rishikesh-camp-explore-shivpuri	g-ChIJ8QQ95p0RCTkRef6aO6ZGcG0	Camp in Shivpuri Rishikesh | Camp Explore Shivpuri	camp-in-shivpuri-rishikesh-camp-explore-shivpuri
camp-jugnoo-camping-in-rishikesh	camp-jugnoo-camping-in-rishikesh	g-ChIJXVK-7WwXCTkRE4w0Dj_P_xw	Camp Jugnoo | Camping in Rishikesh	camp-jugnoo-camping-in-rishikesh
camp-kyarki-valley	camp-kyarki-valley	g-ChIJGd8AsccXCTkRuH8s8cIDHYs	Camp kyarki valley	camp-kyarki-valley
camp-leopard-heights	camp-leopard-heights	g-ChIJQdJgkoANCTkR6K0juClV_8w	Camp Leopard Heights	camp-leopard-heights
camp-magic-stone	camp-magic-stone	g-ChIJt-UXdEsRCTkRv5jMOFni0Yk	Camp Magic Stone	camp-magic-stone
camp-magic-stone	camp-magic-stone	magic-stone-resort	Magic stone resort	magic-stone-resort
camp-majestic-luxury-camp-in-rishikesh	camp-majestic-luxury-camp-in-rishikesh	g-ChIJh6wyX3wSCTkRJ0-0PMYACe4	Camp Majestic - Luxury Camp in Rishikesh	camp-majestic-luxury-camp-in-rishikesh
camp-moksha	camp-moksha	g-ChIJY4ee6NQWCTkRz_0Qx9CtBIM	Camp Moksha	camp-moksha
camp-namaste	camp-namaste-rishikesh	g-ChIJFYUqEVQXCTkRgHTFT_b4_s4	Camp Namaste Rishikesh	camp-namaste-rishikesh
camp-nature-view	camp-nature-view	g-ChIJH2k53EkXCTkRVYVrhyh9BNA	Camp Nature View	camp-nature-view
camp-nature-view	camp-nature-view	g-ChIJjWaT_CwXCTkRv8Ru6bD6JHM	Nature Lap Camping	nature-lap-camping
camp-outbound-adventure	camp-outbound-adventure	g-ChIJ9QhKt_8TCTkR0NooX2XoEIg	CAMP OUTBOUND ADVENTURE	camp-outbound-adventure
camp-river-hawk-adventure	camp-river-hawk-adventure	g-ChIJXfXdLOYXCTkRsNmDunnCpDQ	Camp River Hawk Adventure	camp-river-hawk-adventure
camp-travel-yatri	camp-travel-yatri-rishikesh	g-ChIJr8yj4NkXCTkRELAK0DKZGaM	Camp Travel Yatri Rishikesh	camp-travel-yatri-rishikesh
camping	camping	camping-in-rishikesh	Camping in Rishikesh	camping-in-rishikesh
camping	camping	g-ChIJI1kMFT0RCTkRniJfzFI6KCM	The Camping in Rishikesh	the-camping-in-rishikesh
camping	camping	g-ChIJM49O4DMRCTkRIChGnj9ObJs	Camping in Rishikesh	camping-in-rishikesh
camping	camping	g-ChIJpVQc7XA9CTkRde7GYOyd0KU	Camping	camping
camping	camping	the-camping-in-rishikesh	The Camping in Rishikesh	the-camping-in-rishikesh
camping-in-rishikesh-neelkanth-road	camping-in-rishikesh-krkzg	g-ChIJrzTd0yIVCTkRDiTgYXkrkzg	Camping in Rishikesh	camping-in-rishikesh
camping-in-rishikesh-triveni-ghat	camping-in-rishikesh-dpwtc	g-ChIJoajFyDsXCTkRwQrvyFdpWtc	Camping in Rishikesh	camping-in-rishikesh
camping-river-rafting-in-shivpuri	camping-river-rafting-in-shivpuri-rishikesh	g-ChIJh9MOViZHCTkR2qXlgk5TemE	Camping River Rafting in Shivpuri Rishikesh	camping-river-rafting-in-shivpuri-rishikesh
capital-o-24794-aaryavan-resorts	capital-o-24794-aaryavan-resorts	g-ChIJJer76kM_CTkRdi-1Eeg38ck	Capital O 24794 Aaryavan Resorts	capital-o-24794-aaryavan-resorts
capital-o-24794-aaryavan-resorts	capital-o-24794-aaryavan-resorts	g-ChIJVcYEYgA_CTkRcQTxVs2fxAw	Aryavan Resort/Hotel Entry Exit	aryavan-resort-hotel-entry-exit
capital-o-hotel-park-grace	capital-o-hotel-park-grace	g-ChIJbYJBbJhHCTkRuhQ0edWRo00	Capital O Hotel Park Grace	capital-o-hotel-park-grace
capt-mount-stays	capt-mount-stays-3ge1g	g-ChIJy4dLF7cXCTkRCOLLnA3gE1g	Capt. Mount Stays	capt-mount-stays
celestia-by-ganga-kripa	celestia-by-ganga-kripa	g-ChIJvyWPz64XCTkRCrr3xlDyoNk	Celestia by Ganga Kripa	celestia-by-ganga-kripa
celestia-by-ganga-kripa-apartment	celestia-by-ganga-kripa-apartment	g-ChIJBzxSKXA-CTkRMr2eBU6sE9M	Celestia by Ganga Kripa - Apartment	celestia-by-ganga-kripa-apartment
chamoli-homestay	chamoli-homestay	g-ChIJp1wuOeUXCTkRhzcWBWZOP8I	Chamoli Homestay	chamoli-homestay
chandigarh-bhawan	chandigarh-bhawan	g-ChIJf1ntwldHCTkRlPKFcUc2NUE	Chandigarh Bhawan	chandigarh-bhawan
chandra-home-stay	chandra-home-stay	g-ChIJ2b_Dy3w-CTkRT9E_Bhrv86U	Chandra Home Stay	chandra-home-stay
cheerful-2-bedroom-cottage-with-refreshing-view-pet-friendly	cheerful-2-bedroom-cottage-with-refreshing-view-pet-friendly	g-ChIJuR7N0VA-CTkR_pj_i484bY0	Cheerful 2 bedroom cottage with refreshing view ! Pet friendly !	cheerful-2-bedroom-cottage-with-refreshing-view-pet-friendly
chilla-dam	chilla-dam	g-ChIJKRz5MgA_CTkR0Y06TQdxjOQ	Chilla dam	chilla-dam
clan-boho	clan-boho	g-ChIJU_GYa0sXCTkRnpXNdYh8cPE	Clan Boho	clan-boho
classic-inn-by-meera-hotels	classic-inn-by-meera-hotels	g-ChIJazR2kL8XCTkRiiKDkR0QJpY	Classic Inn by Meera Hotels	classic-inn-by-meera-hotels
cloudbedsonline	cloudbedsonline	g-ChIJvz4N22M_CTkR2kLrJ7er9G4	cloudbedsonline	cloudbedsonline
club-1947	club-1947	g-ChIJhfow4aMNCTkRUhwIhqt55sg	Club 1947	club-1947
collection-o-3269-hotel-jagat-inn	collection-o-3269-jagat	g-ChIJOWB58jdGCTkRBH5YmLA0b1g	Hotel Jagat inn	hotel-jagat-inn
collection-o-73047-hotel-jungle-resort	collection-o-73047-hotel-jungle-resort	g-ChIJvQa5xKMNCTkRe2PrHUNEWTA	Collection O 73047 Hotel Jungle Resort	collection-o-73047-hotel-jungle-resort
collection-o-hotel-ganga-palace	townhouse-near-har-ki-pauri	g-ChIJ5XZupEVGCTkRPm6ddqRjE0c	Collection O by OYO Hotel Ganga Palace	collection-o-by-oyo-hotel-ganga-palace
collection-o-hotel-the-orient	collection-o-hotel-the-orient	g-ChIJDTHnzH1JCTkRe7gbdyHcuKM	Collection O Hotel The Orient	collection-o-hotel-the-orient
comfort-hotel-dewa-retreat	comfort-dewa-retreat	dewa-retreat-a-himalayan-boutique-hotel	Hotel Dewa Retreat – A Himalayan Boutique Hotel	hotel-dewa-retreat-a-himalayan-boutique-hotel
comfy-nature-stay	comfy-nature-stay	g-ChIJWUwhMw87CTkRoiw41YcxXTo	Comfy Nature Stay	comfy-nature-stay
conifer-resort	conifer-resort	conifer-resort-nwmaw	conifer resort nwmaw	conifer-resort-nwmaw
conifer-resort	conifer-resort	g-ChIJ4aQXHZ0bCTkRfKHZsa_uHk0	CONIFER RESORT	conifer-resort
conifer-resort	conifer-resort	g-ChIJnSA968QbCTkRhXmdTxnWMAw	Conifer Resort	conifer-resort
cottage-stay-in-rishikesh	cottage-stay-in-rishikesh	g-ChIJ_RMn2k4-CTkR3YgtdTO1jec	Cottage Stay in Rishikesh	cottage-stay-in-rishikesh
cozy-bnb-by-the-ganges	cozy-bnb-by-the-ganges	g-ChIJR8c7zKI_CTkRgfVt_NbcyLI	Cozy Bnb By the Ganges	cozy-bnb-by-the-ganges
cradle-of-life-camp-by-la-foret	cradle-of-life-camp-by-la-foret	g-ChIJQ6eLoe0RCTkRbR4r1NWrF5s	Cradle of Life Camp by La Foret	cradle-of-life-camp-by-la-foret
cygnett-resort-grand-shiva	resort-cygnett-grand-shiva-shivpuri	resort-the-grand-shiva-and-spa	The Grand Shiva Resort and Spa	the-grand-shiva-resort-and-spa
daksh-guest-house	daksh-guest-house	g-ChIJ25x32k1GCTkRPhIb7cWYBUI	Daksh Guest House	daksh-guest-house
ddn-3bhk-king-size-villa-near-airport-dehradoon-three-bedroom-apartment	ddn-3bhk-king-size-villa-near-airport-dehradoon-three-bedroom-apartmen	g-ChIJhUt8rzolCTkRgpMDN40hkAw	DDN-3BHK King Size Villa Near Airport Dehradoon - Three-Bedroom Apartment	ddn-3bhk-king-size-villa-near-airport-dehradoon-three-bedroom-apartment
de-offlanders-hostel	hostel-de-offlanders	g-ChIJv8-3KgAXCTkRU7EXx4SBsBA	Hostel De Offlanders & Cafe	hostel-de-offlanders-and-cafe
deers-den-by-orexia	deer-s-den-by-orexia	g-ChIJ9wWQ1NY_CTkRyZ7bfeATloI	Deer’s Den by Orexia	deers-den-by-orexia
dev-aahar	dev-aahar	g-ChIJC9bnoBZHCTkRIvBVrNQ__2I	Dev Aahar	dev-aahar
devanjali-homestay	devanjali-homestay	g-ChIJ6bKFd7FLCTkRv7cu2fdnLXk	Devanjali Homestay	devanjali-homestay
devbhoomi-residency	devbhoomi-residency	g-ChIJz6PtGvo_CTkRmWkAkjuC4ig	Devbhoomi Residency	devbhoomi-residency
devki-sadan	devki-sadan	g-ChIJIeiAmQVHCTkREKtQcVMzzTM	Devki sadan	devki-sadan
devora-resort	devora-resort	g-ChIJIV4BD8UXCTkRxvltSQJavjk	Devora Resort	devora-resort
devoy-inn	devoy-rishikesh-inn	devoy-1	Hotel Devoy Inn	hotel-devoy-inn
devoy-inn	devoy-rishikesh-inn	devoy-249192	Hotel Devoy Inn	hotel-devoy-inn
dharma-ganga-cottages	dharma-ganga-cottages	g-ChIJ25920E9HCTkRiJQ95NWzLiY	Dharma Ganga Cottages At Ganga Ghat	dharma-ganga-cottages-at-ganga-ghat
dharma-ganga-cottages	dharma-ganga-cottages	g-ChIJLSN10E9HCTkRHc3OjcYFvQA	Dharma Ganga Cottages	dharma-ganga-cottages
dharmshala-bhagwan-ashram	dharmshala-bhagwan-ashram	g-ChIJgap3MgAXCTkRZzMvkwmNPG0	Dharmshala Bhagwan Ashram	dharmshala-bhagwan-ashram
dhruv-homestay	dhruv-homestay	g-ChIJn2xDeMoXCTkRKglZy_495cI	Dhruv homestay	dhruv-homestay
dhruv-homestay-budget-single-room	dhruv-homestay-budget-single-room	g-ChIJabDT3UgWCTkRlUB6lBFZfO0	Dhruv HomeStay - Budget Single Room	dhruv-homestay-budget-single-room
dindyaali-stays-and-cafe	dindyaali-stays-cafe	g-ChIJywptmuwlCTkRVyMPM4H2dJs	Dindyaali Stays&cafe	dindyaali-stays-and-cafe
divine-dev-darshan-valley	divine-dev-darshan-valley	fabhotel-divine-dev-darshan-valley	Fabhotel Divine Dev Darshan Valley	fabhotel-divine-dev-darshan-valley
divine-homestay-family-suite-with-balcony	divine-homestay-family-suite-with-balcony	g-ChIJJQilyyZECTkRLylEy7KIOog	Divine Homestay - Family Suite with Balcony	divine-homestay-family-suite-with-balcony
divine-oak-stay-on-the-valley-in-the-himalayas	divine-oak-stay-on-the-valley-in-the-himalayas	g-ChIJndhMcAAZCTkRaL7aaeN5Xuc	Divine OAK stay (on the Valley in the Himalayas)	divine-oak-stay-on-the-valley-in-the-himalayas
divintra-hotel-the-rio	divintra-hotel-the-rio	g-ChIJp9tPSfhHCTkRCqNBORQ2zaM	Divintra Hotel The Rio	divintra-hotel-the-rio
divyam-resorts	divyam-resorts	g-ChIJ7bg6er8VCTkRsriUIeol6eo	Divyam Resorts, Neelakhant Road Rishikesh	divyam-resorts-neelakhant-road-rishikesh
diya-apartment-aiims-rishikesh	apt-diya-8	apt-diya-rishikesh	Diya Apartment	diya-apartment
dls-hotels-on-the-ganges	dls-hotels-on-the-ganges-rishikesh	g-ChIJH4dzN9sXCTkR9rn533l64E8	DLS Hotels On The Ganges Rishikesh	dls-hotels-on-the-ganges-rishikesh
doon-valley-guest-house	doon-valley-guest-house	g-ChIJ1WwblGwlCTkR5W11La7o-ws	Doon valley Guest House	doon-valley-guest-house
dream-valley-resort-dehradun	dream-valley-resort-dehradun	g-ChIJxYnf7wcjCTkRO0K0zf6qW5M	Dream Valley Resort Dehradun	dream-valley-resort-dehradun
ecoterra-serene-resort	ecoterra-serene-resort	g-ChIJazmRewAVCTkRdYFDpla45Wc	Ecoterra Serene Resort	ecoterra-serene-resort
ecoterra-solace-by-adventuremania	ecoterra-solace-by-adventuremania	g-ChIJlxFjpFINCTkRPOmhnGuNnkg	Ecoterra Solace by Adventuremania	ecoterra-solace-by-adventuremania
eden-rock-river-resort	eden-rock-river-resort	g-ChIJfSRvMgAVCTkRX3yVf3o9hWA	Eden Rock River Resort	eden-rock-river-resort
eirene-retreats	eirene-retreats	g-ChIJ8_xdr1Q_CTkRsVMU15b7lAs	Eirene Retreats	eirene-retreats
eisra-wellness-retreat	eisra-wellness-retreat	g-ChIJd4IpNTg_CTkRlsUDc911mOk	EISRA WELLNESS Retreat	eisra-wellness-retreat
ejaas-house	ejaa-s-house	g-ChIJn_i4IwAXCTkRfQHQO3ISEzs	Ejaa's House	ejaas-house
ekantam-mountain-cottages	ekantam-mountain-cottages	g-ChIJeak1CQAjCTkR3QCKYK5O0mY	Ekantam mountain cottages	ekantam-mountain-cottages
ekantam-riverside-resort-resort-for-destination-wedding-in-rishikesh	ekantam-riverside-resort-resort-for-destination-wedding-in-rishikesh	g-ChIJhx4g6IEVCTkRnLgTY_4vPVk	Ekantam Riverside Resort - Resort for Destination Wedding in Rishikesh	ekantam-riverside-resort-resort-for-destination-wedding-in-rishikesh
elite-heaven-retreat-1bhk-budget-home-stay-tapovan-one-bedroom-apartment-with-balcony	elite-heaven-retreat-1bhk-budget-home-stay-tapovan-one-bedroom-apartme	g-ChIJo8eyTU8WCTkRST6UeD5rwLk	Elite Heaven Retreat 1BHK Budget Home Stay Tapovan - One-Bedroom Apartment with Balcony	elite-heaven-retreat-1bhk-budget-home-stay-tapovan-one-bedroom-apartment-with-balcony
elysium-guest-house	elysium-guest-house	g-ChIJTyz--BlJCTkRz53WeZUTWOg	Elysium Guest House	elysium-guest-house
elysium-hotel	elysium-hotel	g-ChIJDY4mMe1JCTkRm0NP0o7F3Lg	Elysium Hotel	elysium-hotel
ensquare-hotel-2-bedroom-apartments-near-laxman-jhula-with-kitchen	ensquare-2-bedroom-apartments-near-laxman-jhula	ensquare-2-bhk-apartments-with-kitchen-rooftop	Ensquare Hotel – 2BHK Apartments with Kitchen, Rooftop River View Cafe, Live Events	ensquare-hotel-2bhk-apartments-with-kitchen-rooftop-river-view-cafe-live-events
evaara-by-the-ganges-a-ganga-access-resort-and-jungle-safari	evaara-by-the-ganges	g-ChIJ24WdQMVFCTkRwLgkXkv3v9g	Evaara by the Ganges	evaara-by-the-ganges
evana-rajaji	evana-rajaji	g-ChIJfSvSSQ1ACTkRCbzqEezcNTQ	Evana-Rajaji	evana-rajaji
evara-by-the-ganges	evara-by-the-ganges	g-ChIJATKG2fg_CTkRxNxRFtUuOsE	Evara By The Ganges	evara-by-the-ganges
exclusive-1bhk-apartment-in-rishikesh-one-bedroom-apartment	exclusive-1-bhk-apartment-in-rishikesh-one-bedroom-apartment	g-ChIJH9EuyEgWCTkRRXgGnvasdLw	Exclusive 1 Bhk Apartment in Rishikesh - One-Bedroom Apartment	exclusive-1-bhk-apartment-in-rishikesh-one-bedroom-apartment
explore-himalayas-managed-by-petals-hotels-and-resorts	explore-himalayas-managed-by-petals-hotels-and-resorts	g-ChIJAXM1KLcWCTkRZY-OFiVdq20	Explore Himalayas managed by Petals Hotels and Resorts	explore-himalayas-managed-by-petals-hotels-and-resorts
explore-himalayas-resort	explore-himalayas-resort	g-ChIJ2w3TBzIRCTkRFjyWvVJQ-54	Explore Himalayas Resort	explore-himalayas-resort
fabhotel-dev-ganga-retreat	o-dev-ganga-retreat-tapovan	g-ChIJLS8sIk4XCTkRoMIE5JUgEqk	Ganga Tapovan Rooms	ganga-tapovan-rooms
fabhotel-prime-the-haveli-resort-by-ks-group	fabhotel-prime-the-haveli-resort-by-ks-group	g-ChIJzWGGOVxHCTkRNvOB0ieiamc	Fabhotel Prime The Haveli Resort By Ks Group	fabhotel-prime-the-haveli-resort-by-ks-group
feel-factor	feel-factor	g-ChIJq6qq2lf6DDkRkI__G3FiqQo	Feel Factor	feel-factor
feeling-home-resort	feeling-home-resort	g-ChIJ12EbDrsjCTkRihpXjkYk9PM	Feeling Home Resort	feeling-home-resort
five-elements-hotels	five-elements-hotels-haridwar	g-ChIJVXEEdltHCTkRYfjfs5mmLsc	Five Elements Hotels - Haridwar	five-elements-hotels-haridwar
foramountain-riverside-resort	foramountain-riverside-resort	g-ChIJ2U3NevcTCTkR07CKRqORsyo	Foramountain Riverside Resort	foramountain-riverside-resort
forest-guest-house	forest-guest-house	g-ChIJnxj83V8XCTkR0NrZ1-Vv0BM	Forest Guest House	forest-guest-house
forest-rest-house-shyampur	forest-rest-house-shyampur-haridwar	g-ChIJVdwr0mdECTkRMQdfJ-KKbGc	Forest Rest House Shyampur, Haridwar	forest-rest-house-shyampur-haridwar
forest-view-hotel	forest-view-rishikesh	resort-the-forest-view	The Forest View Resort	the-forest-view-resort
forrest-delight-villa-homestay	forrest-delight-villa-homestay	g-ChIJM-2UfgA_CTkRTEEb3dRyNfk	Forrest Delight Villa Homestay	forrest-delight-villa-homestay
galaxy-ganga-resort	galaxy-ganga-resort	g-ChIJI7aao-0XCTkReCOABVyzL-4	Galaxy Ganga Resort	galaxy-ganga-resort
ganga-abode-two-bedroom-apartment	ganga-abode-two-bedroom-apartment	g-ChIJ0_vl2RcWCTkRanmCWkiUyrc	Ganga Abode - Two-Bedroom Apartment	ganga-abode-two-bedroom-apartment
ganga-azure-hotel	ganga-azure	ganga-azure-har-ki-pauri-road	Hotel Ganga Azure@ Har Ki Pauri Road	hotel-ganga-azure-har-ki-pauri-road
ganga-beach-camp	ganga-beach-camp	g-ChIJDcRBQnwSCTkR00CUn2DZj3E	Ganga Beach Camp	ganga-beach-camp
ganga-blessings-apartment-two-bedroom-apartment-with-river-view	ganga-blessings-apartment-two-bedroom-apartment-with-river-view	g-ChIJd1xJXTwWCTkRwoirvbeTyPI	Ganga Blessings Apartment - Two-Bedroom Apartment With River View	ganga-blessings-apartment-two-bedroom-apartment-with-river-view
ganga-darshan-guest-house	ganga-darshan-guest-house	g-ChIJA9i91VkVCTkRJVW9Z5IdOsU	Ganga Darshan Guest House	ganga-darshan-guest-house
ganga-forest-camp	ganga-forest-camp	g-ChIJGcxnK3MRCTkRdHhMPLG9QKU	Ganga Forest Camp	ganga-forest-camp
ganga-getaway-homestay	ganga-getaway-homestay	g-ChIJGYNT2nVFCTkRx-Ecqc_97Zg	Ganga Getaway Homestay	ganga-getaway-homestay
ganga-hostel	hostel-ganga	hostel-ganga-rishikesh	Hostel Ganga	hostel-ganga
ganga-mahima-lodge	ganga-mahima-lodge	g-ChIJy9UCKxFHCTkR1OL0fts7GQk	Ganga Mahima Lodge	ganga-mahima-lodge
ganga-mension	ganga-mension	g-ChIJKceocDc_CTkRpgSYY5ZYe8g	GANGA MENSION	ganga-mension
ganga-palace	ganga-palace	g-ChIJacY4LgBJCTkRsy2w3c9XINE	Ganga palace	ganga-palace
ganga-river-the-homestay	ganga-river-the-homestay	g-ChIJZ1RZSiE9CTkRAshRK_48ONo	Ganga River The Homestay	ganga-river-the-homestay
ganga-sai-guest-house	ganga-sai-guest-house	g-ChIJO_tNtOUXCTkRj5LNvvAbrwc	Ganga Sai Guest House	ganga-sai-guest-house
ganga-view-bungee-retreat	ganga-view-bungee-retreat	g-ChIJNUekegARCTkRVJMc_6ptoFE	Ganga View Bungee Retreat	ganga-view-bungee-retreat
ganga-view-homestay	ganga-view-homestay	g-ChIJyTO2HAAXCTkRZFaxDam8ufw	Ganga View Homestay	ganga-view-homestay
ganga-view-resort	ganga-view-resort	g-ChIJA6YULaEXCTkReyToqcdWobQ	Ganga View Cottage	ganga-view-cottage
ganga-view-resort	ganga-view-resort	g-ChIJqc_uFgAXCTkRw0vUArjrt5o	Ganga View Resort	ganga-view-resort
ganga-view-resort	ganga-view-resort	ganga-view-cottage	Ganga View Cottage	ganga-view-cottage
gangabhumi-homestay-haridwar-india	gangabhumi-homestay-haridwar-india	g-ChIJzeXZbwBHCTkRIOMeFlFzlM8	Gangabhumi Homestay, Haridwar-India	gangabhumi-homestay-haridwar-india
gangdwaram-apartment-one-bedroom-apartment	gangdwaram-apartment-one-bedroom-apartment	g-ChIJzfGjpT4-CTkRWdmElzHC5ok	Gangdwaram Apartment - One-Bedroom Apartment	gangdwaram-apartment-one-bedroom-apartment
ganges-blossom-hotel	ganges-blossom	ganges-blossam-haridwar-rishikesh-road-a-four-star-luxury	Ganges Blossam, Haridwar – Rishikesh Road – A Four Star Luxury Hotel	ganges-blossam-haridwar-rishikesh-road-a-four-star-luxury-hotel
ganges-blossom-hotel	ganges-blossom	hotel-haridwar-145	Ganges Blossom Luxury Stay	ganges-blossom-luxury-stay
ganges-blossom-hotel	ganges-blossom	luxury-ganges-blossom-rishikesh-highway	Ganges Blossom Luxury Hotel Rishikesh Highway	ganges-blossom-luxury-hotel-rishikesh-highway
ganges-blossom-hotel	ganges-blossom	resort-ganges-blossam-a-four-star-luxury	Ganges Blossam – A Four Star Luxury Hotel & Resort	ganges-blossam-a-four-star-luxury-hotel-and-resort
ganges-blossom-hotel	ganges-blossom	resort-ganges-blossom-a-four-star-luxury	Ganges Blossom – A Four Star Luxury Hotel & Resort	ganges-blossom-a-four-star-luxury-hotel-and-resort
ganges-portico-sidcul	ganges-portico-sidcul	g-ChIJTQo5VEBJCTkRWzse5yEyzuk	Ganges Portico- SIDCUL	ganges-portico-sidcul
garden-resort	garden-resort	g-ChIJEUt23PI9CTkREO2w1GAiicc	Garden Resort	garden-resort
garhwal-nature-camp	garhwal-nature-camp	g-ChIJt42zIdUWCTkR5c8XK42EUTg	Garhwal Nature Camp	garhwal-nature-camp
gateway-camp-and-resort	gateway-camp-resort	g-ChIJ-QRacAAVCTkRFRCkqfysMxo	Gateway Camp & Resort	gateway-camp-and-resort
gaur-homes	gaur-homes	g-ChIJb0bojOc_CTkRP2jCOuT9QeQ	Gaur Homes	gaur-homes
gaurav-lodge	gaurav-lodge	g-ChIJTaDbXBpHCTkR9rEmi3FhIYY	Gaurav Lodge	gaurav-lodge
gauris-adobe-in-tapovan-entire-1bhk-two-bedroom-apartment	gauri-s-adobe-in-tapovan-entire-1bhk-two-bedroom-apartment	g-ChIJH9FeVk8WCTkRRfFLfAA-h9w	Gauri's Adobe In Tapovan Entire 1BHK - Two-Bedroom Apartment	gauris-adobe-in-tapovan-entire-1bhk-two-bedroom-apartment
ghattu-ghat-resort	ghattu-ghat-resort	g-ChIJG_JYR28VCTkRAOJVNZFi7o4	ghattu ghat resort	ghattu-ghat-resort
ginger-valley-homestay	ginger-valley-homestay	g-ChIJtSBTGwAZCTkRIjrkrNeJMCA	Ginger valley homestay	ginger-valley-homestay
gj-wellness-and-stay	gj-wellness-and-stay	gj-wellness-stay	Gj Wellness & Stay	gj-wellness-and-stay
glampers-resort	resort-glampers	resort-glampers-rishikesh	Glampers Resort Rishikesh at River Side	glampers-resort-rishikesh-at-river-side
glorious-resort	glorious-resort	g-ChIJ32wJdgA_CTkRIIynGJz0-Do	Glorious Resort	glorious-resort
gmvn-chilla-rajaji-national-park	gmvn-chilla-rajaji-national-park-haridwar	g-ChIJGbmXt7lACTkR36WcQUVXL-g	GMVN Chilla,Rajaji National Park,Haridwar	gmvn-chilla-rajaji-national-park-haridwar
gmvn-tourist-guest-house-rishilok	gmvn-tourist-guest-house-rishilok	g-ChIJ4_CbgiIWCTkRni9_Svjwpgc	GMVN Tourist Guest House - Rishilok	gmvn-tourist-guest-house-rishilok
godwin-hotel	godwin	godwin-haridwar	Godwin Haridwar Hotel	godwin-haridwar-hotel
gokul-dham	gokul-dham	g-ChIJAYkprBRHCTkR_fCRBFVmX2g	Gokul Dham	gokul-dham
good-vibes-retreat-three-bedroom-apartment	good-vibes-retreat-three-bedroom-apartment	g-ChIJezj-mRU-CTkRfkLuZAmVL24	Good Vibes Retreat - Three-Bedroom Apartment	good-vibes-retreat-three-bedroom-apartment
gooseneck-restaurant-and-hotel	gooseneck-restaurant-and-hotel	g-ChIJ7d6UKAAjCTkRV1GpIaA5yTU	Gooseneck Restaurant and Hotel	gooseneck-restaurant-and-hotel
gopala-guest-house	gopala-guest-house	g-ChIJt2MaK_8XCTkRyIvA9iHpIXE	Gopala Guest House	gopala-guest-house
goroomgo-bhameshwari-haridwar-near-vaishno-devi-temple	goroomgo-bhameshwari-near-vaishno-devi-temple	g-ChIJzQKm6OJHCTkRnMrVA5CaUcU	Goroomgo Bhameshwari Haridwar	goroomgo-bhameshwari-haridwar
grand-apartments-rishikesh	grand-apartments-rishikesh	g-ChIJR7AeQAk-CTkRp7g16TLInXk	GRAND APARTMENTS RISHIKESH	grand-apartments-rishikesh
grand-five-luxury-camps	grand-five-luxury-camps	g-ChIJXV3sOFARCTkRgUVgoDzs8I4	Grand five luxury camps	grand-five-luxury-camps
green-cottage-homestay	green-cottage-homestay	g-ChIJCx-1ALMXCTkRdFmZAj0AWd4	Green cottage Homestay	green-cottage-homestay
green-heaven-resort-by-natures-hook	green-heaven-resort-by-natures-hook	g-ChIJO3kEdE4VCTkR4kD2YTx6t7I	Green Heaven Resort by Natures Hook	green-heaven-resort-by-natures-hook
green-valley-apartments-two-bedroom-apartment	green-valley-apartments-two-bedroom-apartment	g-ChIJJeyxXxc-CTkRLfB5Aiu8dag	Green valley apartments - Two-Bedroom Apartment	green-valley-apartments-two-bedroom-apartment
green-valley-cottage	green-valley-cottage	g-ChIJlff1skcWCTkRsmCivUCgsZg	Green Valley Cottage	green-valley-cottage
gujrada-peaks-home-stay	gujrada-peaks-home-stay	g-ChIJqch5LvYjCTkRZbLaFDKNTLA	Gujrada Peaks home stay	gujrada-peaks-home-stay
guru-kripa-apartment-two-bedroom-apartment	guru-kripa-apartment-two-bedroom-apartment	g-ChIJNfca9boWCTkRUB2JQdCXakI	Guru kripa apartment - Two-Bedroom Apartment	guru-kripa-apartment-two-bedroom-apartment
guru-kripa-guest-house	guru-kripa-guest-house	g-ChIJlz2V_hNHCTkRGoPGSF9CGdc	Guru Kripa Guest House	guru-kripa-guest-house
guru-residency	hotel-rishikesh-111	guru-residency-rishikesh	Guru Residency Hotel	guru-residency-hotel
gurukirpa-homestay	gurukirpa-homestay	g-ChIJ5TGepQQ_CTkR3VdaNPjnbGA	GURUKIRPA HOMESTAY	gurukirpa-homestay
h7-stay-on-the-ganges	h7-stay-on-the-ganges	g-ChIJI2flu7MXCTkRufRopQm1grQ	H7 Stay on the Ganges	h7-stay-on-the-ganges
hanging-cottage	hanging-cottage	g-ChIJa0b-BwAXCTkR7oanpOq9baY	Hanging Cottage	hanging-cottage
happy-avenue-ii	happy-avenue-ii	g-ChIJ1UOYfQAXCTkRBmXaaYrx1x4	Happy Avenue II	happy-avenue-ii
happy-homes-by-yoga-and-smiles	happy-homes-by-yoga-smiles	happy-homes-by-yoga-smiles-upper-tapovan	Happy Homes by Yoga & Smiles, Upper Tapovan	happy-homes-by-yoga-and-smiles-upper-tapovan
haridwar-hapoy-stay-hotel	haridwar-hapoy-stay-hotel	g-ChIJrZ1kYwBHCTkR8Vm17rfLekw	Haridwar hapoy stay hotel	haridwar-hapoy-stay-hotel
haridwar-homestay	haridwar-homestay	g-ChIJgVKFGwBHCTkRkJ-eqwJ9V9o	Haridwar Homestay	haridwar-homestay
haridwar-hotel-and-resorts	haridwar-hotel-resorts	g-ChIJq6qq6lxICTkRSMSI8UALbv4	Haridwar Hotel & Resorts	haridwar-hotel-and-resorts
haridwar-station	haridwar-station	g-ChIJ8YPISgBHCTkRDfdIP39sh8s	Haridwar station	haridwar-station
haridwar-yatra-home-stay	haridwar-yatra-home-stay	g-ChIJ67UeSItHCTkRixIKI1c3B2I	Haridwar Yatra home stay	haridwar-yatra-home-stay
harihar-guest-house	harihar-guest-house	g-ChIJC5we3BkWCTkRkTYxbVEztlg	Harihar Guest house	harihar-guest-house
harihar-niwas-studio-apartment-near-gangaji	harihar-niwas-studio-apartment-near-gangaji	g-ChIJNf7TLRgWCTkRXvjDYkNgkX4	HariHar Niwas- Studio Apartment, near Gangaji	harihar-niwas-studio-apartment-near-gangaji
harihar-niwas-studio-apartment-near-gangaji	harihar-niwas-studio-apartment-near-gangaji	g-ChIJe8poCBkWCTkRVnIwlEPsGz8	HariHar Niwas- Studio Apartment, near Gangaji	harihar-niwas-studio-apartment-near-gangaji
harihar-niwas-studio-apartment-near-gangaji	harihar-niwas-studio-apartment-near-gangaji	g-ChIJtxSqLhgWCTkRG6rHRR6EzK4	HariHar Niwas- Studio Apartment, near Gangaji	harihar-niwas-studio-apartment-near-gangaji
harihar-niwas-studio-apartment-near-gangaji	harihar-niwas-studio-apartment-near-gangaji	harihar-niwas-studio-apartment-near-gangaji-6ezk4	harihar niwas studio apartment near gangaji	harihar-niwas-studio-apartment-near-gangaji
harihar-niwas-studio-apartment-near-gangaji	harihar-niwas-studio-apartment-near-gangaji	harihar-niwas-studio-apartment-near-gangaji-psgz8	HariHar Niwas – Studio Apartment, near Gangaji	harihar-niwas-studio-apartment-near-gangaji
haritage-bar-and-restaurant	haritage-bar-restaurant	g-ChIJe_T1-Z8_CTkRsQAn0CIUn0A	Haritage Bar & Restaurant	haritage-bar-and-restaurant
heartbeat-adventure	heartbeat-adventure	g-ChIJk5QAs9IWCTkRpeuLUi1Nx4o	HeartBeat Adventure	heartbeat-adventure
heaven-homes-2double-beds-lift-parking-kitchen-in-tapovan-deluxe-one-bedroom-apartment	heaven-homes-2double-beds-lift-parking-kitchen-in-tapovan-deluxe-one-b	g-ChIJH9FeVk8WCTkRIEoZkirQN-s	Heaven Homes 2Double Beds Lift Parking Kitchen in Tapovan - Deluxe One-Bedroom Apartment	heaven-homes-2double-beds-lift-parking-kitchen-in-tapovan-deluxe-one-bedroom-apartment
heaven-in-himalayas	heaven-in-himalayas	g-ChIJrb5wNAoVCTkRblamjVg8G-g	Heaven In Himalayas	heaven-in-himalayas
heaven-nature-view	heaven-nature-view	g-ChIJWd7fhkwjCTkRtTjXegF5pw4	heaven nature view	heaven-nature-view
hero-gharaunda-peaceful-2bhk-in-gated-community-two-bedroom-apartment	hero-gharaunda-peaceful-2bhk-in-gated-community-two-bedroom-apartment	g-ChIJ4dsZCqRJCTkRUR7XAz_yC-w	Hero Gharaunda Peaceful 2BHK in Gated Community - Two-Bedroom Apartment	hero-gharaunda-peaceful-2bhk-in-gated-community-two-bedroom-apartment
heval-river-cottage-and-rafting-camps	heval-river-cottage-and-rafting-camps	g-ChIJY9mrtm8XCTkRPaQ0nZblOTY	Heval River Cottage and Rafting Camps	heval-river-cottage-and-rafting-camps
hgv-hotel-ganga-vibes	hgv-hotel-ganga-vibes	g-ChIJVVVVFGdICTkRHCNQ6kajmlQ	HGV - Hotel Ganga Vibes	hgv-hotel-ganga-vibes
hidden-valley-camp	hidden-valley-camp	g-ChIJ31U5u9YWCTkRKlooLt7cUOs	Hidden valley camp	hidden-valley-camp
hideaway-adventure-office	hideaway-adventure-office	g-ChIJkdTwWF8TCTkRsr8e6LBtEYQ	Hideaway Adventure ( office )	hideaway-adventure-office
hideaway-camp-and-resort	hideaway-camp-resort-rishikesh	g-ChIJAQAAwPs9CTkR7XTg9lfpZb0	Hideaway Camp & Resort Rishikesh	hideaway-camp-and-resort-rishikesh
high-bank-himalayan-retreat	high-bank-himalayan-retreat	g-ChIJ7YNo_C8RCTkROrfDswnC7js	High Bank Himalayan Retreat	high-bank-himalayan-retreat
high-bank-himalayan-retreat	high-bank-himalayan-retreat	g-ChIJUz_0_C8RCTkRK0yX4BoW0Ss	High Bank Himalayan Retreat Eco Resort	high-bank-himalayan-retreat-eco-resort
high-bank-himalayan-retreat	high-bank-himalayan-retreat	high-bank-himalayan-retreat-eco-resort	High Bank Himalayan Retreat Eco Resort	high-bank-himalayan-retreat-eco-resort
high-garden-stays	high-garden-stays	g-ChIJ1bJEBU0VCTkR-RcymP7rzH8	High Garden Stays	high-garden-stays
hillscape-apartments	hillscape-apartments	g-ChIJk-63cAAXCTkRv_dScPayrYY	Hillscape apartments	hillscape-apartments
hillsqueenresort	hillsqueenresort	g-ChIJO9iveDgVCTkRpQY9vqLVpuo	HillsQueenResort	hillsqueenresort
hillway-guest-house	house-hillway-1	house-o-hill-way	Hotel O Hill Way Guest House	hotel-o-hill-way-guest-house
him-river-resort-tapovan	him-river-resort	g-ChIJOzAYV08WCTkRAAAAsJTY0E0	Him River Resort	him-river-resort
himalaya-view-homestay	himalaya-view-homestay	g-ChIJk6HpQwARCTkRsKNJP6oacUw	Himalaya view homestay	himalaya-view-homestay
himalayan-adventure-camp	himalayan-adventure-camp	g-ChIJs_W9ojsXCTkRdtsxTUBHpWA	Himalayan Adventure Camp	himalayan-adventure-camp
himalayan-haven-homestay	himalayan-haven-homestay	g-ChIJFQz3fwAlCTkRmMTrsO2HyVM	Himalayan Haven Homestay	himalayan-haven-homestay
himalayan-majesty-camp	himalayan-majesty-camp	g-ChIJqxPqLtYVCTkR3NB3Zyf6F-4	Himalayan Majesty Camp	himalayan-majesty-camp
himalayan-nature-camp	himalayan-nature-camp	g-ChIJq22R-AUXCTkRaod5PwaQZ4g	Himalayan Nature camp	himalayan-nature-camp
himalayan-tribe	himalayan-tribe	g-ChIJeUrwHkkTCTkRkVoAWsNH6bA	Himalayan Tribe	himalayan-tribe
himalayan-vista	himalayan-vista	g-ChIJNdf4GkRFCTkRGQGlTlUkR0I	Himalayan Vista	himalayan-vista
himalayas-apartment	apt-himalayas	himalaya-stays-near-laxman-jhula	Himalaya Stays – Near Laxman Jhula	himalaya-stays-near-laxman-jhula
hk-guest-house	hk-guest-house	g-ChIJBws1OWiIB4QR1NffF9aYMis	HK GUEST HOUSE	hk-guest-house
hk-guest-house	hk-guest-house	house-hk	Hotel Hk Haridwar by Hk Guest House	hotel-hk-haridwar-by-hk-guest-house
hoa-resort-luxury-in-the-village	hoa-resort-luxury-in-the-village	g-ChIJybmldZYXCTkRyEjMUcUr804	Hoa Resort - Luxury in the Village	hoa-resort-luxury-in-the-village
home-stay-the-cozy-corner-rishikesh	home-stay-the-cozy-corner-rishikesh	g-ChIJaYnSeFY9CTkR5rrfTrA5tlk	Home stay the cozy corner rishikesh	home-stay-the-cozy-corner-rishikesh
homestay-in-rishikesh	homestay-in-rishikesh	g-ChIJ0wfTtrUXCTkRUxP4iS5Vwm0	HomeStay in Rishikesh	homestay-in-rishikesh
homestay-in-vicinity-of-ganga	homestay-in-vicinity-of-ganga	g-ChIJT1RbulwWCTkRMPBPBQ2CpZE	Homestay in Vicinity of Ganga	homestay-in-vicinity-of-ganga
homestay-yuvraj-two-bedroom-apartment	homestay-yuvraj-two-bedroom-apartment	g-ChIJVWa4YT0-CTkRY5VlJ_Dcu8I	Homestay Yuvraj - Two-Bedroom Apartment	homestay-yuvraj-two-bedroom-apartment
hopstel-rishikesh	hopstel-rishikesh	g-ChIJN1NTQ04XCTkRSkfddK2y6eE	Hopstel Rishikesh	hopstel-rishikesh
hotel-7heaven	hotel-7heaven	g-ChIJc8DrVWEjCTkRZAg3wbajT64	hotel 7Heaven	hotel-7heaven
hotel-aadvik-inn	hotel-aadvik-inn	g-ChIJQewjdo1HCTkRu8575CuyANY	Hotel Aadvik inn	hotel-aadvik-inn
hotel-abhinandan-residency	hotel-abhinandan-residency	g-ChIJjbsQszolCTkRM5f15c6Dvew	Hotel Abhinandan Residency	hotel-abhinandan-residency
hotel-adarsh-residency	hotel-adarsh-residency	g-ChIJ5STucOBHCTkRMa0tSybJk9E	Hotel Adarsh Residency	hotel-adarsh-residency
hotel-aghore-shaktipeeth	hotel-aghore-shaktipeeth	g-ChIJey9d7skXCTkRgZAXN6ZATgs	Hotel Aghore Shaktipeeth	hotel-aghore-shaktipeeth
hotel-ahuja	hotel-ahuja	g-ChIJz3h0cT1HCTkR7n4BiNhZ6Xs	Hotel Ahuja	hotel-ahuja
hotel-akash-continental-zoukstayz	hotel-akash-continental-zoukstayz	g-ChIJ0RmzkUQWCTkRuRa5WdxU3AM	Hotel Akash Continental (ZoukStayz)	hotel-akash-continental-zoukstayz
hotel-akash-ganga	hotel-akash-ganga	g-ChIJ86CBbwIWCTkRoO3QAgrmpdM	Hotel Akash Ganga	hotel-akash-ganga
hotel-all-season	hotel-all-season	g-ChIJi6tyO_FHCTkRcwAWUqnBBUs	Hotel All Season	hotel-all-season
hotel-alpana	alpana	g-ChIJnW3zMgBHCTkRZJKgYYmRxJs	Hotal alpaca	hotal-alpaca
hotel-amar	hotel-amar	g-ChIJQxUCH2pGCTkRlnYcmC4SGzM	HOTEL AMAR	hotel-amar
hotel-amar-dil-grand	hotel-amar-dil-grand	g-ChIJMRW5DjIlCTkRC2M79jxJcQk	Hotel Amar Dil Grand	hotel-amar-dil-grand
hotel-amaya	amaya	amaya-haridwar	Hotel Amaya	hotel-amaya
hotel-amishi	hotel-amishi	g-ChIJCxVbnB5HCTkRe11sqlec9gM	Hotel Amishi	hotel-amishi
hotel-anata-paradise	hotel-anata-paradise	g-ChIJk6Wxev09CTkRrGHN9dxlFWE	Hotel Anata Paradise	hotel-anata-paradise
hotel-anmol	hotel-anmol	g-ChIJK2uZi8dHCTkRd0L5ZStaJWA	Hotel Anmol	hotel-anmol
hotel-anshvi-grand	hotel-anshvi-grand	g-ChIJCSRtnF5JCTkRCpsCwj3PCyE	Hotel Anshvi Grand	hotel-anshvi-grand
hotel-arihant	hotel-arihant-haridwar	g-ChIJP4cG62FHCTkR4C4S5QCYGYw	Hotel Arihant Haridwar	hotel-arihant-haridwar
hotel-arihant-by-dls-hotels	hotel-arihant-by-dls-hotels	g-ChIJx84PCztHCTkRFoMUBD1p_k0	Hotel Arihant By DLS Hotels	hotel-arihant-by-dls-hotels
hotel-arti-cottage	hotel-rishikesh-271	arti-cottage	Hotel Arti Cottage Feel Like A Home	hotel-arti-cottage-feel-like-a-home
hotel-arti-cottage	hotel-rishikesh-271	arti-cottage-feel-like-home	Arti Cottage Feel Like Home	arti-cottage-feel-like-home
hotel-aryan-inn	aryan	hotel-haridwar-153	Hotel Aryan Inn at Railway Station Road	hotel-aryan-inn-at-railway-station-road
hotel-ashoka	hotel-ashoka	g-ChIJA42hz6pHCTkRdWGPJnoyjCw	Hotel Ashoka	hotel-ashoka
hotel-aura-residency	hotel-aura-residency-haridwar	g-ChIJGwef0jQ_CTkRB69kwI0BRXQ	Hotel Aura Residency Haridwar	hotel-aura-residency-haridwar
hotel-ayushman-ganga	hotel-ayushman-ganga	g-ChIJNZEMenUXCTkRzgyyse6fqvM	HOTEL AYUSHMAN GANGA	hotel-ayushman-ganga
hotel-badri	hotel-badri	g-ChIJiSvrdgA9CTkR3LvJlBlV6mk	HOTEL BADRI	hotel-badri
hotel-badri-palace	badri-palace-rishikesh	hotal-badri-palace	Hotal Badri Palace	hotal-badri-palace
hotel-bajrang-bali	hotel-bajrang-bali	g-ChIJU-xJI7FFCTkRbErI647gNBo	Hotel Bajrang bali	hotel-bajrang-bali
hotel-banke-bihari	hotel-banke-bihari-haridwar	g-ChIJGXylYABHCTkR2KVdIOSRMq8	Hotel Banke Bihari Haridwar	hotel-banke-bihari-haridwar
hotel-basera-near-gujarati-samaj	hotel-basera-near-gujarati-samaj-haridwar	g-ChIJJXc8KIZHCTkRoaroxVj1hMw	Hotel Basera (Near Gujarati Samaj) - Haridwar	hotel-basera-near-gujarati-samaj-haridwar
hotel-belle-rose	hotel-belle-rose	g-ChIJUcLeJnpHCTkRnc7PVxwKbfc	hotel belle rose	hotel-belle-rose
hotel-bhagat-ji-atithi-grah	bhagat-ji-atithi-grah	g-ChIJHTfpjQxHCTkRqDhSw5JIjKc	Hotel Bhagat ji Atithigrah	hotel-bhagat-ji-atithigrah
hotel-bhagirathi-inn-tapovan-rishikesh-by-perfect-stayz	hotel-bhagirathi-inn-tapovan-rishikesh-by-perfect-stayz	g-ChIJtaTGpkUWCTkRPOfXZkjQxPg	Hotel Bhagirathi Inn Tapovan Rishikesh By Perfect Stayz	hotel-bhagirathi-inn-tapovan-rishikesh-by-perfect-stayz
hotel-bharat-palace-tapowan	hotel-bharat-palace-tapowan-rishikesh	g-ChIJB5tYoUUWCTkRWHJDh6HIHzw	Hotel Bharat Palace, Tapowan Rishikesh	hotel-bharat-palace-tapowan-rishikesh
hotel-bliss	hotel-bliss	g-ChIJH0I_qF1HCTkR9x0do8YPmfU	Hotel Bliss	hotel-bliss
hotel-buransh-inn-restaurant-cafe	hotel-buransh-inn-restaurant-cafe	g-ChIJTyyFhmUXCTkRMnvYRj4Lhkk	Hotel Buransh Inn | Restaurant | Cafe	hotel-buransh-inn-restaurant-cafe
hotel-celestial-ganges	hotel-celestial-ganges	g-ChIJ959f4R8XCTkRdowPE3f8_HE	Hotel Celestial Ganges	hotel-celestial-ganges
hotel-chandras-bhawan	hotel-chandra-s-bhawan	g-ChIJvw_gAwBHCTkRF1IAqmX3EY8	Hotel Chandra's Bhawan	hotel-chandras-bhawan
hotel-chandreshwar	hotel-chandreshwar	g-ChIJf7fVYBAWCTkRLTse59aZlO4	Hotel Chandreshwar	hotel-chandreshwar
hotel-chitra-heritage	chitra-heritage	chitra-heritage-near-railway-station	Chitra Heritage near Railway Station	chitra-heritage-near-railway-station
hotel-city-centre	hotel-city-centre	g-ChIJ9bFOt6pHCTkRW326dHQxyQU	Hotel City Centre	hotel-city-centre
hotel-city-park	hotel-city-park-haridwar	g-ChIJmynKvk5GCTkREHjoOdk4RKk	Hotel City Park Haridwar	hotel-city-park-haridwar
hotel-classic-heritage	classic-heritage	hotel-haridwar-67	Hotel Classic Heritage	hotel-classic-heritage
hotel-classic-in-rishikesh	hotel-classic-in-rishikesh	g-ChIJfYwo5fE9CTkRSc9Vqg9QsTU	Hotel Classic In Rishikesh	hotel-classic-in-rishikesh
hotel-comfort-inn-elsewhere-in-rishikesh	hotel-comfort-inn-rishikesh	g-ChIJ9QTQo9g_CTkR41PtbTbhlcc	Hotel Comfort Inn Rishikesh	hotel-comfort-inn-rishikesh
hotel-daksh	hotel-daksh	g-ChIJLUiI5bdHCTkRqk1S0XS0f-w	Hotel Daksh	hotel-daksh
hotel-de-glace	hotel-de-glace	g-ChIJLWyZNgBJCTkRX95d3Jv_pOw	Hotel de Glace	hotel-de-glace
hotel-delhi-heart	hotel-delhi-heart	g-ChIJyQsk4z05CTkRZuSqObJOQG0	Hotel Delhi Heart	hotel-delhi-heart
hotel-dev-nagari	hotel-dev-nagari	g-ChIJk08kpMk_CTkReNoxW5warnM	Hotel Dev Nagari	hotel-dev-nagari
hotel-dev-palace-by-wb-inn	dev-palace-by-wb	dev-palace-road-tapovan-rishikesh	Hotel Dev Palace, Badrinath Road, Tapovan	hotel-dev-palace-badrinath-road-tapovan
hotel-dev-raj	hotel-rishikesh-285	o-dev-raj	Hotel O Dev Raj	hotel-o-dev-raj
hotel-dev-raj	hotel-rishikesh-285	o-dev-raj-homestay	Hotel O Dev Raj Homestay	hotel-o-dev-raj-homestay
hotel-deva	hotel-deva	g-ChIJA8paIgBHCTkRAnX5vmflG4w	Hotel Deva	hotel-deva
hotel-dezire	hotel-dezire	g-ChIJUaU4rgFHCTkRW6HXjW9UCGg	Hotel Dezire	hotel-dezire
hotel-divya-ganga	hotel-divya-ganga	g-ChIJrZgg6wkRCTkRuy6Potr0XN4	Hotel Divya Ganga	hotel-divya-ganga
hotel-dolphin	hotel-dolphin	g-ChIJ_f___-9HCTkRrqd0ztlLJyU	Hotel Dolphin	hotel-dolphin
hotel-dream-inn-rishikesh-road-and-motichur	hotel-dream-inn	g-ChIJgSR_mr9HCTkRAnNrPhpF1WU	Hotel Dream INN	hotel-dream-inn
hotel-dream-land-and-bar	hotel-dream-land-bar	g-ChIJU5lOfRFJCTkR_hCZNt-MNsk	Hotel Dream Land & Bar	hotel-dream-land-and-bar
hotel-drip-inn-by-rk	hotel-drip-inn-by-rk	g-ChIJkTTllwEXCTkR5xhAsbg9GDg	Hotel drip inn by RK	hotel-drip-inn-by-rk
hotel-drive-inn	drive-haridwar	g-ChIJZ8mguzk5CTkRkBAfhmbfONI	Hotel Drive Inn	hotel-drive-inn
hotel-drive-inn	drive-haridwar	hotel-drive-inn	Hotel Drive Inn	hotel-drive-inn
hotel-dzire	hotel-dzire	g-ChIJhQvwPQxJCTkR2Q3HAFCmscI	HOTEL DZIRE	hotel-dzire
hotel-elgrovia	hotel-elgrovia	g-ChIJOzW_FmhHCTkRYIRN7tuJHr8	Hotel Elgrovia	hotel-elgrovia
hotel-falls-street-by-dc-hills	hotel-falls-street-by-dc-hills	g-ChIJw2DeBwAXCTkRFYcXY9Xg4cY	HOTEL FALLS STREET BY DC HILLS	hotel-falls-street-by-dc-hills
hotel-famous	famous	famous-haridwar	Hotel Famous	hotel-famous
hotel-flora	hotel-flora	g-ChIJN-44mQJJCTkR1dS8xg14LFI	Hotel Flora	hotel-flora
hotel-foothill-by-around-stays-tapovan	foothill-by-around-stays-tapovan	rising-hills-rishikesh	Hotel Foothill by Around Stays, Tapovan	hotel-foothill-by-around-stays-tapovan
hotel-friends	hotel-friends	g-ChIJXc4qdbZHCTkRjFNy5DHvE7s	Hotel Friends	hotel-friends
hotel-ganesha-inn	hotel-ganesha-inn-rishikesh	g-ChIJWwCjPkQWCTkRpAHroX_XTew	Hotel Ganesha Inn Rishikesh	hotel-ganesha-inn-rishikesh
hotel-ganga-aamantaran	hotel-ganga-aamantaran	g-ChIJKyuYKwBHCTkRjitAXAQj39o	Hotel Ganga Aamantaran	hotel-ganga-aamantaran
hotel-ganga-ashraye	hotel-ganga-ashraye	g-ChIJh39AjlhHCTkRVLhpKVH3m1I	Hotel Ganga Ashraye	hotel-ganga-ashraye
hotel-ganga-gaurav	hotel-ganga-gaurav	g-ChIJ1XsGxwFHCTkRTYpmBu2WuCQ	Hotel Ganga Gaurav	hotel-ganga-gaurav
hotel-ganga-heritage	hotel-ganga-heritage	g-ChIJB2MjY0FHCTkRJ8d3FlJVDhA	Hotel ganga heritage	hotel-ganga-heritage
hotel-ganga-nihar	hotel-ganga-nihar	g-ChIJBam6kRBHCTkRcTgeV1zb1r8	Hotel Ganga Nihar	hotel-ganga-nihar
hotel-ganga-orbit	hotel-ganga-orbit	g-ChIJoYDfEwY_CTkRcVM28grY_H8	Hotel Ganga Orbit	hotel-ganga-orbit
hotel-ganga-stone	hotel-ganga-stone	g-ChIJk7Aonl5HCTkR4z8DPJeY03U	Hotel Ganga Stone	hotel-ganga-stone
hotel-ganges-view-railway-station	hotel-ganges-view	g-ChIJp1o7_rxHCTkRiyiTlIjYlEQ	Hotel Ganges View	hotel-ganges-view
hotel-ganges-view-tapovan	ganges-view	ganges-view-rishikesh	Ganges View Hotel	ganges-view-hotel
hotel-gangotri-hotal	hotel-gangotri-hotal	g-ChIJW07hbgAXCTkRvcCKmGOZKN4	Hotel Gangotri hotal	hotel-gangotri-hotal
hotel-ganpati-plaza	hotel-ganpati-plaza	g-ChIJQdfvjRNHCTkRNZizTITZzSA	Hotel Ganpati Plaza	hotel-ganpati-plaza
hotel-gayatri	hotel-gayatri	g-ChIJ_YWcAQFHCTkRINU1nncJrOY	Hotel Gayatri	hotel-gayatri
hotel-gayatri-bliss-home-stay	hotel-gayatri-bliss-home-stay	g-ChIJF2evrH5LCTkRfO8gF573mdk	Hotel gayatri bliss home stay	hotel-gayatri-bliss-home-stay
hotel-girnar	hotel-girnar	g-ChIJsxtBo6VHCTkRFDTnhZOy-UA	Hotel Girnar	hotel-girnar
hotel-gmarks	hotel-gmarks	g-ChIJES6fGL0lCTkRABkc_Rgr-94	HOTEL GMARKS	hotel-gmarks
hotel-god-grace	hotel-god-grace	g-ChIJQ8nHilhHCTkRkdmMoMm696Q	Hotel God Grace	hotel-god-grace
hotel-gold-tapovan	gold-tapovan	dhakad-gold-tapovan	Hotel Dhakad Gold – Tapovan	hotel-dhakad-gold-tapovan
hotel-gold-tapovan	gold-tapovan	hotel-haridwar-13	Hotel Dhakad Gold, Near Lakshman Jhula, Tapovan	hotel-dhakad-gold-near-lakshman-jhula-tapovan
hotel-golden-peacock-by-haven-on-hill	hotel-golden-peacock-by-haven-on-hill	g-ChIJI6KPSjFHCTkR_iutCa6GMxE	Hotel Golden Peacock By Haven On Hill	hotel-golden-peacock-by-haven-on-hill
hotel-golden-village-sidcul	hotel-golden-village-sidcul-haridwar	g-ChIJL1NpFRNJCTkRsI9cmoLOk8w	Hotel Golden Village Sidcul Haridwar	hotel-golden-village-sidcul-haridwar
hotel-gopal	gopal	gopal-haridwar	Hotel Gopal	hotel-gopal
hotel-govind-palace-by-the-ganges-at-triveni-ghat	govind-palace-by-the-ganges-at-triveni-ghat	govind-palace-near-ganga	Hotel Govind Palace near – By the Ganges at Triveni Ghat	hotel-govind-palace-near-by-the-ganges-at-triveni-ghat
hotel-grand-lalit	hotel-grand-lalit	g-ChIJK8rXPQBFCTkRSBE6qTB1PJs	Hotel Grand Lalit	hotel-grand-lalit
hotel-grand-pacific-and-restaurant	hotel-grand-pacific-restaurant	g-ChIJ8YjsLABLCTkRvg9bDjdSFSM	HOTEL GRAND PACIFIC & RESTAURANT	hotel-grand-pacific-and-restaurant
hotel-grandstay	hotel-grandstay	g-ChIJO9lnuLlHCTkRkr-boA5XQ4M	Hotel Grandstay	hotel-grandstay
hotel-great-river-ganga	hotel-great-river-ganga	g-ChIJv079vAQRCTkR3IeOPYYb1MA	Hotel Great River Ganga	hotel-great-river-ganga
hotel-green-behind-parmarth-niketan	green-behind-parmarth-niketan	g-ChIJt_c7Oj4WCTkRtOt5cTC88IU	Green Hotel	green-hotel
hotel-grey-castle	grey-castle	hotel-haridwar-3	Hotel Grey Castle near Haridwar Railway Station by Perfect Stayz	hotel-grey-castle-near-haridwar-railway-station-by-perfect-stayz
hotel-grey-castle	grey-castle	shiv-narayana	Hotel Grey Castle – Near Haridwar Railway Station	hotel-grey-castle-near-haridwar-railway-station
hotel-happy-stay	happy-stay	hotel-happy-stay-haridwar	Hotel Happy Stay	hotel-happy-stay
hotel-hari-dhara-100-meters-from-har-ki-pauri	hari-dhara-100-meters-from-har-ki-pauri	g-ChIJQdD86mRHCTkRXccubFBl0J8	Hotel Hari Dhara	hotel-hari-dhara
hotel-hari-ganga	hotel-hari-ganga	g-ChIJ_5JhIgBHCTkRklDYMNaYi-E	HOTEL HARI GANGA	hotel-hari-ganga
hotel-hari-ganga-view	hotel-hari-ganga-view	g-ChIJaaPZPvQXCTkRMk5U-kuNOZQ	Hotel Hari Ganga View	hotel-hari-ganga-view
hotel-haridwar	hotel-haridwar	g-ChIJS3fJCABHCTkRWFNzCP1NKlM	Hotel Haridwar	hotel-haridwar
hotel-harihar	hotel-harihar	g-ChIJ9_HG59JHCTkRM6ETjDrxKuk	Hotel Harihar	hotel-harihar
hotel-hariyali-view	hotel-hariyali-view	g-ChIJ86eEXU8WCTkRMXKVmQehOZo	Hotel Hariyali View	hotel-hariyali-view
hotel-haveli-guest-house	hotel-haveli-guest-house-haridwar	g-ChIJPXseIThGCTkRqdb_yLgyfgM	Hotel Haveli Guest House Haridwar	hotel-haveli-guest-house-haridwar
hotel-haven	haven	haven-on-hill	Haven on Hill – Rishikesh Hotel	haven-on-hill-rishikesh-hotel
hotel-heaven	hotel-heaven	g-ChIJ_b0J2k0lCTkRr3tZcCoYgw8	Hotel Heaven	hotel-heaven
hotel-heavens	hotel-heavens	g-ChIJdUdWaTdGCTkR98Ts3MylKIQ	Hotel heavens	hotel-heavens
hotel-heritage	hotel-heritage	g-ChIJp6Uta0hGCTkRVvxWLwxTNM8	HOTEL HERITAGE	hotel-heritage
hotel-hitam-rishikesh-2min-walk-to-parmarth-niketan-aashram-vanprastha-aashram	hotel-rishikesh-278	g-ChIJXzD9qG8XCTkRtBCQLVCzPXA	Hotel Hitam Home	hotel-hitam-home
hotel-holy-ganga	holy-ganga-1	holy-ganga-rishikesh	Hotel Holy Ganga	hotel-holy-ganga
hotel-hrishikesh-high	hotel-hrishikesh-high	hrishikesh-high-tapovan	Hotel Hrishikesh High Tapovan	hotel-hrishikesh-high-tapovan
hotel-imperial-and-restaurant	hotel-imperial-and-restaurant	g-ChIJ4_xwfQY9CTkRjLsmOa3obVA	Hotel Imperial And Restaurant	hotel-imperial-and-restaurant
hotel-imperial-blue-delhi-road	hotel-imperial-blue	g-ChIJSfOzwRNJCTkRwS4RxE-7POg	HOTEL IMPERIAL BLUE	hotel-imperial-blue
hotel-indra-by-classic-crown	hotel-indra-by-classic-crown	g-ChIJZ7pmiEUWCTkRqixmuuXwRGg	Hotel Indra By Classic Crown	hotel-indra-by-classic-crown
hotel-jagat-palace	hotel-jagat-palace	g-ChIJnWzHjCI9CTkRAP55Pi6438A	Hotel Jagat Palace	hotel-jagat-palace
hotel-jahanvi-dale	hotel-jahanvi-dale	wow-stayz2-jahanvi-dale	Wow Stayz2 Hotel Jahanvi Dale	wow-stayz2-hotel-jahanvi-dale
hotel-jewel	jewel-1	jewel-haridwar	Hotel Jewel	hotel-jewel
hotel-jimmy	hotel-jimmy	g-ChIJf3C9PgBHCTkRiJ-G_nhchm4	Hotel Jimmy	hotel-jimmy
hotel-jp-regency	hotel-jp-regency	g-ChIJCyu3GHdHCTkR1lrf9iWb7TQ	Hotel JP Regency	hotel-jp-regency
hotel-jsr-residency	hotel-jsr-residency	g-ChIJ56ydegA_CTkRjjjRCkQs0N4	Hotel JSR Residency	hotel-jsr-residency
hotel-jsr-residency	hotel-jsr-residency	jsr-residency-by-akc-hotels	Hotel Jsr Residency by Akc Hotels	hotel-jsr-residency-by-akc-hotels
hotel-kailash-ganga	hotel-kailash-ganga	g-ChIJQxQl-qU_CTkRnmU8SONZpoo	Hotel Kailash Ganga	hotel-kailash-ganga
hotel-kanisha-stay	kanisha-stay	kanisha-stay-haridwar	Hotel Kanisha Stay	hotel-kanisha-stay
hotel-kedar-ganga	hotel-kedar-ganga	g-ChIJTX4d0ZlJCTkRzSi4eX6rVbA	Hotel Kedar Ganga	hotel-kedar-ganga
hotel-kiran	hotel-kiran	g-ChIJeyrbaLJJCTkRQ5NSeKUA6TU	Hotel Kiran	hotel-kiran
hotel-krishna-cottage	krishna-cottage-rishikesh	the-new-krishna-cottage	The New Krishna Cottage	the-new-krishna-cottage
hotel-krishna-heritage	krishna-heritage	o-krishna-heritage	Hotel O Krishna Heritage	hotel-o-krishna-heritage
hotel-krishna-priya	krishna-priya-haridwar	o-krishna-priya	Hotel O Krishna Priya	hotel-o-krishna-priya
hotel-kss-inn	hotel-kss-inn	g-ChIJCTFdnNslCTkRf1B6OlRx8vU	Hotel KSS Inn	hotel-kss-inn
hotel-la-meridian-a-luxury-hotel-and-resort	rdot	la-meridian-a-four-star-luxury-hotel-resort	Hotel La Meridian – A Four Star Luxury Hotel & Resort	hotel-la-meridian-a-four-star-luxury-hotel-and-resort
hotel-la-meridian-a-luxury-hotel-and-resort	rdot	sitara-premium-la-meridian	Hotel La Meridian, A Four Star Luxury Hotel & Resort	hotel-la-meridian-a-four-star-luxury-hotel-and-resort
hotel-laxman-jhula-inn	hotel-rishikesh-259192	hotel-rishikesh-273	Country Inn Rishikesh at Laxman Jhula	country-inn-rishikesh-at-laxman-jhula
hotel-le-central	hotel-le-central-haridwar	g-ChIJ5SgLH0lGCTkR-P1KVUboBSA	Hotel Le Central, Haridwar	hotel-le-central-haridwar
hotel-le-icon	hotel-le-icon	g-ChIJZ-tOx1c_CTkR-jVm5nxYaBw	Hotel Le : Icon :	hotel-le-icon
hotel-limelight	hotel-limelight	g-ChIJqXBM4rk7CTkRpYyijzIWu8k	HOTEL LIMELIGHT	hotel-limelight
hotel-limestarow	hotel-limestarow	g-ChIJlev34IwRCTkReZBQhH-pRhc	HOTEL LIMESTAROW	hotel-limestarow
hotel-lotus-infinity	lotus-infinity	lotus-infinity-by-stayapart	Hotel Lotus Infinity by Stayapart	hotel-lotus-infinity-by-stayapart
hotel-lucky-inn	hotel-lucky-inn	g-ChIJw4vFsh5HCTkRaUM6CX2uUnM	Hotel Lucky Inn	hotel-lucky-inn
hotel-m-sarthak	g-ChIJ2ZwU7o87CTkRybbK1HyZiQA	hotel-m-sarthak	hotel m sarthak	hotel-m-sarthak
hotel-madhav	hotel-madhav	g-ChIJMxV2nQFHCTkRaA8eUHcH7P4	Hotel Madhav	hotel-madhav
hotel-madhuban	hotel-haridwar-247663	madhuban-har-ki-pauri	Hotel Madhuban – Har Ki Pauri	hotel-madhuban-har-ki-pauri
hotel-madhusudan	madhusudan	g-ChIJhQmtgHM-CTkRoG4pKTihDg8	Hotel Madhu Sudan	hotel-madhu-sudan
hotel-madhusudan	madhusudan	hotel-madhu-sudan	Hotel Madhu Sudan	hotel-madhu-sudan
hotel-magan-and-restaurant	hotel-magan-restaurant	g-ChIJXUQs3C4_CTkRfqVCkS63wow	Hotel Magan & Restaurant	hotel-magan-and-restaurant
hotel-mahadev	mahadev-rishikesh	mahadev-1	Hotel Mahadev Tapovan	hotel-mahadev-tapovan
hotel-mahananda	hotel-mahananda	g-ChIJE6D7JwAVCTkRORAUeQmu_aM	Hotel Mahananda	hotel-mahananda
hotel-maheshwar-palace	hotel-maheshwar-palace	g-ChIJNQQgZt5HCTkR_jnFbnqjN4s	Hotel maheshwar palace	hotel-maheshwar-palace
hotel-mangal-murti	hotel-mangal-murti	g-ChIJP16RH2pGCTkRP55K6Orpmhw	Hotel Mangal Murti	hotel-mangal-murti
hotel-mansha-ganga	hotel-mansha-ganga-rishikesh	g-ChIJ_0OrC-c_CTkRJx5zwG-1YAU	Hotel Mansha Ganga Rishikesh	hotel-mansha-ganga-rishikesh
hotel-mantra-best-hill-view-hotel-in-rishikesh-couple-friendly-hotel-in-rishikesh-hotel-near-jollygrant-airport	hotel-mantra-best-hill-view-hotel-in-rishikesh-couple-friendly-hotel-i	g-ChIJ9QmQjPc9CTkRP3PpbFbFkiQ	Hotel Mantra - Best hill view hotel in Rishikesh, couple friendly hotel in Rishikesh, hotel near Jollygrant Airport	hotel-mantra-best-hill-view-hotel-in-rishikesh-couple-friendly-hotel-in-rishikesh-hotel-near-jollygrant-airport
hotel-marwari-niwas	marwari-niwas	marwari-niwas-haridwar	Hotel Marwari Niwas	hotel-marwari-niwas
hotel-maya-inn	hotel-maya-inn	g-ChIJeTNlReRHCTkRZoEMUD-wW4w	HOTEL MAYA INN	hotel-maya-inn
hotel-mayur	hotel-mayur	g-ChIJJQgDkP1GCTkRBnidF36kRgM	Hotel Mayur	hotel-mayur
hotel-mj-ghai-residency	hotel-mj-ghai-residency	g-ChIJsar5SyclCTkRLs1Tbi7krNg	Hotel MJ Ghai Residency	hotel-mj-ghai-residency
hotel-modi-inn	hotel-modi-inn	g-ChIJI9jzAQBHCTkRSAfFAPIXpT0	Hotel modi inn	hotel-modi-inn
hotel-monal	hotel-monal	g-ChIJ1Ri_v80RCTkRlzdSnsJWIPc	Hotel Monal	hotel-monal
hotel-mother-land-near-prem-aashram-ganga-ghat	mother-land-near-ganga-ghat	g-ChIJXT7q00dGCTkRBf0UHv6YtFI	Hotel Mother Land	hotel-mother-land
hotel-nakshatra-inn	hotel-nakshatra-inn	g-ChIJWQcAAPBHCTkRAAAAsFi6xWU	Hotel Nakshatra Inn	hotel-nakshatra-inn
hotel-nanda	hotel-nanda	g-ChIJEZCphmk_CTkR7tUkFntQIAo	Hotel Nanda	hotel-nanda
hotel-natraj-a-boutique-hotel	hotel-natraj-a-boutique-hotel	g-ChIJb95rautHCTkRnnG2X5er6qc	Hotel Natraj A Boutique Hotel	hotel-natraj-a-boutique-hotel
hotel-natures-nook	hotel-nature-s-nook	g-ChIJa-wMbjURCTkRXsWZwz5lA4Y	Hotel Nature's Nook	hotel-natures-nook
hotel-neekanth-and-restaurant	hotel-neekanth-and-restaurant	g-ChIJ2bGQGyFECTkRtKjNQY4Kgt0	HOTEL NEEKANTH AND RESTAURANT	hotel-neekanth-and-restaurant
hotel-neel	hotel-neel	g-ChIJ9QJdaHE-CTkRwKAv5ugeuFE	Hotel Neel	hotel-neel
hotel-neer-ambience-by-apz	hotel-neer-ambience-by-apz	g-ChIJgSs50BwXCTkRuq0K14_hqBM	Hotel Neer Ambience by APz	hotel-neer-ambience-by-apz
hotel-neera-home-stay	hotel-neera-home-stay	g-ChIJ2QsFDwBLCTkRNq99w3WfTWY	Hotel NEERA HOME STAY	hotel-neera-home-stay
hotel-neu-nest	neu-nest-rishikesh	o-neu-nest	Fabhotel Neu – Nest	fabhotel-neu-nest
hotel-new-pratap	hotel-haridwar-141	new-pratap	Hotel New Pratap	hotel-new-pratap
hotel-nihal-inn	hotel-nihal-inn	g-ChIJkddSYxNHCTkRqpSf6z_OgzY	Hotel Nihal Inn	hotel-nihal-inn
hotel-nirvana-bliss-behind-parmarth-niketan	nirvana-bliss-behind-parmarth-niketan	g-ChIJjzoPDQwXCTkRU0L_AJQBpuQ	Hotel Nirvana Bliss	hotel-nirvana-bliss
hotel-nitya-shree-dham	hotel-nitya-shree-dham	g-ChIJC0ywDQBFCTkR3jP0mP0jiCc	Hotel Nitya Shree Dham	hotel-nitya-shree-dham
hotel-nivasa-inn	hotel-nivasa-inn	g-ChIJJ06WAh4_CTkRWcK8-Fsc354	HOTEL NIVASA INN	hotel-nivasa-inn
hotel-o-balaknath-temple-road-tapovan	o-balaknath-temple-road-tapovan	collection-o-balaknath-temple-road-tapovan	Collection O Balaknath Temple Road Tapovan	collection-o-balaknath-temple-road-tapovan
hotel-o-haridwar-formerly-shanti-kunj	hotel-o-haridwar-formerly-shanti-kunj	g-ChIJV_Q4cWpHCTkRTmv9II3OLm0	Hotel O Haridwar Formerly Shanti Kunj	hotel-o-haridwar-formerly-shanti-kunj
hotel-o-la-plazo	hotel-o-la-plazo	g-ChIJHRlQNF9HCTkRnNjYXNO2yHM	HOTEL O LA PLAZO	hotel-o-la-plazo
hotel-o-panchayanpur-haridwar-adinath-guest-house	hotel-o-panchayanpur-haridwar-adinath-guest-house	g-ChIJrThL4DJLCTkR4YBaNuA2P84	Hotel O Panchayanpur Haridwar Adinath Guest House	hotel-o-panchayanpur-haridwar-adinath-guest-house
hotel-om-blessed-inn	hotel-om-blessed-inn	g-ChIJMV75edo9CTkRhDLFMIKdHxw	Hotel Om Blessed INN	hotel-om-blessed-inn
hotel-om-deluxe	hotel-om-deluxe-haridwar	g-ChIJx9nCxgRHCTkRagRDgsL0dxo	Hotel Om Deluxe Haridwar	hotel-om-deluxe-haridwar
hotel-om-namami	hotel-om-namami	g-ChIJB0KNTwA_CTkRR-z2pEk5zlk	Hotel Om Namami	hotel-om-namami
hotel-om-palace	hotel-om-palace	g-ChIJGSooDN4_CTkRN1MjwB42aZE	Hotel Om Palace	hotel-om-palace
hotel-once-again	hotel-once-again	g-ChIJoTs2qewXCTkRFLY_fFBH4lU	Hotel Once Again	hotel-once-again
hotel-padmini-palace-best-hotel-near-jolly-grant-international-airport	hotel-padmini-palace-best-hotel-near-jolly-grant-international-airport	g-ChIJ5WNDmM8kCTkRcFzEgzrZBHM	Hotel Padmini Palace - Best Hotel Near Jolly Grant International Airport	hotel-padmini-palace-best-hotel-near-jolly-grant-international-airport
hotel-pali	hotel-pali	g-ChIJxZRpa9ZHCTkRI2SpVkZRIA4	Hotel pali	hotel-pali
hotel-pandit-ji	hotel-pandit-ji	g-ChIJD2lh5jBHCTkRmEWcvE8I6IE	Hotel pandit ji	hotel-pandit-ji
hotel-paradise-palm	paradise-palm	house-paradise-palm	Paradise Palm Guest House	paradise-palm-guest-house
hotel-paradise-palm	paradise-palm	paradise-palm-rishikesh	Paradise Palm Hotel	paradise-palm-hotel
hotel-parakh-elsewhere-in-haridwar	hotel-parakh-haridwar	g-ChIJg2CFrVNHCTkRwO7p1vs90KM	Hotel Parakh Haridwar	hotel-parakh-haridwar
hotel-parakh-railway-station	hotel-parakh	g-ChIJJQgDkP1GCTkRhdXim_uPbvk	Hotel Parakh	hotel-parakh
hotel-paras-plaza	paras-plaza	g-ChIJZbjWMiwXCTkRrjWQdqwWWE0	Hotel Paras Plaza	hotel-paras-plaza
hotel-paras-plaza	paras-plaza	paras-plaza-1	Hotel Paras Plaza	hotel-paras-plaza
hotel-park-prime-by-anagh	hotel-park-prime-by-anagh	g-ChIJ_____-9HCTkRMKHrfvapDpg	Hotel Park Prime By ANAGH	hotel-park-prime-by-anagh
hotel-park-view	hotel-park-view	g-ChIJz4aXeaU4CTkRthyPsSQQRns	Hotel Park View	hotel-park-view
hotel-parth	hotel-parth	g-ChIJ56KzvlZGCTkRV59lvPAYBIg	Hotel Parth	hotel-parth
hotel-pavani-inn	hotel-pavani-inn-haridwar	g-ChIJWaMJKYJHCTkRdfWVu-BgW78	Hotel Pavani Inn Haridwar	hotel-pavani-inn-haridwar
hotel-pine-n-peak	hotel-pine-n-peak	g-ChIJ_7fseuQvCTkR3AdY112rbcc	Hotel Pine N Peak	hotel-pine-n-peak
hotel-pushp-kunj	hotel-pushp-kunj	g-ChIJl7xTw2I_CTkRro33RsCpbJg	Hotel Pushp Kunj	hotel-pushp-kunj
hotel-raghu-palace	hotel-raghu-palace	g-ChIJZxTrRQBHCTkRJj53hlV-QaM	Hotel Raghu Palace	hotel-raghu-palace
hotel-rah-inn	hotel-rah-inn	g-ChIJnczksXA9CTkRhMy23wM4xOE	Hotel Rah Inn	hotel-rah-inn
hotel-rahi-motel-gmvn	hotel-rahi-motel-gmvn	g-ChIJxbVQwVRGCTkRnnZelS2ebPc	Hotel Rahi (Motel, GMVN)	hotel-rahi-motel-gmvn
hotel-raj-family-stayz	raj-family-stayz	rooms-for-family-by-raj	Family Stays – Hotel Raj	family-stays-hotel-raj
hotel-raj-gyan-niwas	hotel-raj-gyan-niwas	g-ChIJIalVeABHCTkRUmVby-yZmtc	Hotel Raj Gyan Niwas	hotel-raj-gyan-niwas
hotel-raj-near-railway-station	raj-near-railway-station-haridwar	family-raj-near-railway-station	Family Hotel – Raj near Railway Station	family-hotel-raj-near-railway-station
hotel-rajat-residency	hotel-rajat-residency	g-ChIJz-oDwgNHCTkRTs7r_NfQ1qQ	Hotel Rajat Residency	hotel-rajat-residency
hotel-rama-near-ganga-ghat	rama-near-ganga-ghat-haridwar	naina-a-luxurious-hotel	Hotel Ramawati, A Luxury Hotel & Resort	hotel-ramawati-a-luxury-hotel-and-resort
hotel-rama-near-ganga-ghat	rama-near-ganga-ghat-haridwar	ramawati-top-rated-most-awarded-hotel-in-haridwar	Hotel Ramawati, Top Rated & Most Awarded Hotel in Haridwar	hotel-ramawati-top-rated-and-most-awarded-hotel-in-haridwar
hotel-rama-near-ganga-ghat	rama-near-ganga-ghat-haridwar	resort-sitara-premium-ndbl-a-four-star-luxury-hotel-near	Hotel Ramawati Classic near Ganga Ghat	hotel-ramawati-classic-near-ganga-ghat
hotel-rama-near-ganga-ghat	rama-near-ganga-ghat-haridwar	sitara-premium-the-ramawati	Sitara Premium the Ramawati, Walking Distance from Ganga Ghat	sitara-premium-the-ramawati-walking-distance-from-ganga-ghat
hotel-rama-top-rated-and-most-awarded-property-in-haridwar	rama-top-rated-and-most-awarded-property-in	the-rama-luxury-ac-rooms-prime-location-parking	Hotel the Rama Haridwar #Luxury AC Rooms #Prime Location #Parking #Top Rated #Most Awarded #Property Of the Year	hotel-the-rama-haridwar-luxury-ac-rooms-prime-location-parking-top-rated-most-awarded-property-of-the-year
hotel-ramawati	ramawati	ramawati-near-ganga-ghat	Hotel Ramawati near Ganga Ghat	hotel-ramawati-near-ganga-ghat
hotel-ramawati-by-sitara-group	hotel-ramawati-by-sitara-group	g-ChIJCSnx1zRHCTkRaU0PL8B-ZbE	Hotel Ramawati by Sitara Group	hotel-ramawati-by-sitara-group
hotel-ramawati-by-sitara-group	hotel-ramawati-by-sitara-group	rama-best-selling-property-in	Hotel Rama – Best Selling Property in Haridwar	hotel-rama-best-selling-property-in-haridwar
hotel-ramaya-inn	hotel-ramaya-inn-haridwar	g-ChIJv8jPLVdHCTkRlXOJNifhp84	Hotel Ramaya Inn, Haridwar	hotel-ramaya-inn-haridwar
hotel-ramayan-inn	hotel-ramayan-inn	g-ChIJ9YXWDhUWCTkRi2CfrnspH5o	Hotel Ramayan Inn	hotel-ramayan-inn
hotel-regency	hotel-regency	g-ChIJ8y4UawFHCTkRX4PWaL99RdQ	HOTEL REGENCY	hotel-regency
hotel-relax-inn	hotel-relax-inn	g-ChIJQbH1fD1HCTkRNsIwRTVnvds	HOTEL RELAX INN	hotel-relax-inn
hotel-rest-inn	hotel-rest-inn	g-ChIJwVbCKDhGCTkRIyJoDNCh6E8	Hotel Rest Inn	hotel-rest-inn
hotel-rio	resort-r	the-reo-lodge	The Reo Lodge	the-reo-lodge
hotel-rio	resort-r	the-rio	Hotel the Rio	hotel-the-rio
hotel-rio	resort-r	the-rio-lodge	The Rio Lodge	the-rio-lodge
hotel-rishabh	hotel-rishabh	g-ChIJ01Bf4VwWCTkR2GZn2p_NPN0	Hotel Rishabh	hotel-rishabh
hotel-rishi-bhoomi-tapovan	hotel-rishi-bhoomi-tapovan-rishikesh	g-ChIJ8fZTFAAXCTkRKNxyukNTl00	Hotel Rishi Bhoomi Tapovan Rishikesh	hotel-rishi-bhoomi-tapovan-rishikesh
hotel-rk-inn	hotel-rk-inn	g-ChIJ0X0lVQ1JCTkRcDZg8JPZ7As	Hotel RK INN	hotel-rk-inn
hotel-royal-galaxy	royal-galaxy-249411	royal-galaxy-haridwar	Royal Galaxy Hotel	royal-galaxy-hotel
hotel-royal-inn	hotel-royal-inn	g-ChIJy79DEgBHCTkR7oY4ldwh6ss	Hotel Royal Inn	hotel-royal-inn
hotel-royal-plaza	hotel-royal-plaza	g-ChIJD0QldwA_CTkRTyUIjUQdtKI	Hotel Royal Plaza	hotel-royal-plaza
hotel-rudra	rudra-1	rudra-2	Hotel Rudra	hotel-rudra
hotel-rudra	rudra-1	rudra-haridwar	Rudra Hotel	rudra-hotel
hotel-rudraksh-inn	hotel-rudraksh-inn	g-ChIJ_172LwBHCTkRfPGJ0_uupUg	Hotel Rudraksh inn	hotel-rudraksh-inn
hotel-s-r-p	hotel-s-r-p-rishikesh	g-ChIJk4gPiF8_CTkRVq0LZx76P6Y	Hotel S R P Rishikesh	hotel-s-r-p-rishikesh
hotel-sachin-inn	hotel-sachin-inn	g-ChIJfQmdiskXCTkRj5o_86TuLls	Hotel sachin inn	hotel-sachin-inn
hotel-sachin-international	hotel-sachin-international	g-ChIJA219zqpHCTkRiqNJ3AQyrv0	Hotel Sachin International	hotel-sachin-international
hotel-sahni	hotel-sahni	g-ChIJ7dDBu7BHCTkRgWMqvn_ZcEc	Hotel Sahni	hotel-sahni
hotel-samrat-railway-station	hotel-samrat	g-ChIJ5UztbgBHCTkRMCajqVrZ6wM	Hotel Samrat	hotel-samrat
hotel-samrat-tapovan	hotel-samrat-hv4ga	g-ChIJXa9p2zsXCTkRl7ETeXHv4GA	Hotel Samrat	hotel-samrat
hotel-sangam-heritage	hotel-sangam-heritage	g-ChIJCWJFp0BGCTkRc5R_Ag7FzvM	Hotel Sangam Heritage	hotel-sangam-heritage
hotel-santosh-regency	hotel-santosh-regency	g-ChIJaW8tBRtHCTkR4CbgYKceVd0	Hotel Santosh Regency	hotel-santosh-regency
hotel-sanuj	hotel-sanuj	g-ChIJeecPh0cTCTkRMwjwK5j7ecM	hotel sanuj	hotel-sanuj
hotel-sanyal-inn	hotel-sanyal-inn	g-ChIJJ8ad2XlHCTkRvIN6UJrj_z8	Hotel Sanyal Inn	hotel-sanyal-inn
hotel-sarovar-hill-5-min-from-har-ki-pauri	sarovar-hill	g-ChIJ8cEhAZM5CTkRkRrAHWFtjt0	Hotel Sarovar Hill	hotel-sarovar-hill
hotel-satkar	hotel-satkar	g-ChIJ-xzcM5xICTkR6eD410npbgE	Hotel Satkar	hotel-satkar
hotel-saukaris-and-restaurant	hotel-saukari-s-restaurant	g-ChIJC2LY-8Y_CTkRhu-fBewalNI	Hotel Saukari's & Restaurant	hotel-saukaris-and-restaurant
hotel-savera	hotel-savera-haridwar	g-ChIJ6XpeUU9HCTkRReQaRzAaJQA	Hotel Savera Haridwar	hotel-savera-haridwar
hotel-savitrilok	hotel-savitrilok	g-ChIJnU0coihHCTkR7qQKcvlRCWQ	Hotel Savitrilok	hotel-savitrilok
hotel-shakumbari	hotel-shakumbari	g-ChIJW0XSDQBHCTkRlvBJP4Bae3w	Hotel Shakumbari	hotel-shakumbari
hotel-sharang	hotel-sharang	g-ChIJd0sr5D5HCTkR7Lflvum14ns	Hotel Sharang	hotel-sharang
hotel-shaurya-elsewhere-in-rishikesh	hotel-shaurya-rishikesh	g-ChIJX5gPHws-CTkR7WCW4HNTe6s	Hotel Shaurya Rishikesh	hotel-shaurya-rishikesh
hotel-shaurya-ranipur-and-bhel	shaurya-haridwar	shaurya-249407	Hotel Shaurya by Sharma 0Nline Solution	hotel-shaurya-by-sharma-0nline-solution
hotel-shiv-ganga-rishikesh-road-and-motichur	hotel-shiv-ganga	g-ChIJxXERUQBHCTkRG31fH42EU40	Hotel shiv Ganga	hotel-shiv-ganga
hotel-shiv-ganga-tapovan	shiv-ganga	g-ChIJlWzP3mUXCTkRrtwunwwO6X8	Shiv Ganga Hotel	shiv-ganga-hotel
hotel-shiv-palace-yoga-world-retreat	hotel-shiv-palace-yoga-world-retreat	g-ChIJBSYWqJ0XCTkRkrywW6x2SD8	Hotel shiv palace yoga world Retreat	hotel-shiv-palace-yoga-world-retreat
hotel-shiv-palace-yoga-world-retreat	hotel-shiv-palace-yoga-world-retreat	shiv-palace-yoga-world-retreat	Hotel Shiv Palace Yoga World Retreat	hotel-shiv-palace-yoga-world-retreat
hotel-shiv-sai	hotel-shiv-sai	g-ChIJOUjFd0NHCTkRbr80ajuvyY0	Hotel Shiv Sai	hotel-shiv-sai
hotel-shiv-sarovar	shiv-sarovar-1	shiv-sarovar-haridwar	Hotel Shiv Sarovar	hotel-shiv-sarovar
hotel-shiva-palace	hotel-haridwar-139	a-budget-sheeva-palace-near-tulshi-chowk	A Budget Hotel Shiva Palace near Ganesh Ghat, Amrapur Ghat	a-budget-hotel-shiva-palace-near-ganesh-ghat-amrapur-ghat
hotel-shiva-palace	hotel-haridwar-139	family-shiva-palace-hotel	Family Hotel – Shiva Palace Hotel	family-hotel-shiva-palace-hotel
hotel-shiva-palace	hotel-haridwar-139	shiva-nearby-bus-and-railway-station	Hotel Shiva Palace Haridwar – Nearby Bus and Railway Station	hotel-shiva-palace-haridwar-nearby-bus-and-railway-station
hotel-shiva-palace	hotel-haridwar-139	shiva-palace-at-mayapur-road	Hotel Shiva Palace near Railway Station and Bus Stand	hotel-shiva-palace-near-railway-station-and-bus-stand
hotel-shiva-palace	hotel-haridwar-139	shiva-palace-best-stay-hotel	Hotel Shiva Palace – Best Stay Hotel	hotel-shiva-palace-best-stay-hotel
hotel-shivalik	hotel-shivalik	g-ChIJkxJ0MABJCTkRdx7HO0QMyxg	Hotel shivalik	hotel-shivalik
hotel-shivalik-inn	hotel-shivalik-inn	g-ChIJWSwuYrQXCTkRNvj63Sj1TQs	Hotel Shivalik Inn	hotel-shivalik-inn
hotel-shivay-inn	hotel-shivay-inn	g-ChIJJcMCTwBHCTkROK9HtsyRFhs	HOTEL SHIVAY INN	hotel-shivay-inn
hotel-shivganga-retreat	hotel-shivganga-retreat	g-ChIJ-XoRp84_CTkRIEKZdShbTts	Hotel Shivganga Retreat	hotel-shivganga-retreat
hotel-shree-darshan	hotel-shree-darshan	g-ChIJW0khBQBHCTkR7OlyE-fvMco	Hotel Shree darshan	hotel-shree-darshan
hotel-shree-kanth-by-sjj	hotel-shree-kanth-by-sjj	g-ChIJhaODYfYXCTkRS26M4tkcfJk	HOTEL SHREE KANTH BY SJJ	hotel-shree-kanth-by-sjj
hotel-shree-radhe-radhe	hotel-shree-radhe-radhe	g-ChIJ6-0puwIVCTkRfJU9SgRlk0o	Hotel Shree Radhe Radhe	hotel-shree-radhe-radhe
hotel-shree-vilas	shree-vilas-haridwar	fabhotel-shree-vilas	Fabhotel Shree Vilas	fabhotel-shree-vilas
hotel-shreya-galaxy-bhupatwala	hotel-shreya-galaxy	shreya-galaxy-with-swimming-pool-best-property-in	Hotel Shreya Galaxy with Swimming Pool – Best Property in Haridwar	hotel-shreya-galaxy-with-swimming-pool-best-property-in-haridwar
hotel-shri-hari	hotel-shri-hari	g-ChIJR5dUDK9HCTkRHBLc0x_ViVI	Hotel Shri Hari	hotel-shri-hari
hotel-shubhra-hieghts	hotel-shubhra-hieghts	g-ChIJ53gZdwAXCTkRTFgfvjmk-ec	Hotel Shubhra Hieghts	hotel-shubhra-hieghts
hotel-shyam	hotel-shyam	g-ChIJuU50OxtHCTkRFL3mRTYfWdU	Hotel Shyam	hotel-shyam
hotel-signature-inn	hotel-signature-inn	g-ChIJhWrn2kxHCTkRc6tGDm-iAAI	Hotel Signature Inn	hotel-signature-inn
hotel-siyaram	hotel-siyaram	g-ChIJ_zUJet5HCTkRPk80vLzCF7I	hotel siyaram	hotel-siyaram
hotel-sk-grand-comfy-nature-stay	g-ChIJ4y_KYSw7CTkRijIIrXTH29I	hotel-sk-grand-comfy-nature-stay	hotel sk grand comfy nature stay	hotel-sk-grand-comfy-nature-stay
hotel-sky-heights	hotel-sky-heights	g-ChIJuViz8BNHCTkRdELrCoFVqrI	Hotel Sky Heights	hotel-sky-heights
hotel-sound-sleep	hotel-sound-sleep	g-ChIJmdYlNUBHCTkRfpdYXRzJ9kU	Hotel Sound Sleep	hotel-sound-sleep
hotel-sparsh-ganga	hotel-sparsh-ganga	g-ChIJDcdsGZA9CTkRFzjD5JxPrnM	Hotel Sparsh Ganga	hotel-sparsh-ganga
hotel-stay-inn-by-riversun-hotels	hotel-stay-inn-by-riversun-hotels	g-ChIJUTorflwWCTkRLGiqE933DiQ	Hotel Stay Inn by Riversun Hotels	hotel-stay-inn-by-riversun-hotels
hotel-sun-view-elsewhere-in-rishikesh	hotel-sun-view	hotel-sun-view-6wulk	Hotel sun view	hotel-sun-view
hotel-sun-view-kharkhari	hotel-sun-view-yt71y	g-ChIJkdn-bwxHCTkR8DSFeIyT71Y	Hotel sun view	hotel-sun-view
hotel-sunrise	hotel-sunrise	g-ChIJX1Fi7YIXCTkRQO4if1AGryY	Hotel Sunrise	hotel-sunrise
hotel-sunrise-inn	hotel-sunrise-inn	g-ChIJMdH604AXCTkRzzso68jxwOo	Hotel sunrise inn	hotel-sunrise-inn
hotel-sunshine-elsewhere-in-rishikesh	hotel-sunshine	g-ChIJnQbATbQjCTkRoVWn9aCAdfE	Hotel sunshine	hotel-sunshine
hotel-suraj-ranipur-and-bhel	hotel-suraj	g-ChIJhefpI5xHCTkR04Kl23FFO40	Hotel Suraj	hotel-suraj
hotel-suresha	hotel-suresha	g-ChIJf7_eqXFHCTkRn_K7dPi6zOU	HOTEL SURESHA	hotel-suresha
hotel-surprise-restaurant	hotel-surprise-restaurant	g-ChIJ67PwNQQ7CTkRTRv4npAIY80	Hotel Surprise Restaurant	hotel-surprise-restaurant
hotel-surya	hotel-surya	g-ChIJrx-lbfg9CTkR4rRmoEYuvcE	Hotel Surya	hotel-surya
hotel-surya-inn	hotel-surya-inn	g-ChIJoUsgTew7CTkRPy9R8eVYkis	Hotel Surya Inn	hotel-surya-inn
hotel-suryahomestay-patanjali-yogpeeth	hotel-suryahomestay-patanjali-yogpeeth	g-ChIJDbPKsO1LCTkRSuGJ8ttfL9g	Hotel suryahomestay patanjali Yogpeeth	hotel-suryahomestay-patanjali-yogpeeth
hotel-suryodaya	hotel-suryodaya	g-ChIJJQgDkP1GCTkRTIHKvC0KEks	Hotel Suryodaya	hotel-suryodaya
hotel-swagat-inn	swagat	swagat-haridwar	Hotel Swagat Inn	hotel-swagat-inn
hotel-swastik	hotel-swastik	g-ChIJdyrytwFHCTkRELG6WjWXX9A	Hotel Swastik	hotel-swastik
hotel-tapasya-jollygrant-airport-dehradun	hotel-tapasya-jollygrant-airport-dehradun	g-ChIJP0exJfYlCTkRnBAAHaUM4GY	Hotel Tapasya Jollygrant Airport Dehradun	hotel-tapasya-jollygrant-airport-dehradun
hotel-tapovanam	tapovanam	g-ChIJ____v0UWCTkR8yUXIdPD910	Hotel NV Tapovan, Rishikesh	hotel-nv-tapovan-rishikesh
hotel-tapovanam	tapovanam	itsy-hotels-nv-tapovan	Itsy Hotels Nv, Tapovan	itsy-hotels-nv-tapovan
hotel-tara-ji-bliss	the-gold-regency	g-ChIJ2bsStktHCTkRvdjbmjSJovg	Hotel Tara Ji Bliss	hotel-tara-ji-bliss
hotel-teertham	hotel-teertham	g-ChIJX-PBukI5CTkR5uz2bElt12k	hotel teertham	hotel-teertham
hotel-the-everlite	hotel-the-everlite	g-ChIJ7yObEQBHCTkRjBhLq5ynlx0	Hotel The Everlite	hotel-the-everlite
hotel-the-ganga-galaxy	hotel-the-ganga-galaxy	g-ChIJ6aA7RCEXCTkRvjCjE2g6ivU	Hotel The Ganga Galaxy	hotel-the-ganga-galaxy
hotel-the-grace-a-luxury-accommodation	hotel-the-grace-a-luxury-accommodation	g-ChIJw_JQ318_CTkR_knstJBPDFQ	Hotel The Grace (A Luxury Accommodation)	hotel-the-grace-a-luxury-accommodation
hotel-the-grand-heritage-inn	hotel-the-grand-heritage-inn	g-ChIJ23YAyxcjCTkRzCMVEYlwNGI	Hotel The Grand Heritage Inn	hotel-the-grand-heritage-inn
hotel-the-nilaya	hotel-the-nilaya	g-ChIJNQtvDwBHCTkRpdv_n-ePPqo	Hotel The Nilaya	hotel-the-nilaya
hotel-the-pipal-inn	hotel-the-pipal-inn	g-ChIJp0Th19AXCTkRB5sSoI17pEw	Hotel The Pipal Inn	hotel-the-pipal-inn
hotel-the-president	hotel-the-president-rishikesh	g-ChIJMdZg-0kXCTkRGnbjbDifu-c	Hotel The President Rishikesh	hotel-the-president-rishikesh
hotel-the-shivraat	hotel-the-shivraat	g-ChIJM8lxfhQXCTkRfYd9Qh_T3xI	HOTEL THE SHIVRAAT	hotel-the-shivraat
hotel-the-white-castle	hotel-the-white-castle	g-ChIJ974Uy8dHCTkRkSPvgOk6bcQ	Hotel the white castle	hotel-the-white-castle
hotel-tip-top	hotel-tip-top	g-ChIJ95irCgAXCTkRzZG2KobVDYc	Hotel Tip Top	hotel-tip-top
hotel-trance-ganga	hotel-trance-ganga	g-ChIJ53Li3zcRCTkRMrrlpaDyTto	Hotel Trance Ganga	hotel-trance-ganga
hotel-tripal-tree	hotel-tripal-tree	g-ChIJ1zXLh10XCTkR58qohNU-P2A	Hotel tripal tree	hotel-tripal-tree
hotel-tulsi-inn	hotel-tulsi-inn	g-ChIJ2a-8agBHCTkRFVic6DSL4MA	Hotel Tulsi Inn	hotel-tulsi-inn
hotel-uppal-plaza	hotel-uppal-plaza	g-ChIJBSYRuP09CTkRQoR_mQN8uKs	Hotel Uppal Plaza	hotel-uppal-plaza
hotel-urban-hive	hotel-urban-hive	g-ChIJuS4bEH1HCTkRCSdReRMPR4s	Hotel Urban Hive	hotel-urban-hive
hotel-vaishali	hotel-vaishali	g-ChIJ1RKqQaU_CTkRiKdCVdlt7cI	Hotel Vaishali	hotel-vaishali
hotel-vasdaa-grand	g-ChIJ81w7PQklCTkRFN5vv7NgTg4	hotel-vasdaa-grand	hotel vasdaa grand	hotel-vasdaa-grand
hotel-vasundhara	vasundhara	vasundhara-1	Hotel Vasundhara	hotel-vasundhara
hotel-veda-inn-by-blue-lotus	hotel-veda-inn-by-blue-lotus	g-ChIJj7w7CBUWCTkRXNm-UdOoYQ0	Hotel Veda Inn By Blue Lotus	hotel-veda-inn-by-blue-lotus
hotel-vedansh	hotel-vedansh	g-ChIJdXpoDoFHCTkRGGqNXOuNZ60	Hotel Vedansh	hotel-vedansh
hotel-vedant-and-restaurant	hotel-vedant-and-restaurant	g-ChIJh-4yCQA9CTkRQgf4M--DdWI	Hotel vedant and restaurant	hotel-vedant-and-restaurant
hotel-vintage	hotel-vintage	g-ChIJka5qKmI_CTkRfeEX6_bTJq0	Hotel Vintage	hotel-vintage
hotel-vistara-grand	hotel-vistara-grand	g-ChIJ5z1EisRJCTkR5OcAdujjjrk	Hotel Vistara Grand	hotel-vistara-grand
hotel-winola-inn	hotel-winola-inn	g-ChIJk9bOxy1HCTkRY5RhBJoP9js	Hotel Winola Inn	hotel-winola-inn
hotel-wraveler-inn	wraveler-by-wraveler-hostels-inn	by-wraveler-hotels	Hotel Rishikesh Inn by Wraveler Hotels	hotel-rishikesh-inn-by-wraveler-hotels
hotel-wraveler-inn	wraveler-by-wraveler-hostels-inn	by-wraveler-hotels-rishikesh	Rishikesh Inn by Wraveler Hotels	rishikesh-inn-by-wraveler-hotels
hotel-yeswell	hotel-yeswell	g-ChIJfxIUsSQlCTkR4pbsuwsIHUQ	Hotel YesWell	hotel-yeswell
hotel-yog-tapovan	star-hills-car-parking-lift	g-ChIJi-B8z5wXCTkRcuS2afy4Wmk	Hotel Yog Tapovan	hotel-yog-tapovan
hotel-yuvraj	hotel-yuvraj-rishikesh	g-ChIJj19HQFwWCTkRWMs34UTGTyI	Hotel Yuvraj Rishikesh	hotel-yuvraj-rishikesh
hotel-yuvraj	hotel-yuvraj-rishikesh	spot-on-43453-yuvraj	Spot on 43453 Hotel Yuvraj	spot-on-43453-hotel-yuvraj
hotels-the-room-by-hotel-anand-near-to-railway-station	hotels-the-room-by-hotel-anand-near-to-railway-station	g-ChIJ5xViGDxJCTkRQLjTlbazQ84	Hotels The Room By Hotel Anand (near to railway station)	hotels-the-room-by-hotel-anand-near-to-railway-station
house-of-tapovan-4	house-of-tapovan	g-ChIJr78zk1IXCTkRii6WP1NCZj8	House of Tapovan	house-of-tapovan
hoztel-jollygrrant-doon-near-dehradun-airport	hoztel-jollygrrant-doon-near-dehradun-airport	g-ChIJ91b8_1QlCTkR5riI6H-nBIo	Hoztel Jollygrrant Doon (Near Dehradun Airport)	hoztel-jollygrrant-doon-near-dehradun-airport
hr-26-resort-rishikesh	hr-26-resort-rishikesh	g-ChIJsXI9h-8XCTkRF37Ygfz_DvU	HR 26 Hotels & Resort	hr-26-hotels-and-resort
hr-26-resort-rishikesh	hr-26-resort-rishikesh	g-ChIJxbGMsocVCTkRympmbAtFq1M	HR 26 RESORT (RISHIKESH)	hr-26-resort-rishikesh
hr-26-resort-rishikesh	hr-26-resort-rishikesh	hr-26-hotels-resort	HR 26 Hotels & Resort	hr-26-hotels-and-resort
hsk-and-ask	hsk-ask	g-ChIJ99M8fAAXCTkREnQzKfXnIO0	Hsk&Ask	hsk-and-ask
hub-of-joys-hoj	hub-of-joys-hoj	g-ChIJo_NYl-4XCTkRwZj-6nmy7xc	Hub of Joys ( HOJ )	hub-of-joys-hoj
hyphen-grand-haridwar-hotel	hyphen-grand	hyphen-grand-haridwar	Hyphen Haridwar Grand Hotel	hyphen-haridwar-grand-hotel
ikigai-home	ikigai-home	g-ChIJMZVyz3s_CTkRxgKN4NtE9O8	Ikigai home	ikigai-home
ima-ganga-hotel	ima-ganga-hotel	g-ChIJZe0qTGYXCTkRKH5i--XiuWw	Ima Ganga Hotel	ima-ganga-hotel
ima-ganga-hotel-aesthetic-quite-mountain-view-rooms-in-upper-tapovan-with-netflix-free-airport-pickup-for-7-or-more-nights-booking	ima-ganga-aesthetic-quite-mountain-view-rooms-249137	ima-ganga-aesthetic-quite-mountain-view-rooms	Ima Ganga Hotel – Aesthetic, Quite Mountain View Rooms with Netflix, Free Airport Pickup for Booking More Than 7 Nights, Elevator, Backup, Room Heater in Upper Tapovan	ima-ganga-hotel-aesthetic-quite-mountain-view-rooms-with-netflix-free-airport-pickup-for-booking-more-than-7-nights-elevator-backup-room-heater-in-upper-tapovan
ima-ganga-hotel-aesthetic-quite-mountain-view-rooms-in-upper-tapovan-with-netflix-free-airport-pickup-for-7-or-more-nights-booking	ima-ganga-aesthetic-quite-mountain-view-rooms-249137	ima-ganga-aesthetic-quite-mountain-view-rooms-rishikesh	Ima Ganga Hotel – Aesthetic, Quite Mountain View Rooms with Netflix, Free Airport Pickup for 7 Or More Nights Booking, Elevator and Backup in Upper Tapovan	ima-ganga-hotel-aesthetic-quite-mountain-view-rooms-with-netflix-free-airport-pickup-for-7-or-more-nights-booking-elevator-and-backup-in-upper-tapovan
imperial-triangle-resort	imperial-triangle-resort	g-ChIJc3t8WVYRCTkRQrkhoz4Q4Lc	Imperial Triangle Resort	imperial-triangle-resort
inder-kutir-haridwar	inder-kutir-haridwar	g-ChIJ1Z4wGgFHCTkR0UW8A18p69Q	Inder Kutir haridwar	inder-kutir-haridwar
india-adventure-wild-nest-camp	india-adventure-wild-nest-camp	g-ChIJKX5rWMwVCTkRb7sl39zimrQ	India Adventure Wild Nest Camp	india-adventure-wild-nest-camp
india-holiday-resort	india-holiday-resort	g-ChIJq53AUMAVCTkRG-ffWYnWq74	India Holiday Resort	india-holiday-resort
indira-homestay	indira-homestay	g-ChIJW-EY6SA9CTkR7GtykKg6JCU	INDIRA HOMESTAY	indira-homestay
innovative-chic-loft-style-apartment-in-serene-rishikesh-unwind-decompress	innovative-chic-loft-style-apartment-in-serene-rishikesh-unwind-decomp	g-ChIJBSXkk_A-CTkR2_lwPiUBbrU	Innovative Chic Loft Style Apartment in Serene Rishikesh. Unwind. Decompress.	innovative-chic-loft-style-apartment-in-serene-rishikesh-unwind-decompress
innovative-chic-loft-style-apartment-in-serene-rishikesh-unwind-decompress	innovative-chic-loft-style-apartment-in-serene-rishikesh-unwind-decomp	g-ChIJJYanSvg-CTkR8RLC3LyB6Ww	Innovative Chic Loft Style Apartment in Serene Rishikesh. Unwind. Decompress.	innovative-chic-loft-style-apartment-in-serene-rishikesh-unwind-decompress
innovative-chic-loft-style-apartment-in-serene-rishikesh-unwind-decompress	innovative-chic-loft-style-apartment-in-serene-rishikesh-unwind-decomp	innovative-chic-loft-style-apartment-in-serene-rishikesh-unwind-decomp-yb6ww	Innovative Chic Loft Style Apartment in Serene Rishikesh. Unwind. Decompress.	innovative-chic-loft-style-apartment-in-serene-rishikesh-unwind-decompress
itharana-retreat	itharana-retreat	g-ChIJ6cyb8tIjCTkRaqrDEBcGIjc	Itharana Retreat	itharana-retreat
itvara-cottage-family-room-with-garden-view	itvara-cottage-family-room-with-garden-view	g-ChIJc89HWTwWCTkRzFZ2RL5rAZk	iTvara Cottage - Family Room with Garden View	itvara-cottage-family-room-with-garden-view
ixora-villa	ixora-villa	g-ChIJ22QuG2I-CTkRe_lnZ7Nilac	Ixora Villa	ixora-villa
j-b-s-regency-hotel-and-banquet	j-b-s-regency-hotel-and-banquet	g-ChIJbxIHTHVHCTkR2RQ892PIE3M	J.B.S Regency Hotel And Banquet	j-b-s-regency-hotel-and-banquet
jai-shree-resort	jai-shree-resort	g-ChIJj-skpyARCTkRD1OYdqAlIqY	Jai shree resort	jai-shree-resort
jaipuriya-dharamshala	jaipuriya-dharamshala	g-ChIJC-aBPQBHCTkRp5rH1OnqoAc	Jaipuriya dharamshala	jaipuriya-dharamshala
jaiswal-home-stay	jaiswal-home-stay	g-ChIJBz5k2QA-CTkRZ-MApyz7TEk	Jaiswal Homestay, Rishikesh - Bed in 8-Bed Mixed Dormitory Room	jaiswal-homestay-rishikesh-bed-in-8-bed-mixed-dormitory-room
jaiswal-homestay-rishikesh-deluxe-room-2-adults-1-child	jaiswal-homestay-rishikesh-deluxe-room-2-adults-1-child	g-ChIJBz5k2QA-CTkRzkg_huXTBmQ	Jaiswal Homestay, Rishikesh - Deluxe Room (2 Adults + 1 Child)	jaiswal-homestay-rishikesh-deluxe-room-2-adults-1-child
jaiswal-homestay-rishikesh-double-room-with-terrace	jaiswal-homestay-rishikesh-double-room-with-terrace	g-ChIJBz5k2QA-CTkR_DpYoFWFwP0	Jaiswal Homestay, Rishikesh - Double Room with Terrace	jaiswal-homestay-rishikesh-double-room-with-terrace
janki-devi-somany-bhawan-guest-house	janki-devi-somany-bhawan-guest-house	g-ChIJFwFlbP49CTkRkK_3I1orCR8	Janki Devi Somany Bhawan Guest House	janki-devi-somany-bhawan-guest-house
janki-homestay-deluxe-room	janki-homestay-deluxe-room	g-ChIJl4Cjpr0_CTkRgX16eiyT0zc	Janki homestay - Deluxe Room	janki-homestay-deluxe-room
janki-homestay-king-room	janki-homestay-king-room	g-ChIJl4Cjpr0_CTkRUr9T_45Z5J4	Janki homestay - King Room	janki-homestay-king-room
janki-homestay-rishikesh-laxman-jhula	janki-homestay-rishikesh-laxman-jhula	g-ChIJw6LagEMXCTkRBfB-kguMcl4	Janki Homestay Rishikesh (Laxman Jhula)	janki-homestay-rishikesh-laxman-jhula
jeevan-utsav-resort	jeevan-utsav-resort	g-ChIJDXOvAaM_CTkRdKDuj_AQUiw	Jeevan Utsav Resort	jeevan-utsav-resort
jhilmil-jungle-resort	jhilmil-jungle-resort	g-ChIJm1KVPQBDCTkRlWPROKT2XTE	JHILMIL JUNGLE RESORT	jhilmil-jungle-resort
jodhpur-bhavan	jodhpur-bhavan	g-ChIJZ4A4kRBHCTkRCjfoQFRCjJg	Jodhpur Bhavan	jodhpur-bhavan
joeys-hostel	hostel-joeys	g-ChIJ68mhaUUXCTkRBTNK5OAQt0U	Joey's Hostel Rishikesh	joeys-hostel-rishikesh
joeys-hostel	hostel-joeys	joeys-homestay	Joey's Homestay	joeys-homestay
jolly-hill-stay	jolly-hill-stay	g-ChIJ6fJ_-pklCTkR-KuP5UE2Lmg	Jolly Hill Stay	jolly-hill-stay
jr-rooms	jr-room-s	g-ChIJl7OtTgAXCTkRgPXrD2rfSPw	JR ROOM'S	jr-rooms
js-souvenir	js-souvenir	g-ChIJP6Pkc2AjCTkR6c9ioTDdUsw	JS SOUVENIR	js-souvenir
junegiri-farms-and-homestay	junegiri-farms-and-homestay	g-ChIJVzSPPg0XCTkRFic-WxqXyzk	Junegiri Farms and Homestay	junegiri-farms-and-homestay
jungle-adventure-group	jungle-adventure-group	g-ChIJv0wynDERCTkRVuWhQYFtC7A	Jungle Adventure Group	jungle-adventure-group
jungle-house	jungle-house	g-ChIJZyT2ZZwXCTkRQHKkmMZZMLg	Jungle house	jungle-house
jungle-lore-camp-resort-and-retreat	jungle-lore-camp-resort-retreat	g-ChIJD8M4vAcUCTkRAa2LCcl9C0Y	Junglelore camp resort retreat - Tent	junglelore-camp-resort-retreat-tent
jungle-lore-camp-resort-and-retreat	jungle-lore-camp-resort-retreat	g-ChIJE1CMsIMVCTkRzQjLxby6NaU	Jungle Lore Camp Resort & Retreat	jungle-lore-camp-resort-and-retreat
jungle-resort	jungle-resort	g-ChIJ-5gyDQANCTkRFIBphXVQIEE	Jungle Resort	jungle-resort
justa-rasa-retreat-and-spa	j-sta-rasa-retreat-spa-rishikesh	g-ChIJEwxxMHoVCTkRgKIgg8MZOME	jüSTa Rasa Retreat & Spa, Rishikesh	justa-rasa-retreat-and-spa-rishikesh
k-farms-homestay	k-farms-homestay	g-ChIJWe5ZoGoWCTkRreO4acw685I	K Farms Homestay	k-farms-homestay
kaafirana-adventure-camps-and-cottages	kaafirana-adventure-camps-and-cottages	g-ChIJaZyvFYIXCTkRIMiVZ1pSXCA	Kaafirana Adventure | Camps and Cottages	kaafirana-adventure-camps-and-cottages
kailasha-ramjhula	kailasha-ramjhula	g-ChIJidXJuB0WCTkR-ZNcn2ViqY0	Kailasha Ramjhula	kailasha-ramjhula
kalakriti-cottage	kalakriti-cottage	g-ChIJywb8JgAlCTkRhItyw5W6m3M	Kalakriti Cottage	kalakriti-cottage
kamlodabhavi-resort	kamlodabhavi-resort	resort-kamlodabhavi	Kamlodabhavi Resort	kamlodabhavi-resort
kanaar-jungle-view-resort	kanaar-jungle-view-resort	g-ChIJJUQmKAA9CTkR7yw8vO0xULQ	Kanaar jungle view Resort	kanaar-jungle-view-resort
kangan-hotel	kangan-hotel	g-ChIJL4ELeQA9CTkRypFCF0lRB_o	Kangan Hotel	kangan-hotel
kanpur-walli-dharamshala	kanpur-walli-dharamshala	g-ChIJ44Wsb2oXCTkRcwzKwSRdTUY	kanpur walli dharamshala	kanpur-walli-dharamshala
kansro-hive	kansro-hive	g-ChIJPfJcFbA5CTkRfd-bgOljyhI	Kansro Hive	kansro-hive
kapil-house-one-bedroom-apartment	kapil-house-one-bedroom-apartment	g-ChIJ7_DAlQIWCTkR_OiXv1kUbNg	Kapil house - One-Bedroom Apartment	kapil-house-one-bedroom-apartment
karni-bhawan-dharamshala	karni-bhawan-dharamshala	g-ChIJtXW5EgFHCTkRQ3vVdMRzgvA	Karni Bhawan Dharamshala	karni-bhawan-dharamshala
kartik-homes-cheerfull-2-bedroom-cottage-with-refreshing-view-two-bedroom-house	kartik-homes-cheerfull-2-bedroom-cottage-with-refreshing-view-two-bedr	g-ChIJDyuH8E0-CTkRZrwRIw5YjI8	Kartik homes , cheerfull 2- Bedroom cottage with refreshing view - Two-Bedroom House	kartik-homes-cheerfull-2-bedroom-cottage-with-refreshing-view-two-bedroom-house
kartik-rajput	kartik-rajput	g-ChIJFS9oIQBbCTkRSQFGUFGX_9o	Kartik Rajput	kartik-rajput
karwaan-homestay	karwaan-homestay	g-ChIJESI-C1wWCTkR639XANRoOZc	Karwaan Homestay - Deluxe Double Room with Balcony	karwaan-homestay-deluxe-double-room-with-balcony
karwaan-homestay	karwaan-homestay	g-ChIJESI-C1wWCTkRi-n8wukDupk	Karwaan Homestay - Double Room with Balcony	karwaan-homestay-double-room-with-balcony
karwaan-homestay	karwaan-homestay	karwaan-homestay-deluxe-double-room-with-balcony	Karwaan Homestay – Deluxe Double Room with Balcony	karwaan-homestay-deluxe-double-room-with-balcony
kedia-resorts-ganga-facing-hotel	kedia-resorts-ganga-facing-hotel	g-ChIJP1q1lmg-CTkRRRMJxwEdLG8	Kedia Resorts - ( Ganga Facing Hotel )	kedia-resorts-ganga-facing-hotel
khurjawali-dharamshala	khurjawali-dharamshala	g-ChIJN-TMRwAXCTkRTg2fPou1SBI	Khurjawali Dharamshala	khurjawali-dharamshala
khushis-hotel-and-wedding-garden	khushi-s-hotel-wedding-garden	g-ChIJGTuFFcU_CTkR8Lr13OmAC0s	Khushi's (Hotel & Wedding Garden)	khushis-hotel-and-wedding-garden
kidrah-a-serene-stay	kidr-h-a-serene-stay	g-ChIJfWUoWAA_CTkR5krLRtItkmY	Kidrāh - A Serene Stay	kidrah-a-serene-stay
kingfisher-river-resort	kingfisher-river-resort	g-ChIJA1fvcL8TCTkR1ya_Z5kkllM	Kingfisher River Resort	kingfisher-river-resort
krishna-dham-aashram	krishna-dham-aashram	g-ChIJp6idfBNHCTkRzBpuOtYuURw	Krishna Dham Aashram	krishna-dham-aashram
krishna-homestay-tapovan	krishna-homestay-tapovan	krishna-home-stay-tapovan	Krishna Home Stay Tapovan	krishna-home-stay-tapovan
kunaw	kunaw	g-ChIJy0VCQAI_CTkRPl_XCq3PGiY	Kunaw	kunaw
kunj-vatika	kunj-vatika	g-ChIJUWLeagAlCTkR1PWhPz8uqIg	KUNJ VATIKA	kunj-vatika
kunjapuri-camps-elsewhere-in-rishikesh-rishikesh	kunjapuri-camps	g-ChIJKyN1tO0XCTkR4dx9XuQRWHw	Kunjapuri camps	kunjapuri-camps
kunjapuri-homestay	kunjapuri-homestay	g-ChIJtxosVVwZCTkRKwEFijNLT-4	Kunjapuri Homestay	kunjapuri-homestay
kunjapuri-yoga-wellness-and-retreat-centre	kunjapuri-yoga-wellness-retreat-centre	g-ChIJj8mp1BA9CTkR50LI18KI-2U	Kunjapuri Yoga,wellness & Retreat centre	kunjapuri-yoga-wellness-and-retreat-centre
kyarki-resort	kyarki-resort	resort-kyarki	Kyarki Resort	kyarki-resort
kylo-resort	kylo-resort	g-ChIJsVQWdAATCTkRsVragnigHeI	Kylo Resort	kylo-resort
laalsaa-resort	laalsaa-resort	g-ChIJed8xWKYVCTkRzv9agZh68fg	LAALSAA RESORT	laalsaa-resort
labhanshu-homestay	labhanshu-homestay	g-ChIJub2fJVw_CTkRoQZi5OEsWqk	Labhanshu homestay	labhanshu-homestay
labhanshu-homestay-double-room	labhanshu-homestay-double-room	g-ChIJEZDIHiQ-CTkRYNur7gy10Bo	Labhanshu homestay - Double Room	labhanshu-homestay-double-room
lala-ved-prakash-mehta-dharmshala	lala-ved-prakash-mehta-dharmshala	g-ChIJ5zSsmF5HCTkRNHLfYmg6YQA	Lala Ved Prakash Mehta Dharmshala	lala-ved-prakash-mehta-dharmshala
lamyali-farm	lamyali-farm	g-ChIJPdDJXAAZCTkRu0C5eAolHl8	Lamyali Farm	lamyali-farm
lavanya-hiils-resort	lavanya-hiil-s-resort	g-ChIJ1cgOMCEVCTkRvgzeYujNOVU	Lavanya Hiil's Resort	lavanya-hiils-resort
laxmana-on-the-ganges	laxmana-on-the-ganges	laxmana-on-the-ganges-rishikesh	Laxmana on the Ganges Hotel	laxmana-on-the-ganges-hotel
laxmi-bela	laxmi-bela	g-ChIJFyxa4ENHCTkR56__yFqe_ls	Laxmi Bela	laxmi-bela
leisure-palace-hotel	leisure-palace	leisure-palace-1	Hotel Leisure Palace	hotel-leisure-palace
lekhak-gaon	lekhak-gaon	g-ChIJk1mcCAAjCTkRs6r7n_tTIEY	Lekhak Gaon	lekhak-gaon
levelup-plus-hotel-pinaaki-inn	levelup-plus-hotel-pinaaki-inn	g-ChIJadnyPA4XCTkRjXHvvr1WwPs	LevelUp Plus Hotel Pinaaki Inn	levelup-plus-hotel-pinaaki-inn
limeport-homestay	g-ChIJ67gqxdQ9CTkRnaxPxkGZXcc	limeport-homestay	limeport homestay	limeport-homestay
lovely-homes-rishikesh-one-bedroom-apartment	lovely-homes-rishikesh-one-bedroom-apartment	g-ChIJp0SHtkgWCTkRgMBQXL5eSvs	Lovely Homes, Rishikesh - One-Bedroom Apartment	lovely-homes-rishikesh-one-bedroom-apartment
luxe-1-br-hideaway-apartment-by-the-manstays	luxe-1-br-hideaway-apartment-by-the-manstays	g-ChIJsXTwpl5HCTkR4kHzVnnIBgY	Luxe 1 BR. hideaway Apartment by the ManStays	luxe-1-br-hideaway-apartment-by-the-manstays
luxurious-2bhk-with-huge-terrace-partial-river-view-two-bedroom-apartment	luxurious-2bhk-with-huge-terrace-partial-river-view-two-bedroom-apartm	g-ChIJcR6b5Rc-CTkRJMer8w1Jpgs	Luxurious 2bhk with huge terrace, partial river view - Two-Bedroom Apartment	luxurious-2bhk-with-huge-terrace-partial-river-view-two-bedroom-apartment
luxurious-mountain-view-apartment-apartment-with-balcony	luxurious-mountain-view-apartment-apartment-with-balcony	g-ChIJy8hgUk8WCTkRIVTETV434wk	Luxurious Mountain View Apartment - Apartment with Balcony	luxurious-mountain-view-apartment-apartment-with-balcony
luxury-1bhk-in-tapovan-rishikesh-l-fully-furnished-one-bedroom-apartment	luxury-1bhk-in-tapovan-rishikesh-l-fully-furnished-one-bedroom-apartme	g-ChIJc5i0PUYWCTkRqr84_TazaKU	Luxury 1BHK in Tapovan Rishikesh l Fully Furnished - One-Bedroom Apartment	luxury-1bhk-in-tapovan-rishikesh-l-fully-furnished-one-bedroom-apartment
luxury-2-bedrooms-apartment-luxury-apartment-2-bedrooms-balcony-river-view	luxury-2-bedroom-s-apartment-luxury-apartment-2-bedrooms-balcony-river	g-ChIJUSfkrD0WCTkRjvplxli2a4c	Luxury 2 Bedroom's Apartment - Luxury Apartment, 2 Bedrooms, Balcony, River View	luxury-2-bedrooms-apartment-luxury-apartment-2-bedrooms-balcony-river-view
luxury-2bhk-by-bliss-homes-one-bedroom-apartment	luxury-2bhk-by-bliss-homes-one-bedroom-apartment	g-ChIJIXoYp_w9CTkRSwyDnld4npI	Luxury 2bhk by Bliss Homes - One-Bedroom Apartment	luxury-2bhk-by-bliss-homes-one-bedroom-apartment
luxury-aloha-apartments-tapovan	luxury-aloha-apartments-1	aloha-apartments-by-blissful-ganges	Aloha – Luxury Apartments by Blissful Ganges	aloha-luxury-apartments-by-blissful-ganges
luxury-aloha-apartments-tapovan	luxury-aloha-apartments-1	luxury-aloha-majestic-apartments	Luxury Aloha Majestic Apartments	luxury-aloha-majestic-apartments
luxury-beatles-resort	luxury-beatles-resort	g-ChIJ9fVBb7g_CTkRt0Pr8Qob4u0	Luxury Beatles resort	luxury-beatles-resort
luxury-camping-in-shivpuri	luxury-camping-in-shivpuri	g-ChIJC13CldQXCTkRKfA5x6FzRVM	Luxury Camping in Shivpuri	luxury-camping-in-shivpuri
luxury-cottage-by-itvara-2-bedroom-near-ganges	luxury-cottage-by-itvara-2-bedroom-near-ganges	g-ChIJ2_LHYDwWCTkRBtcY8o2AwR0	Luxury Cottage by iTvara | 2 Bedroom near Ganges	luxury-cottage-by-itvara-2-bedroom-near-ganges
luxury-cottage-by-itvara-2-bedroom-near-ganges-n	luxury-cottage-by-itvara-2-bedroom-near-ganges-n	g-ChIJg240vRkWCTkR4PnXUqHj72c	Luxury Cottage by iTvara 2 Bedroom near Ganges.\n	luxury-cottage-by-itvara-2-bedroom-near-ganges-n
luxury-cottage-by-itvara-4-bedrooms-near-ganges	luxury-cottage-by-itvara-4-bedrooms-near-ganges	g-ChIJk82rYDwWCTkRfYxp9_t2q7Q	Luxury Cottage by iTvara | 4 Bedrooms near Ganges	luxury-cottage-by-itvara-4-bedrooms-near-ganges
luxury-cottage-by-itvara-villa	luxury-cottage-by-itvara-villa	g-ChIJb8DHYDwWCTkRI1rrvgQqgP0	Luxury Cottage by iTvara - Villa	luxury-cottage-by-itvara-villa
luxury-heights-2bhk	luxury-heights-2bhk-rishikesh	g-ChIJF5RU6is_CTkRvOWhyfKeCSE	Luxury Heights 2BHK Rishikesh	luxury-heights-2bhk-rishikesh
luxury-penthouse-with-ganga-view-three-bedroom-apartment	luxury-penthouse-with-ganga-view-three-bedroom-apartment	g-ChIJ0_q-9zc-CTkRgvrrpfzJ0zM	Luxury Penthouse with Ganga View - Three-Bedroom Apartment	luxury-penthouse-with-ganga-view-three-bedroom-apartment
luxury-penthouse-with-ganga-view-three-bedroom-apartment	luxury-penthouse-with-ganga-view-three-bedroom-apartment	g-ChIJ0_q-9zc-CTkRxe5houoPhQI	Luxury Penthouse with Ganga View - Three-Bedroom Apartment	luxury-penthouse-with-ganga-view-three-bedroom-apartment
luxury-penthouse-with-ganga-view-three-bedroom-apartment	luxury-penthouse-with-ganga-view-three-bedroom-apartment	luxury-penthouse-with-ganga-view-three-bedroom-apartment-ophqi	luxury penthouse with ganga view three bedroom apartment ophqi	luxury-penthouse-with-ganga-view-three-bedroom-apartment-ophqi
m2-lambardar-stay	m2-lambardar-stay	g-ChIJ_fPJhWIjCTkRmBUYHLWlby0	M2 lambardar stay	m2-lambardar-stay
maa-ganga-by-mahadeva-hotel	maa-ganga-by-mahadeva	maa-ganga-by-mahadeva-rishikesh	Maa Ganga by Mahadeva Hotel	maa-ganga-by-mahadeva-hotel
maa-ganga-homes-unmarried-couples-not-allowed	maa-ganga-homes-unmarried-couples-not-allowed	g-ChIJ_bwhxNo_CTkRkrOzicNQCjU	Maa Ganga Homes( Unmarried Couples NOT Allowed)	maa-ganga-homes-unmarried-couples-not-allowed
machaan-guest-house	machaan-guest-house	g-ChIJN3KU93NICTkR6uHQqzDN4PI	Machaan Guest House	machaan-guest-house
madhav-home-stay	madhav-home-stay	g-ChIJNeCrLSMXCTkRxmkjzaMy8XU	Madhav Home stay	madhav-home-stay
madhuban-homestay-natraj-chowk	madhuban-homestay-natraj-chowk	g-ChIJP5ctUQA9CTkRXI_ZbR9hbKE	Madhuban Home Stay	madhuban-home-stay
madhuban-inn	madhuban-inn	fabhotel-madhuban-inn	Fabhotel Madhuban Inn	fabhotel-madhuban-inn
madhuban-inn	madhuban-inn	madhuban-rishikesh	Hotel Madhuban Inn	hotel-madhuban-inn
mahadev-homestay-one-bedroom-apartment	mahadev-homestay-one-bedroom-apartment	g-ChIJ1yD39U8WCTkRV7ZZmtzGo2w	Mahadev Homestay - One-Bedroom Apartment	mahadev-homestay-one-bedroom-apartment
maharishi-ayurveda	maharishi-ayurveda-rishikesh	g-ChIJOYpkKhUXCTkRIc0CwjBll9E	Maharishi Ayurveda Rishikesh	maharishi-ayurveda-rishikesh
maheshwari-homestay	maheshwari-homestay	g-ChIJvQWVRgAXCTkRUHH0KNqAACI	MAHESHWARI HOMESTAY	maheshwari-homestay
maheshwari-seva-sadan	maheshwari-seva-sadan	g-ChIJl5ptrHVHCTkRxj46IiuByNw	Maheshwari Seva Sadan	maheshwari-seva-sadan
majri-grant	majri-grant	g-ChIJnRrXawA7CTkRnz7hLCphGoE	Majri grant	majri-grant
mala-mountain-heights	mala-mountain-heights	g-ChIJnx2w6hwTCTkRa6QoSNSOZPU	Mala Mountain Heights	mala-mountain-heights
mambos-camp	mambos-camp-rishikesh	g-ChIJp4c_i8wVCTkRdS7Ou7m8608	Mambos Camp Rishikesh	mambos-camp-rishikesh
manikut-parvat-homestay	manikut-parvat-homestay	g-ChIJjUMqi5YVCTkR9ioiCGiqjdk	Manikut Parvat Homestay	manikut-parvat-homestay
mannat-residency	mannat-residency	g-ChIJDU72zHw_CTkRn_djTZ9zPCA	Mannat Residency	mannat-residency
mansa-apartment-by-uv-stays	mansa-apartment-by-uv-stays	g-ChIJLzt3Np1HCTkReHYCWZ4rVDE	Mansa Apartment by UV Stays	mansa-apartment-by-uv-stays
mansarover	mansarover	g-ChIJG5oTFwBHCTkREfdlz3daWaU	mansarover	mansarover
manthan	manthan	g-ChIJJUc4zQMZCTkRt-reREjAeKY	MANTHAN	manthan
manthan-resort	manthan-resort	g-ChIJY1Pul4ITCTkRAyHkQLkgbEQ	Manthan Resort	manthan-resort
maple-green-by-moksha-luxury-three-bhk-with-ganga-view	maple-green-by-moksha-luxury-three-bhk-with-ganga-view	g-ChIJn-YeaIo_CTkRvzg8aFLJ53c	Maple Green by Moksha | Luxury Three BHK with Ganga View	maple-green-by-moksha-luxury-three-bhk-with-ganga-view
marine-drive-retreat	marine-drive-retreat	g-ChIJNWADBAATCTkRT4iLjTv04_0	Marine drive retreat	marine-drive-retreat
maruti-sadan	maruti-sadan	g-ChIJ73pEzWxHCTkRUltBOAxQlGI	Maruti Sadan	maruti-sadan
marvel-cottage-shivpuri	marvel-cottage-shivpuri	g-ChIJA2uWQZgRCTkRonQLpI7-nAA	Marvel Cottage Shivpuri	marvel-cottage-shivpuri
matrichhaya-retreat	matrichhaya-retreat	g-ChIJe8ZbHCsbCTkRM6w32vJFux8	Matrichhaya Retreat	matrichhaya-retreat
meenakshi-home-stay	meenakshi-home-stay	g-ChIJlQObG1sWCTkRAUCMhBR4kOQ	Meenakshi Home Stay	meenakshi-home-stay
meeram-ganga-a-heritage-stay-by-the-ganges-at-triveni-ghat	meeram-ganga-a-heritage-stay-by-the-ganges-at-triveni-ghat	g-ChIJs67SIV8XCTkROOdBLwIQLnA	Meeram Ganga - A boutique homestay by the Ganges	meeram-ganga-a-boutique-homestay-by-the-ganges
mini-swiss-resort	mini-swiss-resort	g-ChIJ_0F6NvAVCTkRJ8HQjGnRFiA	Mini Swiss Resort	mini-swiss-resort
mj-aero-suites	mj-aero-suites	g-ChIJORMFyCMlCTkRhF7Ojpcr0oY	MJ Aero Suites	mj-aero-suites
mj-river-resort	hotel-rishikesh-20	mj-river-resort-by-dls-hotels	MJ River Resort by DLS Hotels	mj-river-resort-by-dls-hotels
modern-luxury-3bhk-3double-beds-lift-kitchen-parking-in-tapovan-nr-laxman-jhulla	entire-floor-luxury-3bhk-3baths-5-double-beds-in	entire-floor-luxury-3bedrooms-luxury-flat-kitchen-tapovan-nr-laxman-jh	Entire Floor Luxury 3Bedrooms Luxury Flat kitchen Tapovan Nr Laxman Jhulla – Apartment with Balcony	entire-floor-luxury-3bedrooms-luxury-flat-kitchen-tapovan-nr-laxman-jhulla-apartment-with-balcony
modern-luxury-3bhk-3double-beds-lift-kitchen-parking-in-tapovan-nr-laxman-jhulla	entire-floor-luxury-3bhk-3baths-5-double-beds-in	g-ChIJ3_e4TU8WCTkRa8HVohFqD4I	Entire Floor Luxury 3Bedrooms Luxury Flat kitchen Tapovan Nr Laxman Jhulla - Apartment With Balcony	entire-floor-luxury-3bedrooms-luxury-flat-kitchen-tapovan-nr-laxman-jhulla-apartment-with-balcony
mohans-inn	mohans-inn	g-ChIJRSa1txNJCTkRKgJTMlIj4N4	MOHANS INN	mohans-inn
monal-adventure	monal-adventure	g-ChIJf1ZRJ_wXCTkR8EgBak4JVL4	Monal Adventure	monal-adventure
montreal-by-madhuban-inn	montreal-by-madhuban-inn	hotel-montreal-madhuban-inn	Hotel – Montreal Rishikesh Madhuban Inn	hotel-montreal-rishikesh-madhuban-inn
moon-river	moon-river	g-ChIJ33W9oJJHCTkRzJjkAnwx2WY	Moon River	moon-river
moonlight-camps-resort-rishikesh-standard-triple-room	moonlight-camps-resort-rishikesh-standard-triple-room	g-ChIJYQAcpkoWCTkRtE2UTLskAkI	Moonlight Camps Resort Rishikesh - Standard Triple Room	moonlight-camps-resort-rishikesh-standard-triple-room
moonlight-farm-house	moonlight-farm-house	g-ChIJy-C-aABHCTkRkZ2wRg9dUkM	Moonlight Farm House	moonlight-farm-house
moonlight-hotel	moonlight-hotel	g-ChIJp31081hJCTkRBwAt5o-glP4	Moonlight hotel	moonlight-hotel
moonshine-camp	moonshine-camp	g-ChIJcxEoK5kXCTkRAZATe5eIGwE	Moonshine camp	moonshine-camp
moshams	moshams	g-ChIJ0zDTagA9CTkRVrQIRh0eKvE	MoShams	moshams
mount-river-valley-camping	mount-river-valley-camping	g-ChIJwX2WoI8VCTkRHxFi40MAWF0	Mount River Valley Camping	mount-river-valley-camping
mountain-mama-resorts	mountain-mama-resorts	g-ChIJ_RphHAAZCTkRS1rkbqW3JJg	Mountain Mama Resorts	mountain-mama-resorts
mountain-moods-by-silverastays-tapovan	mountain-moods-by-silverastays-tapovan	g-ChIJ01h6zB8XCTkRI0mXjs65brA	SilveraStays Tapovan, Rishikesh	silverastays-tapovan-rishikesh
mountain-whisper-camp-at-the-most-unique-location-of-rishikesh	mountain-whisper-camp-at-the-most-unique-location-of-rishikesh	g-ChIJr-7R3QkXCTkRgVzcJVedh88	Mountain Whisper, Camp at the Most Unique Location of Rishikesh	mountain-whisper-camp-at-the-most-unique-location-of-rishikesh
moustache-rishikesh-luxuria-hostel	hostel-moustache-luxuria	g-ChIJEWEAb0YWCTkR63jw6dWI-Lc	Moustache Rishikesh Luxuria	moustache-rishikesh-luxuria
mr-river-resort	mr-river-resort	g-ChIJc64tkFUVCTkRVxs5mj7kOV8	MR River Resort	mr-river-resort
msk-hotel-and-restaurant	msk-hotel-restaurant	g-ChIJM4hATAAXCTkRIe95ZXZwzco	MSK Hotel & Restaurant	msk-hotel-and-restaurant
muskan-river-resort	muskan-river-resort	g-ChIJ2YyK8CkTCTkRp0mWdtebeX0	MUSKAN RIVER RESORT	muskan-river-resort
myspace-arihant	myspace-arihant-haridwar	g-ChIJG6jACtVHCTkRA4aVeLHIi1w	MySpace Arihant - Haridwar	myspace-arihant-haridwar
n3n-ganga-retreat-by-stotrak	n3n-ganga-retreat-by-stotrak-pyvqy	n3n-ganga-retreat-by-stotrak	N3N Ganga Retreat by Stotrak Hotel	n3n-ganga-retreat-by-stotrak-hotel
nakshatra-ab-home-stay	nakshatra-ab-home-stay	g-ChIJW0B4CAAXCTkR3bkwVwoMe-E	Nakshatra AB home stay	nakshatra-ab-home-stay
nakshatra-resort-luxury-camping-in-rishikesh	nakshatra-resort-luxury-camping-in-rishikesh	g-ChIJV1VVVfE9CTkRuWNxsLmkd-E	Nakshatra Resort - Luxury Camping in Rishikesh	nakshatra-resort-luxury-camping-in-rishikesh
namami-gange-1bhk-flat-near-ganga-one-bedroom-apartment	namami-gange-1bhk-flat-near-ganga-one-bedroom-apartment	g-ChIJD-0k8Tk-CTkRugRtdyDTzlc	Namami Gange 1bhk Flat near Ganga - One-Bedroom Apartment	namami-gange-1bhk-flat-near-ganga-one-bedroom-apartment
namami-home-stay	namami-home-stay	g-ChIJdYOgfAAZCTkR4v0C5aPDUjQ	Namami home stay	namami-home-stay
namastay-three-bedroom-apartment	namastay-three-bedroom-apartment	g-ChIJtYvqhUQWCTkRW6g8M6CdPzk	Namastay - Three-Bedroom Apartment	namastay-three-bedroom-apartment
nanda-residency-by-desire-hospitality	nanda-residency-by-desire-hospitality	g-ChIJ7b1EjHtHCTkRlHdQ_jBF5tY	Nanda Residency by Desire Hospitality	nanda-residency-by-desire-hospitality
nandi-hilltop-resort	nandi-hilltop-resort	g-ChIJuc7MjTQUCTkR0xmtQIgQfS4	Nandi Hilltop Resort	nandi-hilltop-resort
nandini-homestay-deluxe-double-room	g-ChIJCcDQDSElCTkRpdEpk41YPhU	nandini-homestay-deluxe-double-room	nandini homestay deluxe double room	nandini-homestay-deluxe-double-room
nandini-homestay-near-jollygrant-airport	nandini-homestay-near-jollygrant-airport	g-ChIJ35e0TH8lCTkRNg5_vNrEAkQ	Nandini homestay near jollygrant airport	nandini-homestay-near-jollygrant-airport
naqsh-resort	naqsh-resort	g-ChIJ-TS93fgVCTkRK_IkWminu6M	Naqsh Resort	naqsh-resort
narayan-ashram	narayan-ashram	g-ChIJ9eKMzLMXCTkRYTi5oxJSl7Y	Narayan Ashram	narayan-ashram
narayan-bhawan	narayan-bhawan-haridwar	g-ChIJV_Qqg_lHCTkR_WYPaPfxg2o	Narayan Bhawan - Haridwar	narayan-bhawan-haridwar
narayan-guest-house	narayan-guest-house	g-ChIJNU2pb61HCTkRlqzN3hirRCM	Narayan Guest House	narayan-guest-house
narayan-homestay	narayan-homestay	g-ChIJN_2HZsZHCTkRz6SoktU4A_8	Narayan Homestay	narayan-homestay
narayan-homestay-guest-house-one-bedroom-house	narayan-homestay-guest-house-one-bedroom-house	g-ChIJs7gDkP1GCTkRN8Zr96HC6GM	Narayan Homestay Guest House - One-Bedroom House	narayan-homestay-guest-house-one-bedroom-house
narayani-guest-house	narayani-guest-house	g-ChIJA4KiDgBHCTkRXPuxQy5bRo0	Narayani Guest House	narayani-guest-house
narendra-nagar-palika-guest-house	narendra-nagar-palika-guest-house	g-ChIJOQ_V8S49CTkRIhYfMBc9eO4	Narendra Nagar Palika guest house	narendra-nagar-palika-guest-house
natalias-homestay-double-room-with-balcony	natalia-s-homestay-double-room-with-balcony	g-ChIJXVj2suQ9CTkRg7K6vaZex7M	Natalia's homestay - Double Room with Balcony	natalias-homestay-double-room-with-balcony
nature-heaven-resort	nature-heaven-resort	g-ChIJKz3GGgAXCTkRePEj71hz9DA	Nature Heaven Resort	nature-heaven-resort
nature-trails-chilla	nature-trails-chilla-rishikesh	g-ChIJkTmyInk_CTkRpKB-Wa3obTc	Nature Trails Chilla Rishikesh	nature-trails-chilla-rishikesh
nature-view-homestay	nature-view-homestay	g-ChIJ6zNXAwBFCTkRCrblK3jTcgI	Nature View Homestay	nature-view-homestay
nature-view-resort	nature-view-resort-rishikesh	g-ChIJN5cMNq4VCTkRojpYqqskL_0	Nature View Resort Rishikesh	nature-view-resort-rishikesh
nature-village-resort	nature-village-resort	g-ChIJ_Ux9MQBtCTkRyxgkL7clYyk	Nature village resort	nature-village-resort
naturoville-wellness-resort	naturoville-wellness-resort	g-ChIJs7Wea_c7CTkRDfzjKQcXP1U	Naturoville Wellness Resort	naturoville-wellness-resort
navira-hills-domes-rishikesh-hotel	navira-hills-domes-rishikesh-shivpuri	navira-hills-glamping-dome-in	Navira Hills – Glamping Dome in Rishikesh Hotel	navira-hills-glamping-dome-in-rishikesh-hotel
navira-homestay	navira-homestay	g-ChIJ6_EnDo0XCTkR_lCQRuDBqjA	Navira Homestay	navira-homestay
near-heaven-camp-in-rishikesh-with-swimming-pool	near-heaven-camp-in-rishikesh-with-swimming-pool	g-ChIJLZ1MtbcVCTkR2UDApvu2u0g	Near Heaven Camp in Rishikesh with Swimming pool	near-heaven-camp-in-rishikesh-with-swimming-pool
near-patanjali-yogpeeth	near-patanjali-yogpeeth	g-ChIJW1RvvnxJCTkR80iOMDeiVKM	near patanjali yogpeeth	near-patanjali-yogpeeth
nearby-hotel-aloha-nim-beach-road	nearby-hotel-aloha-nim-beach-road	g-ChIJPSAhbQAXCTkRbM_GmJusN9c	Nearby Hotel Aloha NIM Beach Road	nearby-hotel-aloha-nim-beach-road
neel-kanth-home-stay	neel-kanth-home-stay	g-ChIJv5BKWwAVCTkRuSWyIStIBrA	Neel kanth home stay	neel-kanth-home-stay
neelkanth-bhawan	neelkanth-bhawan	g-ChIJ3WIVWys_CTkROVIJCrijOa0	Neelkanth Bhawan	neelkanth-bhawan
neelkanth-camps	neelkanth-camps-rishikesh	g-ChIJpXULrV8_CTkR0PFVvkOg-yU	Neelkanth Camps Rishikesh	neelkanth-camps-rishikesh
neelkanth-villa	neelkanth-villa	g-ChIJF7wmkzM_CTkRtTXbL_6-U94	Neelkanth Villa	neelkanth-villa
neeraj-bhandari	neeraj-bhandari	g-ChIJT2KPwTwXCTkRMaOTw8wo7CU	Neeraj Bhandari	neeraj-bhandari
neeraj-home-stay	neeraj-home-stay	g-ChIJ58iEGAAXCTkRU96C4MfU1Ac	Neeraj Home Stay	neeraj-home-stay
neerville-riohills	neerville-riohills	g-ChIJGQknvesXCTkRdVWAcEpTIhE	Neerville-Riohills.	neerville-riohills
negi-guest-house-and-restaurant-one-bedroom-apartment	negi-guest-house-and-restaurant-one-bedroom-apartment	g-ChIJq1vJthE-CTkRWEtn2RX1e8k	Negi Guest House and Restaurant - One-Bedroom Apartment	negi-guest-house-and-restaurant-one-bedroom-apartment
negi-sadan-homestay-double-room	negi-sadan-homestay-double-room	g-ChIJzT3q5RwXCTkRO9nUTqMzHPc	Negi Sadan Homestay - Double Room	negi-sadan-homestay-double-room
nemesia-resort-and-spa	nemesia-resort-spa-rishikesh	g-ChIJTxp7bAANCTkRxBmJ7q1y46c	Nemesia Resort & Spa, Rishikesh	nemesia-resort-and-spa-rishikesh
new-royal-guest-house	new-royal-guest-house	g-ChIJK7vF7qdHCTkRQLqElasdecg	New Royal Guest House	new-royal-guest-house
nightingale-cottages	nightingale-cottages	g-ChIJwYRFBzsZCTkR_CoytTq-tVY	Nightingale cottages	nightingale-cottages
nimay-camps-and-adventures	nimay-camps-and-adventures	g-ChIJG9EdfwAXCTkRDX9D7vF0iAk	Nimay camps and adventures	nimay-camps-and-adventures
nirvana-homestay-bhupatwala	nirvana-homestay-fd8ho	g-ChIJs9MicdVHCTkRE2Y0KuFD8ho	Nirvana Homestay	nirvana-homestay
nk-camp	nk-camp	g-ChIJWcTHfnUTCTkR97LPcvK_9OU	NK Camp	nk-camp
now-and-nature-bnb	now-and-nature-bnb	g-ChIJ1W-sC5E_CTkRznybAUin3d4	Now and Nature BNB	now-and-nature-bnb
oaktel-hotel-haridwar-best-budget-hotel-in-haridwar-family-hotels-top-comfortable-hotels-in-haridwar	oaktel-hotel-haridwar-best-budget-hotel-in-haridwar-family-hotels-top-	g-ChIJ01YkAoxHCTkR9MMqu-4Atww	Oaktel Hotel Haridwar - Best Budget Hotel in Haridwar | Family Hotels | Top Comfortable Hotels in Haridwar	oaktel-hotel-haridwar-best-budget-hotel-in-haridwar-family-hotels-top-comfortable-hotels-in-haridwar
ojas-resorts	ojas-resorts	g-ChIJVVVVhfQ9CTkRVbLu0ymPlig	Ojas Resorts and Hotels	ojas-resorts-and-hotels
ojas-resorts	ojas-resorts	ojas-resorts-and-hotels	Ojas Resorts and Hotels	ojas-resorts-and-hotels
ojis-homestay	oji-s-homestay	g-ChIJmyc3T5MXCTkR9nWxmO_KxYg	Oji's homestay	ojis-homestay
olive-tree-resort-haridwar-deluxe-double-room-2-adults-1-child	olive-tree-resort-haridwar-deluxe-double-room-2-adults-1-child	g-ChIJmxihfltHCTkRmaOBQkV4jQA	Olive Tree Resort, haridwar - Deluxe Double Room (2 Adults + 1 Child)	olive-tree-resort-haridwar-deluxe-double-room-2-adults-1-child
olivia-home-stay	olivia-home-stay	g-ChIJc1HXwTg7CTkRvX6z0VGUPXc	Olivia Home Stay	olivia-home-stay
om-guest-house	om-guest-house	g-ChIJ87BJMIBHCTkRb0ecSBRjsOU	Om guest house	om-guest-house
om-mani-retreat	om-mani-retreat-rishikesh	g-ChIJdW83qjcXCTkRde0vSzlbEL0	Om Mani Retreat, Rishikesh	om-mani-retreat-rishikesh
om-residency	om-residency-k1vfw	g-ChIJ92bBPuo_CTkRzndJy1K1VFw	OM Residency	om-residency
om-shanti-home-stay	om-shanti-home-stay	g-ChIJz8QrQX8XCTkRxE2Tw2ANPvg	Om Shanti Home Stay	om-shanti-home-stay
one-piece	one-piece	g-ChIJLZDOMAAXCTkRLbhaTDat7Ys	One piece	one-piece
oneness-rishikesh-by-ganga-kinare-a-luxury-wilderness-resort	oneness-rishikesh-by-ganga-kinare-a-luxury-wilderness-resort	g-ChIJAWlibX8SCTkR6BLSpXRFY6Q	ONENESS Rishikesh by Ganga Kinare- A Luxury Wilderness Resort	oneness-rishikesh-by-ganga-kinare-a-luxury-wilderness-resort
oneness-rishikesh-by-ganga-kinare-a-luxury-wilderness-resort	oneness-rishikesh-by-ganga-kinare-a-luxury-wilderness-resort	g-ChIJhwa8K4YTCTkRz3y4nHdYxOA	ONENESS Rishikesh by Ganga Kinare - a Luxury Wilderness Resort	oneness-rishikesh-by-ganga-kinare-a-luxury-wilderness-resort
oneness-rishikesh-by-ganga-kinare-a-luxury-wilderness-resort	oneness-rishikesh-by-ganga-kinare-a-luxury-wilderness-resort	oneness-rishikesh-by-ganga-kinare-a-luxury-wilderness-resort-dyxoa	oneness rishikesh by ganga kinare a luxury wilderness resort dyxoa	oneness-rishikesh-by-ganga-kinare-a-luxury-wilderness-resort-dyxoa
oneness-rishikesh-by-ganga-kinare-a-luxury-wilderness-resort	oneness-rishikesh-by-ganga-kinare-a-luxury-wilderness-resort	resort-oneness-by-ganga-kinare-a-luxury-wilderness	Oneness Rishikesh by Ganga Kinare – A Luxury Wilderness Resort	oneness-rishikesh-by-ganga-kinare-a-luxury-wilderness-resort
oppo-rooms-white-flower	oppo-rooms-white-flower	g-ChIJ3cLL3TtHCTkR2yVjSaBkt_k	Oppo Rooms White Flower	oppo-rooms-white-flower
orchid-hostel	hostel-orchid	hostel-orchid-and-rishikesh	Orchid Hotel and Hostel	orchid-hotel-and-hostel
organic-stay-one-bedroom-apartment	organic-stay-one-bedroom-apartment	g-ChIJkWF_S0g-CTkRSxZr-3pEtIE	Organic Stay - One-Bedroom Apartment	organic-stay-one-bedroom-apartment
orraica-203-tapovan-near-lakshman-jhula-1-bedroom-apartment-w-kitchen-one-bedroom-apartment	orraica-203-tapovan-near-lakshman-jhula-1-bedroom-apartment-w-kitchen-	g-ChIJo_s2yEgWCTkRESvw4WLT8xA	Orraica 203: Tapovan near Lakshman Jhula 1 Bedroom Apartment w Kitchen - One-Bedroom Apartment	orraica-203-tapovan-near-lakshman-jhula-1-bedroom-apartment-w-kitchen-one-bedroom-apartment
orraica-204-1-bedroom-apartment-near-lakshman-jhula-tapovan-one-bedroom-apartment	orraica-204-1-bedroom-apartment-near-lakshman-jhula-tapovan-one-bedroo	g-ChIJBwEbyEgWCTkR-HPIoksswyo	Orraica 204: 1 Bedroom Apartment near Lakshman Jhula Tapovan - One-Bedroom Apartment	orraica-204-1-bedroom-apartment-near-lakshman-jhula-tapovan-one-bedroom-apartment
orraica-206-1-bedroom-apartment-in-tapovan-near-lakshman-jhula-for-stay-one-bedroom-apartment	orraica-206-1-bedroom-apartment-in-tapovan-near-lakshman-jhula-for-sta	g-ChIJmZ0fyEgWCTkRBzFUIKAwMfY	Orraica 206: 1 Bedroom Apartment in Tapovan near Lakshman Jhula for stay - One-Bedroom Apartment	orraica-206-1-bedroom-apartment-in-tapovan-near-lakshman-jhula-for-stay-one-bedroom-apartment
orraica-207-apartment-in-tapovan	orraica-207-apartment-in-tapovan	g-ChIJx2UlyEgWCTkR89g_78dGDJI	Orraica 207 Apartment in Tapovan	orraica-207-apartment-in-tapovan
osho-bliss-homestay	osho-bliss-homestay	g-ChIJfc0yhww-CTkRgniU_gl7-hY	Osho Bliss Homestay	osho-bliss-homestay
oslo-green-by-around-stays	oslo-green-by-around-stays	oslo-green-by-around-stays-tapovan	Oslo Green by Around Stays, Tapovan	oslo-green-by-around-stays-tapovan
oyo-18267-sunita	oyo-18267-sunita	g-ChIJTdOYGABHCTkRj_bznavFB24	OYO 18267 Sunita	oyo-18267-sunita
oyo-36125-dark-wood-adventure-camps	oyo-36125-dark-wood-adventure-camps	g-ChIJe3KmLv4XCTkRNnaWalnIJbM	Walk-in Wood Camps	walk-in-wood-camps
oyo-63648-hotel-new-chotiwala	oyo-63648-hotel-new-chotiwala	g-ChIJ-yVwL4lHCTkRfQ7G5357drY	OYO 63648 Hotel New Chotiwala	oyo-63648-hotel-new-chotiwala
oyo-82653-hotel-devbhoomi	oyo-82653-hotel-devbhoomi	g-ChIJPTJPRD1HCTkRqk5hUm_iosI	OYO 82653 Hotel Devbhoomi	oyo-82653-hotel-devbhoomi
oyo-88383	oyo-88383	house-o-trimurti	Hotel O Trimurti Guest House	hotel-o-trimurti-guest-house
oyo-90091-natures-walks	oyo-90091-natures-walks	g-ChIJqU_3nTUTCTkRInDbICBKwrs	Natures Walks/ Hotel & Camping	natures-walks-hotel-and-camping
oyo-blue-heart-guest-house	oyo-blue-heart-guest-house	g-ChIJO7Mi2dFHCTkRjBkX9W19r7Y	OYO Blue Heart Guest House	oyo-blue-heart-guest-house
oyo-flagship-48323-hotel-dwarkadhish	oyo-flagship-48323-hotel-dwarkadhish	g-ChIJv8jPLVdHCTkRk6tjrRcraRw	OYO Flagship 48323 Hotel Dwarkadhish	oyo-flagship-48323-hotel-dwarkadhish
oyo-home-70086-hedony-farms-apartment	oyo-home-70086-hedony-farms-apartment	g-ChIJU65sfNISCTkRDtoZEohr4OU	OYO HOME 70086 Hedony Farms - Apartment	oyo-home-70086-hedony-farms-apartment
oyo-home-90387-neelkanth-bhawan	oyo-home-90387-neelkanth-bhawan	g-ChIJl0O9vho-CTkR7GsR6JbM4ec	Oyo Home 90387 Neelkanth Bhawan	oyo-home-90387-neelkanth-bhawan
oyo-hotel-shiv-sarover	oyo-hotel-shiv-sarover	g-ChIJnRnF2NJHCTkRCVqG3IHtBx8	OYO Hotel Shiv Sarover	oyo-hotel-shiv-sarover
oyo-rooms-046-clarks-inn	oyo-rooms-046-clarks-inn-haridwar	g-ChIJP60Uq15HCTkRiHfuZGTR11o	OYO Rooms 046 Clarks Inn Haridwar	oyo-rooms-046-clarks-inn-haridwar
ozy-homestay-two-bedroom-apartment	ozy-homestay-two-bedroom-apartment	g-ChIJCZ9APSk_CTkRDfULyWZg64A	OZY Homestay - Two-Bedroom Family Apartment	ozy-homestay-two-bedroom-family-apartment
ozy-homestay-two-bedroom-apartment	ozy-homestay-two-bedroom-apartment	g-ChIJCZ9APSk_CTkREkaqGHufCHA	OZY Homestay - Two-Bedroom Apartment	ozy-homestay-two-bedroom-apartment
paddler-zone-by-kapalin	paddler-zone-by-kapalin	g-ChIJpUSgQDMRCTkRWCRr68Ho1-k	Paddler Zone by kapalin	paddler-zone-by-kapalin
pahadi-baithak	pahadi-baithak	g-ChIJ8w-pmRc_CTkRnpKnk2tggAk	Pahadi Baithak	pahadi-baithak
panchajanya-home-stay	panchajanya-home-stay	g-ChIJTbFClPUXCTkRJDhWZsHx0EY	Panchajanya home stay	panchajanya-home-stay
panchpushp-hotel	panchpushp	g-ChIJg2_R33wRCTkRN-Xjp4qqq00	Panchpushp (Five Flowers)	panchpushp-five-flowers
panchvati-cottage-route	panchvati-cottage-route	g-ChIJh8zIuLkRCTkRS_qc-XayVRs	Panchvati Cottage | route	panchvati-cottage-route
panchvati-cottage-route	panchvati-cottage-route	g-ChIJze3dKS4RCTkR7bGBiTJ056M	Panchvati Cottage	panchvati-cottage
panchwati-luxury-resorts	panchwati-luxury-resorts	g-ChIJlZakchgVCTkRoN1SgIA54UE	Panchwati luxury Resorts	panchwati-luxury-resorts
pandit-narayan-dutt-tiwari-youth-hostel	pandit-narayan-dutt-tiwari-youth-hostel	g-ChIJMxiUVDZGCTkR5A0hblH-ZlI	Pandit Narayan Dutt Tiwari Youth Hostel	pandit-narayan-dutt-tiwari-youth-hostel
panthar-cottage	panthar-cottage	g-ChIJp8FydAARCTkRmYj1LWy1Y2c	Panthar cottage	panthar-cottage
paradise-hills-resort	paradise-hills-resort	g-ChIJ09_PaMETCTkRYIhgjzSR3c8	Paradise Hills resort	paradise-hills-resort
paramhans-hotel	paramhans	paramhans-rishikesh	Hotel Paramhans	hotel-paramhans
parvat-homes-luxury-resort-near-dehradun	parvat-homes-luxury-resort-near-dehradun	g-ChIJI8lSW1AjCTkRSfiWg9luC9A	Parvat Homes | Luxury Resort near Dehradun	parvat-homes-luxury-resort-near-dehradun
patanjali-home-stay	patanjali-home-stay	g-ChIJfz_21Vg1CTkRS2M48BaWFfU	Patanjali home stay	patanjali-home-stay
pathaal-homestay	pathaal-homestay	g-ChIJ3b9lIDslCTkR3uSUbXhkTbM	Pathaal Homestay	pathaal-homestay
peaceful-1-bedroom-apartment-with-ac-in-vibrant	peaceful-1-bedroom-apartment-with-ac-in-vibrant-rishikesh	g-ChIJT5I3JU8-CTkRc11TXlWdz_g	Peaceful 1-bedroom apartment with AC in vibrant Rishikesh	peaceful-1-bedroom-apartment-with-ac-in-vibrant-rishikesh
peacock-valley-resort-elsewhere-in-rishikesh	peacock-valley-resort	g-ChIJlxP7oEcRCTkRKiS6H2vNblY	Peacock Valley Resort	peacock-valley-resort
pebbles-by-the-ganges	pebbles-by-the-ganges	g-ChIJS8EvSgBFCTkRgzrtP9u3NmA	Pebbles by the Ganges	pebbles-by-the-ganges
pennylane-rishikesh	pennylane-rishikesh	g-ChIJ6xrPlXYXCTkRcJmX2_AT-ig	Pennylane Rishikesh	pennylane-rishikesh
penthouse-by-the-basera	penthouse-by-the-basera	g-ChIJ_RNO6jc-CTkRXIBWOtxBgA4	PENTHOUSE BY THE BASERA	penthouse-by-the-basera
perfect-stayz-homes	perfect-stayz-homes	g-ChIJKR9wpVdHCTkRgTROfM9rBNo	Perfect Stayz Homes	perfect-stayz-homes
perfectstayz-dhruv	perfectstayz-dhruv	g-ChIJu0VHSnFHCTkRqR6flxmwgfU	Perfectstayz Dhruv	perfectstayz-dhruv
perfectstayz-premium-ganga-heights-ganga-view-rooftop-cafe	perfectstayz-premium-ganga-heights-at-harkipauri-road	g-ChIJfQAQXbhHCTkRWpngWJQG4Ko	Perfect Stayz Premium Ganga Heights	perfect-stayz-premium-ganga-heights
perfectstayz-premium-ganga-heights-ganga-view-rooftop-cafe	perfectstayz-premium-ganga-heights-at-harkipauri-road	perfectstayz-premium-harkipauri-road	Perfectstayz Premium at Harkipauri Road – Ganga View Rooftop Cafe	perfectstayz-premium-at-harkipauri-road-ganga-view-rooftop-cafe
petals-krish-grand-hotel	petals-krish-grand-hotel-rishikesh	g-ChIJP02_CBkWCTkR774fN8ev7Gw	Petals Krish Grand Hotel, Rishikesh	petals-krish-grand-hotel-rishikesh
pk-homestay	pk-homestay	g-ChIJMRE-AQAjCTkRnv1anFu89Ec	PK Homestay	pk-homestay
planet-stays-villa-at-vinamra	planet-stays-villa-at-vinamra-rishikesh	g-ChIJyUBoL2wXCTkRuywzM4G_-_g	Planet Stays villa at Vinamra Rishikesh	planet-stays-villa-at-vinamra-rishikesh
pleasant-stayz-hotel-haridwar	pleasant-stayz-hotel-haridwar	g-ChIJ-XnY1wNHCTkRRnJheGmIz48	PLEASANT STAYZ HOTEL HARIDWAR	pleasant-stayz-hotel-haridwar
pookiestaysindia-rishikesh	pookiestaysindia-rishikesh	g-ChIJV1I--1AXCTkR3juUZKQxtmY	PookieStaysIndia Rishikesh	pookiestaysindia-rishikesh
portyico	portyico	g-ChIJk9XsbhpHCTkRsncLruxrjhs	Portyico	portyico
prakash-guest-house	prakash-guest-house	g-ChIJtZNypGBJCTkR-eipUWmVNNE	Prakash guest house	prakash-guest-house
prakriti-awas-homestay-in-rishikesh	prakriti-awas-homestay-in-rishikesh	g-ChIJj6h-l8Y_CTkRBfdbK8gyQEQ	Prakriti Awas Homestay in Rishikesh	prakriti-awas-homestay-in-rishikesh
prakruti-homestay	prakruti-homestay	g-ChIJZUZEAkYWCTkRx2uOAxMPX44	Prakruti Homestay	prakruti-homestay
prana-wellness-resort	prana-wellness-resort	g-ChIJy8LTXQAhCTkR7lz1FbKQfno	Prana Wellness Resort	prana-wellness-resort
prasanna-inn	prasanna-inn	prasanna	Hotel Prasanna Inn	hotel-prasanna-inn
pratham-homestay	pratham-homestay	g-ChIJXbyMc88XCTkRKlrCgcTIqzA	Pratham homestay	pratham-homestay
prayag-inn	prayag-inn	prayag	Hotel Prayag Inn	hotel-prayag-inn
prem-basant-homestay	prem-basant-homestay	g-ChIJcYXuNgAXCTkRewwPcgd6Jgg	Prem Basant Homestay	prem-basant-homestay
prem-basant-homestay	prem-basant-homestay	g-ChIJjxD9YhgWCTkRMBBPZSmK2Tc	Prem Basant Homestay - Apartment - Ground Floor	prem-basant-homestay-apartment-ground-floor
premium-2bhk-stay-in-rishikesh	premium-2bhk-stay-in	g-ChIJiRKEdPc9CTkROfLxXQ5jITw	Premium 2BHK Stay in Rishikesh - Two-Bedroom Apartment	premium-2bhk-stay-in-rishikesh-two-bedroom-apartment
pride-inn-by-maps-hospitality	pride-inn-by-maps-hospitality	g-ChIJsXWNiSYXCTkRisG4jIrnXtQ	Pride Inn by Maps Hospitality	pride-inn-by-maps-hospitality
prideinn-luxury-resort	prideinn-luxury-resort	resort-prideinn-luxury	Prideinn Luxury Resort	prideinn-luxury-resort
prithvi-hotel-aesthetic-rooms-with-netflix-in-upper-tapovan	prithvi-aesthetic-rooms-with-netflix-in-upper-tapovan	peacelily-ac-rooms-with-netflix-in-upper-tapovan	Prithvi Hotel – Aesthetic Quite Rooms in Upper Tapovan with Free Airport Pickup for 7 Or More Nights Booking	prithvi-hotel-aesthetic-quite-rooms-in-upper-tapovan-with-free-airport-pickup-for-7-or-more-nights-booking
prithvi-hotel-aesthetic-rooms-with-netflix-in-upper-tapovan	prithvi-aesthetic-rooms-with-netflix-in-upper-tapovan	prithvi-aesthetic-quite-rooms-with-smart-tv-ac	Prithvi Hotel Rishikesh – Aesthetic Quite Rooms with Smart TV, AC, WiFi and Free Airport Pickup for 7 Plus Night Stays in Upper Tapovan	prithvi-hotel-rishikesh-aesthetic-quite-rooms-with-smart-tv-ac-wifi-and-free-airport-pickup-for-7-plus-night-stays-in-upper-tapovan
prithvi-hotel-aesthetic-rooms-with-netflix-in-upper-tapovan	prithvi-aesthetic-rooms-with-netflix-in-upper-tapovan	prithvi-aesthetic-rooms-with-ac-good-light-free	Prithvi Hotel Rishikesh – Aesthetic Rooms with AC, Good Light, Free Airport Pickup for Min 7 Days Booking Upper Tapovan	prithvi-hotel-rishikesh-aesthetic-rooms-with-ac-good-light-free-airport-pickup-for-min-7-days-booking-upper-tapovan
prithvi-hotel-aesthetic-rooms-with-netflix-in-upper-tapovan	prithvi-aesthetic-rooms-with-netflix-in-upper-tapovan	prithvi-aesthetic-rooms-with-netflix-ac-room	Prithvi Hotel – Aesthetic Rooms with Netflix, AC, Room Heater in Upper Tapovan	prithvi-hotel-aesthetic-rooms-with-netflix-ac-room-heater-in-upper-tapovan
prithvi-hotel-aesthetic-rooms-with-netflix-in-upper-tapovan	prithvi-aesthetic-rooms-with-netflix-in-upper-tapovan	prithvi-rishikesh	Prithvi Hotel Rishikesh – Aesthetic Rooms in Upper Tapovan with Aircon, Smart TV and Free Airport Pickup for 7 Or More Nights Booking	prithvi-hotel-rishikesh-aesthetic-rooms-in-upper-tapovan-with-aircon-smart-tv-and-free-airport-pickup-for-7-or-more-nights-booking
punjab-sindh-kshetra-dharmshala	punjab-sindh-kshetra-dharmshala-rishikesh	g-ChIJXS_MVQMWCTkRO32y6bmcOqY	Punjab Sindh Kshetra Dharmshala Rishikesh	punjab-sindh-kshetra-dharmshala-rishikesh
qcent-baragarh	qcent-baragarh	g-ChIJ6ckkRQATCTkRt5O-ZkO9MQA	Qcent Baragarh	qcent-baragarh
radha-krishna-homestay	radha-krishna-homestay	g-ChIJDS3U1JE_CTkRsazgLAjsjkQ	Radha Krishna Homestay	radha-krishna-homestay
radha-krishna-homestay-two-bedroom-apartment	radha-krishna-homestay-two-bedroom-apartment	g-ChIJC2rA8T0-CTkRdyetvhG7Yq8	Radha Krishna Homestay - Two-Bedroom Apartment	radha-krishna-homestay-two-bedroom-apartment
rafters-den-camp-and-resort	rafters-den-camp-resort	g-ChIJl5e8tSYTCTkRea0w0ecqAS0	RAFTERS DEN CAMP & RESORT	rafters-den-camp-and-resort
rafting-and-camping-in-rishikesh	rafting-and-camping-in-rishikesh	g-ChIJW-jbkbUXCTkR2t9MRbQeQ_g	Rafting and Camping in Rishikesh	rafting-and-camping-in-rishikesh
rafting-ganga-adventure	rafting-ganga-adventure	g-ChIJV-AFvFAXCTkRvRoe6NFPgcw	Rafting Ganga Adventure	rafting-ganga-adventure
raghavs-retreat-rishikesh-two-bedroom-apartment-with-mountain-view	raghavs-retreat-rishikesh-two-bedroom-apartment-with-mountain-view	g-ChIJGRfW-js-CTkRXHUxNmbQLuE	Raghavs Retreat Rishikesh - Two-Bedroom Apartment with Mountain View	raghavs-retreat-rishikesh-two-bedroom-apartment-with-mountain-view
rainbow-resorts-and-spa	rainbow-resorts-spa	g-ChIJVVVVFGdICTkRCsNv2v1rALw	Rainbow Resorts & Spa	rainbow-resorts-and-spa
rainforest-resort	rainforest-resort	g-ChIJo2e8xcg7CTkR3uDBqwq2Uek	Rainforest Resort	rainforest-resort
rajaji-downtown-resort-and-cafe	resort-rajaji-downtown-cafe	g-ChIJuTnwKK8_CTkR__wygm_yvb0	Down town resorts	down-town-resorts
rajaji-forest-castle-rfc	rajaji-forest-castle-rfc	g-ChIJqV_HepM_CTkRr2DAatV1cQM	Rajaji Forest Castle - RFC	rajaji-forest-castle-rfc
rajaji-forest-inn	rajaji-forest-inn	g-ChIJI6Chn9Q_CTkRgHk-4WLTYGg	Rajaji forest inn	rajaji-forest-inn
rajaji-national-resort-chilla-dam	rajaji-national-resort-chilla-dam	g-ChIJ8-wCCgBBCTkRGHtfKnEfpco	Rajaji national resort chilla dam	rajaji-national-resort-chilla-dam
rajeev-ji-hotel	rajeev-ji-hotel	g-ChIJTfUEzTZHCTkRm7ZaKhhohAs	Rajeev Ji Hotel	rajeev-ji-hotel
rajgor-brahmin-ashram	rajgor-brahmin-ashram-haridwar	g-ChIJZSiZ7HU5CTkRh82vBWqpX0s	Rajgor Brahmin Ashram Haridwar	rajgor-brahmin-ashram-haridwar
rajveer	rajveer	g-ChIJ_Y8IovclCTkRPgr5QV2ty_c	RAJVEER	rajveer
rana-adventure	rana-adventure	g-ChIJxaqqWoARCTkRZQts8NFT5yE	RANA ADVENTURE	rana-adventure
rana-house	rana-house	g-ChIJ4fzdKAA_CTkR1uu5wbkDmiI	Rana house	rana-house
ransuli-resort-near-dehradun-and	ransuli-resort-near-dehradun-and-rishikesh	g-ChIJgzPwEgAhCTkRiiIO_OSFNwg	Ransuli - Resort near Dehradun and Rishikesh	ransuli-resort-near-dehradun-and-rishikesh
rasa-divine-rishikesh-two-bedroom-apartment	rasa-divine-rishikesh-two-bedroom-apartment	g-ChIJ-aP2eDg-CTkRQTjJTsIURis	RASA- DIVINE (Rishikesh) - Two-Bedroom Apartment	rasa-divine-rishikesh-two-bedroom-apartment
rawat-homestay-aiims-rishikesh-rishikesh	rawat-homestay-1	rawat-homestay-3	Rawat Homestay	rawat-homestay
rawat-rooms-and-hotels-services	rawat-rooms-and-hotels-services	g-ChIJj-8OA-M_CTkRTJT1ECu_Zr0	Rawat Rooms and Hotels services	rawat-rooms-and-hotels-services
red-velvet-resort	red-velvet-resort	g-ChIJgey2FrETCTkRvKY1FnNZhX0	Red Velvet Resort	red-velvet-resort
relax-inn	relax-inn	g-ChIJgSv9nvsRCTkRVgvwIvBLWe4	Relax inn	relax-inn
residenza-by-akhilesh-1-one-bedroom-apartment	residenza-by-akhilesh-1-one-bedroom-apartment	g-ChIJO3P6thU-CTkRv9HzYgBxBE8	Residenza by akhilesh 1 - One-Bedroom Apartment	residenza-by-akhilesh-1-one-bedroom-apartment
residenza-by-akhilesh-two-bedroom-apartment	residenza-by-akhilesh-two-bedroom-apartment	g-ChIJ3ZN7_W4-CTkR39vKMp6HvZk	Residenza by akhilesh - Two-Bedroom Apartment	residenza-by-akhilesh-two-bedroom-apartment
revathi-resorts	revathi-resorts	g-ChIJXy17A-AXCTkRP0WXU8Rj6lI	Revathi Resorts	revathi-resorts
revking-at-hotel-riverview	revking-at-hotel-riverview	g-ChIJzSAtYHRJCTkRvjcNvgMqgbY	Revking at Hotel Riverview	revking-at-hotel-riverview
rishikesh-camp	rishikesh-camp	g-ChIJtbs4azgRCTkRBEIzCzhQSdk	Rishikesh Camp	rishikesh-camp
rishikesh-central	rishikesh-central	g-ChIJBWmdtusXCTkRu7kDBUW0GSo	Rishikesh Central	rishikesh-central
rishikesh-forest-camp	rishikesh-forest-camp	g-ChIJkzQpakwXCTkRz_WPFwVpsUI	Rishikesh Forest camp	rishikesh-forest-camp
rishikesh-forest-resort	rishikesh-forest-resort	g-ChIJhWOGzskXCTkRkL3iJoter_0	Rishikesh forest resort,	rishikesh-forest-resort
rishikesh-heritage-resorts	rishikesh-heritage-resorts	g-ChIJS_21E_IXCTkRq4iCKf-k4qE	Rishikesh Heritage Resorts	rishikesh-heritage-resorts
rishikesh-holidays-luxurious-homestay-one-bedroom-apartment	rishikesh-holidays-luxurious-homestay-one-bedroom-apartment	g-ChIJDdIW-js-CTkRLm9AaSCACPg	Rishikesh Holidays - Luxurious HomeStay - One-Bedroom Apartment	rishikesh-holidays-luxurious-homestay-one-bedroom-apartment
rishikesh-hotels-the-grand-tapovan	rishikesh-hotels-the-grand-tapovan	g-ChIJPxikBjMRCTkRZewK2y1NOQw	Rishikesh Hotels | The Grand Tapovan	rishikesh-hotels-the-grand-tapovan
rishikesh-luxury-camping-resort	rishikesh-luxury-camping-resort	g-ChIJqdU5OlMXCTkRLKdAiEKvBos	Rishikesh Luxury Camping Resort	rishikesh-luxury-camping-resort
rishikesh-nature-retreat-homestay	rishikesh-nature-retreat-homestay	g-ChIJQd_9ZdI_CTkRHMVSy0l1GNo	Rishikesh Nature Retreat Homestay	rishikesh-nature-retreat-homestay
rishikesh-oasis-by-the-ganges-four-bedroom-luxury-apartment	rishikesh-oasis-by-the-ganges-four-bedroom-luxury-apartment	g-ChIJtWhsdPg9CTkRiB8H2JffHH8	Rishikesh Oasis By The Ganges - Four-Bedroom Luxury Apartment	rishikesh-oasis-by-the-ganges-four-bedroom-luxury-apartment
rishikesh-radha-krishna-divine-stay	rishikesh-radha-krishna-divine-stay	g-ChIJ9dkOLIY_CTkR-8JW_ILQecU	Rishikesh Radha Krishna Divine Stay	rishikesh-radha-krishna-divine-stay
rishikesh-sadan-a-yoga-and-spritual-retreat-hotel	rishikesh-sadan-a-yoga-spritual-retreat	sadan-a-yoga-and-spritual-retreat	Rishikesh Sadan A Yoga and Spritual Retreat Hotel	rishikesh-sadan-a-yoga-and-spritual-retreat-hotel
rishikesh-sadan-the-spiritual-retreat-hotel	sadan-the-spiritual-retreat	g-ChIJ-XHS5VYWCTkR3twDnugmB2s	Rishikesh Sadan	rishikesh-sadan
rishikesh-wellness-resort	rishikesh-wellness-resort	g-ChIJXY8gvBo_CTkRFOmNhESCkY0	Rishikesh Wellness Resort	rishikesh-wellness-resort
rishikeshstay	rishikeshstay	g-ChIJh9QuqDMXCTkRaJKpBL9lM9U	RishikeshStay	rishikeshstay
rishivashyam-98	rishivashyam-98	g-ChIJTzZbGFY_CTkRva0OJbe4kzU	Rishivashyam 98	rishivashyam-98
ritavana-boutique-homestay	ritavana-boutique-homestay-rishikesh	g-ChIJxbp1fBUXCTkRM_jehXC9HM0	Ritavana Boutique Homestay Rishikesh	ritavana-boutique-homestay-rishikesh
river-camp-cottages-rishikesh-economy-cottage-garden-view	river-camp-cottages-rishikesh-economy-cottage-garden-view	g-ChIJyyPv9LoWCTkRz_43UWZcYJU	River Camp Cottages Rishikesh - Economy Cottage, Garden View	river-camp-cottages-rishikesh-economy-cottage-garden-view
river-heaven-cottage	river-heaven-cottage	g-ChIJtdml8mcRCTkRO8dPTj3VpmE	River Heaven Cottage	river-heaven-cottage
river-heights	river-heights	g-ChIJp7DbiE4TCTkRDtn2NFAY8k0	River Heights	river-heights
river-hills-cottage-rishikesh-double-room-with-mountain-view	river-hills-cottage-rishikesh-double-room-with-mountain-view	g-ChIJSc0QzIYRCTkRS06yfiZfNvY	River Hills Cottage, Rishikesh - Double Room with Mountain View	river-hills-cottage-rishikesh-double-room-with-mountain-view
rivera-beach-camp	rivera-beach-camp	g-ChIJpbfNW18VCTkRuX2F9MMBV6g	Rivera beach camp	rivera-beach-camp
riveron-homestay-three-bedroom-villa	riveron-homestay-three-bedroom-villa	g-ChIJgb3nW2s_CTkR1jVg7OVOvEw	Riveron homestay - Three-Bedroom Villa	riveron-homestay-three-bedroom-villa
riverside-camping	riverside-camping	g-ChIJRwqIP_ETCTkRVsj2zIAlyeo	Riverside camping	riverside-camping
riverside-cottages-in-rishikesh	riverside-cottages-in-rishikesh	g-ChIJW9uLgoETCTkR-cNo-jvS8T8	Riverside Cottages in rishikesh	riverside-cottages-in-rishikesh
riverside-homestay-rishikesh-double-room-with-mountain-view	riverside-homestay-rishikesh-double-room-with-mountain-view	g-ChIJeXmRJ0UWCTkRWx9U10-GbnE	Riverside Homestay Rishikesh - Double Room with Mountain View	riverside-homestay-rishikesh-double-room-with-mountain-view
riverstone-camps-and-resorts	riverstone-camps-and-resorts	g-ChIJN5vH0iITCTkR-6DKGe37rdM	Riverstone Camps and Resorts	riverstone-camps-and-resorts
riverview-cottages	riverview-cottages	g-ChIJyXKReP4XCTkRoNgsvg1aIHE	Riverview Cottages	riverview-cottages
riviera-resort	riviera-resort	g-ChIJnYBcA6sWCTkR-u55aZ8L2wY	Riviera Resort	riviera-resort
romanchgiri-adventure-resort	romanchgiri-adventure-resort	g-ChIJ9fnfrKprCTkRHDiLt8d3GO4	Romanchgiri Adventure Resort	romanchgiri-adventure-resort
romanchgiri-adventure-resort-double-room	romanchgiri-adventure-resort-double-room	g-ChIJqbOq9rxrCTkRjmiulitQW1Y	Romanchgiri Adventure Resort - Double Room	romanchgiri-adventure-resort-double-room
room	room	g-ChIJAyG7aABJCTkRXx9_4BZny_w	Room	room
rosewood-apartment-hotel	apt-rosewood	apt-rosewood-1	Rosewood Apartment Hotel	rosewood-apartment-hotel
rosewood-apartment-hotel-sidcul	rosewood-apartment-hotel-sidcul-haridwar	g-ChIJd8chXOdJCTkRNpxduvlndRo	Rosewood Apartment Hotel - SIDCUL Haridwar	rosewood-apartment-hotel-sidcul-haridwar
royal-apartments	royal-apartments	g-ChIJ2QTCQ5w_CTkRR-ZHwlD7MpA	ROYAL APARTMENTS	royal-apartments
royal-guest-house	royal-guest-house	g-ChIJiy4rHnVJCTkRD0U2_dVjSKk	Royal Guest House	royal-guest-house
royal-pg	royal-pg	g-ChIJecvVaptJCTkRAdeTU2_DMRE	Royal PG	royal-pg
rudra-adventures	rudra-adventures-puijw	rudra-adventures	Rudra Adventures Hotel	rudra-adventures-hotel
rumk-homestay	rumk-homestay	g-ChIJWbAFQSY9CTkR-i4lbxgVaEw	Rumk Homestay	rumk-homestay
sabhya-sansar-three-bedroom-apartment	sabhya-sansar-three-bedroom-apartment	g-ChIJ0Wk4c1U_CTkR2qMHrJtit2o	Sabhya Sansar - Three-Bedroom Apartment	sabhya-sansar-three-bedroom-apartment
saffronstays-timber-nest-twin-pinewood-cottages-with-private-plunge-steam-sauna-shared-deck-11-mins-from-jolly-grant-two-bedroom-villa	saffronstays-timber-nest-twin-pinewood-cottages-with-private-plunge-st	g-ChIJa0pEg5EjCTkRYl_p3ped4vU	SaffronStays Timber Nest-twin pinewood cottages with private plunge, steam sauna, shared deck-11 mins from Jolly Grant - Two-Bedroom Villa	saffronstays-timber-nest-twin-pinewood-cottages-with-private-plunge-steam-sauna-shared-deck-11-mins-from-jolly-grant-two-bedroom-villa
sahaj-retreat-a-holistic-wellness-centre	sahaj-retreat-a-holistic-wellness-centre	g-ChIJLyNxYnIUCTkR1PMN0p1sOx8	Sahaj Retreat - A Holistic Wellness Centre	sahaj-retreat-a-holistic-wellness-centre
sai-devine-hotel	sai-devine-hotel	g-ChIJT9SjWAAPCTkRs3eRe1cJhhg	Sai devine hotel	sai-devine-hotel
sai-ganga-cottage-by-god-valley	sai-ganga-cottage-by-god-valley	g-ChIJzysyGaUXCTkRATi1lVSztdE	Sai Ganga Cottage by God Valley	sai-ganga-cottage-by-god-valley
sakshi-ganga-one-bedroom-apartment	sakshi-ganga-one-bedroom-apartment	g-ChIJP14GxE4-CTkRmxOU4h1qX6w	Sakshi ganga - One-Bedroom Apartment	sakshi-ganga-one-bedroom-apartment
samsara	samsara	g-ChIJFScjvxw-CTkRY74UAjUsiCY	Samsara	samsara
san-bloom-resort	san-bloom-resort	g-ChIJJXf07EoXCTkR7yuSKg27OJU	San Bloom Resort	san-bloom-resort
sanchi-homestay-hotel	sanchi-homestay-hotel	g-ChIJNS9RaEtLCTkRy8W9_GcEk4g	Sanchi Homestay hotel	sanchi-homestay-hotel
sanskritik-rural-stone-cottage-single-room-with-mountain-view	sanskritik-rural-stone-cottage-single-room-with-mountain-view	g-ChIJD2A2ydgiCTkRDodqmfex7Tw	Sanskritik Rural Stone Cottage - Single Room with Mountain View	sanskritik-rural-stone-cottage-single-room-with-mountain-view
sanskritik-rural-stone-cottages	sanskritik-rural-stone-cottages	g-ChIJL0XKmAY9CTkRrrmtxfocsx8	Sanskritik Rural Stone Cottages	sanskritik-rural-stone-cottages
santram-homestay	santram-homestay	g-ChIJHyZMsxkWCTkRRrLjg8XV_EI	SANTRAM HOMESTAY	santram-homestay
saramax-inn	saramax-haridwar-inn	saramax-inn	Saramax Inn	saramax-inn
sattva-by-the-ganga-triveni-ghat-rishikesh	sattva-by-the-ganga	g-ChIJDSzmYAAXCTkRl99geTwZSHE	Sattva - By the Ganga	sattva-by-the-ganga
sattva-by-the-ganga-triveni-ghat-rishikesh-2	sattva-by-the-ganga-x2zjy	g-ChIJNR2Bu689CTkR1FViKCx2ZJY	Sattva - By the Ganga	sattva-by-the-ganga
sattva-the-boutique-cottages	sattva-the-boutique-cottages	g-ChIJiZwkorEXCTkRFgtdh8p31FM	Sattva The Boutique cottages	sattva-the-boutique-cottages
saubhagya-home-stay	saubhagya-home-stay	g-ChIJ_VVjBgAlCTkRjCfbrYIZuKs	Saubhagya Home Stay	saubhagya-home-stay
saympur-rishikesh	saympur-rishikesh	g-ChIJ6fYpTQA_CTkR_iYz30_KlKE	Saympur Rishikesh	saympur-rishikesh
seva-sadan	seva-sadan	g-ChIJiZOWEU5GCTkRljD1uy8z1bk	Seva Sadan	seva-sadan
shambhala-cottage	shambhala-cottage	g-ChIJAVsp7c0XCTkR7JjOJIJ_vPk	Shambhala Cottage	shambhala-cottage
shankar-hotel	shankar-hotel	g-ChIJ09tS0H0SCTkRiV-71VNvdeI	Shankar Hotel	shankar-hotel
shankracharya-bhawan	shankracharya-bhawan	g-ChIJ8Rxs5xpHCTkR8mGW7BZFPlM	Shankracharya Bhawan	shankracharya-bhawan
shanti-hostel	hostel-shanti	hostel-shanti-aesthetic-room-with-netflix-ac-in-upper-tapovan	Shanti Hostel – Aesthetic Room with Netflix, & AC in Upper Tapovan	shanti-hostel-aesthetic-room-with-netflix-and-ac-in-upper-tapovan
shanti-niketan-dharamshala	shanti-niketan-dharamshala	g-ChIJOfz_GkNHCTkRjaMkgBnU0RI	Shanti Niketan Dharamshala	shanti-niketan-dharamshala
shanti-niketan-dharamshala	shanti-niketan-dharamshala	g-ChIJk8gkgQRHCTkRqaAUn1kCuBY	Sindhi Restaurant & Hotel	sindhi-restaurant-and-hotel
sharma-guest-house-near-emerald-riveria-haridwar-gazziwali-double-room-with-balcony	sharma-guest-house-near-emerald-riveria-haridwar-gazziwali-double-room	g-ChIJSxky1ThECTkR2TnrgsSboQ4	SHARMA guest house near emerald riveria Haridwar gazziwali - Double Room With Balcony	sharma-guest-house-near-emerald-riveria-haridwar-gazziwali-double-room-with-balcony
shaurya-inn	shaurya-rishikesh-inn	house-shaurya-rishikesh	Shaurya Guest House	shaurya-guest-house
shinjani-stays-peaceful-2bhk-in-tapovan-two-bedroom-apartment	shinjani-stays-peaceful-2bhk-in-tapovan-two-bedroom-apartment	g-ChIJ02C5-EQWCTkR_5e1bngHfrk	Shinjani Stays Peaceful 2BHK in Tapovan - Two-Bedroom Apartment	shinjani-stays-peaceful-2bhk-in-tapovan-two-bedroom-apartment
shiv-ganga-guest-house	shiv-ganga-guest-house	g-ChIJc3nmZT0WCTkR1diAkNTHQTs	Shiv Ganga Guest House	shiv-ganga-guest-house
shiv-ganga-homestay-elsewhere-in-haridwar	shiv-ganga-homestay-mroii	shiv-ganga-home-stay	Shiv Ganga Home Stay	shiv-ganga-home-stay
shiv-ganga-homestay-elsewhere-in-rishikesh	shiv-ganga-homestay	g-ChIJkxO0PgAXCTkRqrdF62p_LX8	Shiv Ganga Home Stay	shiv-ganga-home-stay
shiv-ganga-homestay-elsewhere-in-rishikesh	shiv-ganga-homestay	shiv-ganga-home-stay-p_lx8	Shiv Ganga Home Stay	shiv-ganga-home-stay
shiv-om-guest-house	shiv-om-guest-house	g-ChIJ__UoerVHCTkRqzay6xmbXrE	SHIV OM GUEST HOUSE	shiv-om-guest-house
shiv-vishram-grah-lodge-haridwar	shiv-vishram-grah-lodge-haridwar	g-ChIJd2UgJBtHCTkR8DyU0HFNMOA	Shiv Vishram Grah (Lodge) Haridwar.	shiv-vishram-grah-lodge-haridwar
shivalik-hotel-and-restaurant	shivalik-hotel-restaurant	g-ChIJJQgDkP1GCTkRsT5Pus2klAU	Shivalik Hotel & Restaurant	shivalik-hotel-and-restaurant
shivalik-odyssey	shivalik-odyssey	g-ChIJhUsnqQ0TCTkRRCuokvJ4GM0	Shivalik Odyssey	shivalik-odyssey
shivansh-home-stay	shivansh-home-stay	g-ChIJZwZWMAAXCTkRNTCq3dwkpPY	Shivansh home stay	shivansh-home-stay
shivanta-by-ektham-hotels	shivanta-by-ektham-hotels	g-ChIJa-taHXhHCTkRpvrDFWmPN50	Shivanta by Ektham Hotels	shivanta-by-ektham-hotels
shivay-adventure	shivay-adventure	g-ChIJf9oaqk09CTkRSJJNOctKmuw	Shivay Adventure	shivay-adventure
shiven-resort	shiven-resort	g-ChIJebNOOAAXCTkRzbAa896tca4	Shiven Resort	shiven-resort
shivganga-nature-resort	shivganga-nature-resort	g-ChIJaQIW2z4WCTkR2UsuC_BtZy4	Shivganga Nature Resort	shivganga-nature-resort
shivpuri-adventure-resort-and-camp	shivpuri-adventure-resort-and-camp	g-ChIJvybscw0XCTkR2dPXQE5kpkw	Shivpuri Adventure Resort And Camp	shivpuri-adventure-resort-and-camp
shivpuri-camping-booking	shivpuri-camping-booking	g-ChIJa3yoDUoRCTkRk60eHLlFmfE	Shivpuri Camping Booking	shivpuri-camping-booking
shivpuri-hills-camps	shivpuri-hills-camps	g-ChIJ08Pa4tQWCTkR-hLzyr6fodY	Shivpuri Hills Camp - Triple Room with Private Bathroom	shivpuri-hills-camp-triple-room-with-private-bathroom
shivshakti-homestay	shivshakti-homestay	g-ChIJT-lXnVY_CTkR8IHHbcNjjzo	Shivshakti Homestay	shivshakti-homestay
shiwalik-grand-5-bed-room-luxurious-homestay	shiwalik-grand-5-bed-room-luxurious-homestay	g-ChIJPVP5ZVJGCTkRcEp2I4TiqqM	Shiwalik Grand- 5 bed room luxurious homestay	shiwalik-grand-5-bed-room-luxurious-homestay
shiwalik-grand-7bedroom-luxurious-homestay	shiwalik-grand-7bedroom-luxurious-homestay	g-ChIJC50AZlJGCTkRKdodVYg-9sQ	Shiwalik Grand- 7bedroom luxurious homestay	shiwalik-grand-7bedroom-luxurious-homestay
shree-bhawalpur-bhawan-trust	shree-bhawalpur-bhawan-trust	g-ChIJt_lA7IBHCTkRwbMm-y7uusQ	Shree Bhawalpur Bhawan Trust	shree-bhawalpur-bhawan-trust
shree-g-cottage	shree-g-cottage-rishikesh	g-ChIJE41LCdQWCTkR9XaBSR1rXxM	Shree G Cottage - Rishikesh	shree-g-cottage-rishikesh
shree-g-cottage	shree-g-cottage-rishikesh	g-ChIJQ07AzboXCTkREzRJOVykAhU	Shree G Cottage and Camp	shree-g-cottage-and-camp
shree-jee-heights-heaven-hideout-on-the-ganges-one-bedroom-apartment	shree-jee-heights-heaven-hideout-on-the-ganges-one-bedroom-apartment	g-ChIJMbZ2tBU-CTkRgDextMXBdEU	Shree Jee Heights Heaven Hideout on the Ganges - One-Bedroom Apartment	shree-jee-heights-heaven-hideout-on-the-ganges-one-bedroom-apartment
shree-ji-inn-homestay	shree-ji-inn-homestay	g-ChIJOXCq9Qk-CTkRZCtOzrIY6Zw	Shree Ji Inn Homestay	shree-ji-inn-homestay
shree-nandeshwar-vatika	shree-nandeshwar-vatika	g-ChIJCajlcwBFCTkR5QxykFaPzwI	Shree nandeshwar vatika	shree-nandeshwar-vatika
shree-nath-dharamshala	shree-nath-dharamshala	g-ChIJiz93WwBHCTkRGOVLRs06vko	Shree nath dharamshala	shree-nath-dharamshala
shree-retreat	shree-retreat	g-ChIJHXOmsos_CTkRyKEIF9QDFYk	Shree Retreat	shree-retreat
shree-shyam-guest-house	house-shree-shyam	house-shree-shyam-haridwar	Shree Shyam Guest House	shree-shyam-guest-house
shree-ved-exotica	shree-ved-exotica	g-ChIJVU56nwcUCTkRWVTwE-ukKWk	Shree VED Exotica	shree-ved-exotica
shreeji-homestay	shreeji-homestay	g-ChIJO3yqZgA_CTkRw85waL9EZJQ	ShreeJi Homestay	shreeji-homestay
shreeji-homestay-deluxe-double-room-2-adults-1-child	shreeji-homestay-deluxe-double-room-2-adults-1-child	g-ChIJ5WOL4wA-CTkR4Mhj_U1dc2Y	ShreeJi Homestay - Deluxe Double Room (2 Adults + 1 Child)	shreeji-homestay-deluxe-double-room-2-adults-1-child
shreeniwas-guest-house	shreeniwas-guest-house	g-ChIJg5lZocBHCTkRaTmHnMhCF6c	Shreeniwas Guest House	shreeniwas-guest-house
shreshth-homestay-haridwar-family-room	shreshth-homestay-haridwar-family-room	g-ChIJ2xvzUGhGCTkRNfePLiYr_Zs	Shreshth Homestay Haridwar - Family Room	shreshth-homestay-haridwar-family-room
shri-banke-bihari-guest-house	shri-banke-bihari-guest-house	g-ChIJbdd_T4tHCTkRk6LHtI_Lg1o	Shri Banke Bihari Guest House	shri-banke-bihari-guest-house
shri-bhagwan-gopi-dham-dharmsala	shri-bhagwan-gopi-dham-dharmsala	g-ChIJxbNQAgBHCTkRRuQANegmxL8	Shri Bhagwan Gopi Dham Dharmsala	shri-bhagwan-gopi-dham-dharmsala
shri-ganga-dhaam	shri-ganga-dhaam	g-ChIJ1RwcJQ9FCTkR7VjZFpELxJg	Shri Ganga Dhaam	shri-ganga-dhaam
shri-hari-ganga	shri-hari-ganga-ux8bg	g-ChIJVR0qEfEXCTkRSrCDeFUX8bg	Shri Hari ganga	shri-hari-ganga
shri-harihar-bhawan	shri-harihar-bhawan	g-ChIJhbfN0P9GCTkRCYQl7HJh8bI	Shri Harihar Bhawan	shri-harihar-bhawan
shri-kheteswar-bhawan	shri-kheteswar-bhawan	g-ChIJDQb6kxBHCTkRDDd-MH-VJFg	Shri Kheteswar Bhawan	shri-kheteswar-bhawan
shri-namdev-dharmshala	shri-namdev-dharmshala	g-ChIJsxlj1v9GCTkRHsEQ8SZhr5w	Shri Namdev Dharmshala	shri-namdev-dharmshala
shri-neelkanth-dham	shri-neelkanth-dham	g-ChIJf0ERpd1HCTkRKbdgwcHrXjk	Shri Neelkanth Dham	shri-neelkanth-dham
shri-vyas-homestay-tranquility-peace-in-elegance	shri-vyas-homestay-tranquility-peace-in-elegance-h4nss	g-ChIJ6Q_R_FE-CTkRubb_HkHAFu4	Shri Vyas HomeStay-Tranquility & Peace in Elegance	shri-vyas-homestay-tranquility-and-peace-in-elegance
shri-vyas-homestay-tranquility-peace-in-elegance	shri-vyas-homestay-tranquility-peace-in-elegance-h4nss	g-ChIJhdTG_FE-CTkRRTozgjh4nss	Shri Vyas HomeStay-Tranquility Peace in Elegance	shri-vyas-homestay-tranquility-peace-in-elegance
shri-vyas-homestay-tranquility-peace-in-elegance	shri-vyas-homestay-tranquility-peace-in-elegance-h4nss	shri-vyas-homestay-tranquility-peace-in-elegance	Shri Vyas HomeStay – Tranquility & Peace in Elegance	shri-vyas-homestay-tranquility-and-peace-in-elegance
shubham-homestays	shubham-homestays	g-ChIJlefE7FM_CTkRa3Zcok1MMgk	Shubham Homestays	shubham-homestays
siddhaant-guest-house	siddhaant-guest-house	g-ChIJmah_4X5JCTkRE4mwTE7SC9c	Siddhaant Guest House	siddhaant-guest-house
silver-river-resort	silver-river-resort	g-ChIJFWyGqy4TCTkRulEcpu_o5cA	Silver River Resort | Mohan Chatti Rishikesh	silver-river-resort-mohan-chatti-rishikesh
simran	simran	g-ChIJ78irQQBJCTkRZle6UsDFWow	Simran	simran
sitara-premium-la-meridian-har-ki-pauri	la-meridian-near-harkepauri-road	city-empire	Hotel La Meridian Managed by Sitara Group	hotel-la-meridian-managed-by-sitara-group
sitara-premium-la-meridian-har-ki-pauri	la-meridian-near-harkepauri-road	sitara-premium-the-meridian	Sitara Premium the Meridian	sitara-premium-the-meridian
sitara-premium-royal-dot-haridwar-hotel	the-reo-lodge-haridwar	ramawati-top-rated-most-awarded-hotel-in	Sitara Premium the Royal Dot, Haridwar Hotel	sitara-premium-the-royal-dot-haridwar-hotel
sitaram-dharamsala	sitaram-dharamsala	g-ChIJK2kOLVdGCTkRZmXFpWxioZg	Sitaram Dharamsala	sitaram-dharamsala
sky-ganga-resort	sky-ganga-resort	g-ChIJr3a8YIsRCTkR2Bi1dImigF0	SKY GANGA RESORT	sky-ganga-resort
skylight-suites	skylight-suites	g-ChIJt_VTENs7CTkRV4aKnKMn2kM	Skylight Suites	skylight-suites
skyline-ridge-homestay	skyline-ridge-homestay	g-ChIJ_alFLlMXCTkRbBUIg0HxRao	Skyline Ridge Homestay	skyline-ridge-homestay
sneha-home-stay	sneha-home-stay	g-ChIJ8y4cCAAXCTkRkF9kjIL8e_0	Sneha Home Stay	sneha-home-stay
snow-white-resort-and-camping	snow-white-resort-and-camping	g-ChIJH84l43gVCTkRmgocc3-EMbA	Snow White Resort and Camping	snow-white-resort-and-camping
socialgully	socialgully	g-ChIJP4DnaAA_CTkR9C8_RMX3bhM	Socialgully	socialgully
sogreen-hostel	sogreen-hostel-rishikesh	g-ChIJd79RdJgXCTkRR865QgdPCKs	SoGreen Hostel Rishikesh	sogreen-hostel-rishikesh
solitude-homestay	solitude-homestay	g-ChIJudIRvxU-CTkRmLQ1Ck4ZiTo	Solitude Homestay	solitude-homestay
sonakshi-homestay-double-room-with-balcony-2-adults-1-child	sonakshi-homestay-double-room-with-balcony-2-adults-1-child	g-ChIJzbS8Rj8-CTkRzLxxu9H_iYM	Sonakshi Homestay - Double Room with Balcony (2 Adults + 1 Child)	sonakshi-homestay-double-room-with-balcony-2-adults-1-child
soulful-bliss-haridwar-a-riverside-homestay-one-bedroom-apartment	soulful-bliss-haridwar-a-riverside-homestay-one-bedroom-apartment	g-ChIJA9oz1ThECTkRQj6vWmbXXIg	Soulful Bliss Haridwar - A Riverside Homestay - One-Bedroom Apartment	soulful-bliss-haridwar-a-riverside-homestay-one-bedroom-apartment
spacious-5-br-penthouse-apartment	spacious-5-br-penthouse-apartment	g-ChIJH87rsvk9CTkRKkibuGezGlQ	Spacious 5 BR penthouse - Apartment	spacious-5-br-penthouse-apartment
sparsh-ganga-cottages-and-resort	sparsh-ganga-cottages-resort	g-ChIJyd3qv5UXCTkRqPrNivN22YQ	Sparsh Ganga Cottages & Resort	sparsh-ganga-cottages-and-resort
sparsh-ganga-homestay	sparsh-ganga-homestay	g-ChIJJ7zZJgAXCTkR87morjIncZM	Sparsh ganga homestay	sparsh-ganga-homestay
sparsh-himalayan-shivir-lekhak-gaon	sparsh-himalayan-shivir-lekhak-gaon	g-ChIJHfWjthkjCTkRrR79WOojcVQ	Sparsh Himalayan shivir lekhak gaon	sparsh-himalayan-shivir-lekhak-gaon
spatii-a-colorful-living-space-flat-4-b-2bhk-two-bedroom-apartment	spatii-a-colorful-living-space-flat-4-b-2-bhk-two-bedroom-apartment	g-ChIJqyXQJU8-CTkRRB6feZki8-I	Spatii a colorful living space flat 4-B ( 2 bhk) - Two-Bedroom Apartment	spatii-a-colorful-living-space-flat-4-b-2-bhk-two-bedroom-apartment
spontrail-laxman-jhula-hostel	hostel-spontrail-laxman-jhula	hostel-skyard-laxman-jhula	Skyard Hostel Rishikesh Laxman Jhula	skyard-hostel-rishikesh-laxman-jhula
spot-on-75654-yogananda-panchkarma-krndra	spot-on-75654-yogananda-panchkarma-krndra	g-ChIJfaiycCZFCTkR3G7T3fXjt3M	SPOT ON 75654 Yogananda Panchkarma Krndra	spot-on-75654-yogananda-panchkarma-krndra
spot-on-809721-ojasvi-in	spot-on-809721-ojasvi-in	g-ChIJhxERRABJCTkR2yTXAc20yGY	Ojasvi inn Hotel	ojasvi-inn-hotel
squirrel-shambhu-home-stay	squirrel-shambhu-home-stay	g-ChIJU4T3Iz0WCTkRphXsEjmEJd0	Squirrel Shambhu Home Stay	squirrel-shambhu-home-stay
sri-darshan-cottage	sri-darshan-cottage	g-ChIJfXLHuHcXCTkRHwhcm3mtamE	Sri Darshan Cottage	sri-darshan-cottage
sri-kuteer-abode-tucked-away-in-peaceful-nature-one-bedroom-apartment	sri-kuteer-abode-tucked-away-in-peaceful-nature-one-bedroom-apartment	g-ChIJVwfxpi8RCTkRXGiKorLalNs	SRI KUTEER Abode,tucked away in peaceful nature - One-Bedroom Apartment	sri-kuteer-abode-tucked-away-in-peaceful-nature-one-bedroom-apartment
srinivasa-homestay	srinivasa-homestay	g-ChIJaygbBgA9CTkR4uZRFwCTKoI	Srinivasa Homestay	srinivasa-homestay
srinivasa-homestay	srinivasa-homestay	srinivasa-homestay-by-yatrimap	Srinivasa Homestay Natraj Chowk Isbt by Yatrimap	srinivasa-homestay-natraj-chowk-isbt-by-yatrimap
stallion-hotel	stallion-hotel	g-ChIJi1xETahJCTkR6t1Q-c0KAW0	Stallion Hotel	stallion-hotel
starihotels-rishikesh	starihotels-rishikesh	g-ChIJMWXJf0YWCTkRblx0ibpHYd0	STARiHOTELS Rishikesh	starihotels-rishikesh
stay-sukoon-cottage-room	stay-sukoon-cottage-room	g-ChIJk9l4mKITCTkR7CTIGZHhV7s	STAY SUKOON- Cottage room	stay-sukoon-cottage-room
stay-sukoonn	stay-sukoonn	g-ChIJIc4SguUTCTkRqpuDwySv3MY	Stay Sukoonn	stay-sukoonn
stayvista-villa	stayvista-villa	g-ChIJwZcG9L5JCTkRehNuqfweYDw	StayVista Villa	stayvista-villa
staywell-cottage	staywell-cottage	g-ChIJWXdTpBcWCTkRSeVc1-nJaDo	Staywell Cottage	staywell-cottage
staywell-cottage-home-stay	staywell-cottage-home-stay	g-ChIJ3-OSBEcWCTkRsqtSWz9Ixas	STAYWELL COTTAGE HOME STAY	staywell-cottage-home-stay
sterling-mantra	sterling-mantra-haridwar	sterling-mantra	Sterling Mantra Haridwar Hotel	sterling-mantra-haridwar-hotel
strawbell-residency	strawbell-residency	g-ChIJx2IO8p49CTkRwXc5qOr8XBw	Strawbell Residency	strawbell-residency
studio-shiv-villa-rishikesh	studio-shiv-villa-rishikesh	g-ChIJd72gjwQVCTkRFj9aRU92kDc	STUDIO SHIV VILLA RISHIKESH	studio-shiv-villa-rishikesh
sukhdev-resort-rishikesh	sukhdev-resort-rishikesh	g-ChIJcxz-hSsVCTkRqxHveZPd_a8	SUKHDEV RESORT RISHIKESH	sukhdev-resort-rishikesh
sukoon-the-guest-house	sukoon-the-guest-house	g-ChIJkaLhoIlHCTkRJDrqIUGE-Xg	Sukoon the guest house	sukoon-the-guest-house
sulekha-home-stay	sulekha-home-stay	g-ChIJv0wmobE9CTkRayvaZfuRVlY	Sulekha Home Stay	sulekha-home-stay
sun-light-apartment-two-bedroom-apartment	sun-light-apartment-two-bedroom-apartment	g-ChIJc1wycz0-CTkRO3PYEM6_IS8	Sun Light Apartment - Two-Bedroom Apartment	sun-light-apartment-two-bedroom-apartment
sun-light-apartment-two-bedroom-apartment	sun-light-apartment-two-bedroom-apartment	g-ChIJw_M0Ez0-CTkRGQWYjZhVunE	Sun Light Apartment - Two-Bedroom Apartment	sun-light-apartment-two-bedroom-apartment
sun-light-apartment-two-bedroom-apartment	sun-light-apartment-two-bedroom-apartment	sun-light-apartment-two-bedroom-apartment-hvune	sun light apartment two bedroom apartment hvune	sun-light-apartment-two-bedroom-apartment-hvune
sunflower-hostel-and-hotel	sunflower-hostel-and-hotel-rishikesh	g-ChIJT9zWAI8XCTkRhjk9Nu2izBM	Sunflower Hostel and Hotel Rishikesh	sunflower-hostel-and-hotel-rishikesh
sunnyside-up-homestay	sunnyside-up-homestay	g-ChIJczfzC_1GCTkRKdxfLybyrqE	Sunnyside up Homestay	sunnyside-up-homestay
sunshine-homestay	sunshine-homestay	g-ChIJ89RaU2IXCTkRNTAv95Pf_GU	Sunshine Homestay	sunshine-homestay
superb-apartment-with-ac-in-vibrant	superb-apartment-with-ac-in-vibrant-rishikesh	g-ChIJrVrLvkUWCTkRAdzBRO4osYg	Superb apartment with AC in vibrant Rishikesh	superb-apartment-with-ac-in-vibrant-rishikesh
sushmas-homestay	sushma-s-homestay	g-ChIJoe3HNQs_CTkR0aOZHg7QPXM	Sushma's Homestay	sushmas-homestay
sushmas-homestay-2bhk	sushma-s-homestay-2bhk	g-ChIJV3ibGfs_CTkRthhnRGI_4Eo	Sushma's homestay-2BHK	sushmas-homestay-2bhk
swaastik-yog-homestay-double-or-twin-room	swaastik-yog-homestay-double-or-twin-room	g-ChIJeRW5ozc-CTkR59lOVGe89Ks	SWAASTIK YOG HOMESTAY - Double or Twin Room	swaastik-yog-homestay-double-or-twin-room
taj-rishikesh-resort-and-spa-uttarakhand	resort-taj-spa-uttarakhand	resort-taj-spa-uttarakhand-rishikesh	Taj Rishikesh Resort & Spa, Uttarakhand	taj-rishikesh-resort-and-spa-uttarakhand
taponiwas	taponiwas	g-ChIJubiQbAAXCTkRMhgc-9RcsXY	Taponiwas	taponiwas
tapovan-bliss-stay-serviced-apartment	tapovan-bliss-stay-serviced-apartment	g-ChIJGQywfgAXCTkR6EWpdq44g1I	Tapovan Bliss Stay – Serviced Apartment	tapovan-bliss-stay-serviced-apartment
tapovan-height-camp	tapovan-height-camp	g-ChIJmygH6_4XCTkR6UJBoRR3hbU	Tapovan height camp	tapovan-height-camp
tapovan-home-by-jabula-getaways	tapovan-home-by-jabula-getaways	tapovan-breeze-by-jabula-getaways	Tapovan Breeze by Jabula Getaways	tapovan-breeze-by-jabula-getaways
tapovan-home-by-jabula-getaways	tapovan-home-by-jabula-getaways	tapovan-sunshine-stay-by-jabula-getaways	Tapovan Sunshine Stay by Jabula Getaways	tapovan-sunshine-stay-by-jabula-getaways
tapovan-inn	tapovan-inn	hotel-rishikesh-inn	Rishikesh Inn	rishikesh-inn
tapovan-rise-cottages-and-cafe	tapovan-rise-cottages-and-cafe-rishikesh	o-tapovan-rise-cottages-and-cafe	Hotel O Tapovan Rise Cottages and Cafe	hotel-o-tapovan-rise-cottages-and-cafe
tapovan-swiss-camp	tapovan-swiss-camp	g-ChIJt_koWNkXCTkRiA4lBjW6KFY	Tapovan Swiss Camp	tapovan-swiss-camp
tatsat-hostel	hostel-tatsat	hostel-og-life	Tatsat Hostel & Cafe	tatsat-hostel-and-cafe
tejasvi-guest-house	tejasvi-guest-house	g-ChIJ0RLqWFtLCTkROe2pQMvGu1Y	Tejasvi guest house	tejasvi-guest-house
thakur-house	thakur-house	g-ChIJo7Y7dAAlCTkRcYngmBuo5Fc	Thakur House	thakur-house
thano-hills-resort-and-restaurant	thano-hills-resort-and-restaurant	g-ChIJ43qpq3wjCTkRPTF_01altYs	THANO HILLS RESORT AND RESTAURANT	thano-hills-resort-and-restaurant
the-aatithiyam-resort-dehradun-a-family-resort	the-aatithiyam-resort-dehradun-a-family-resort	g-ChIJ_yMQbholCTkR1b_v-0i97FU	The Aatithiyam Resort, Dehradun (A Family Resort)	the-aatithiyam-resort-dehradun-a-family-resort
the-abhyudyam-ganga-hotel	the-abhyudyam-ganga	the-abhyudyam-ganga-haridwar	Hotel the Abhyudyam Ganga	hotel-the-abhyudyam-ganga
the-anand-mountain-view-apartment-two-bedroom-apartment	the-anand-mountain-view-apartment-two-bedroom-apartment	g-ChIJV2OZ_0QWCTkRH4DZrh0lxIQ	The Anand Mountain View Apartment - Two-Bedroom Apartment	the-anand-mountain-view-apartment-two-bedroom-apartment
the-anand-with-ganga-view-and-rooftop-cafe-two-bedroom-apartment	the-anand-with-ganga-view-and-rooftop-cafe-two-bedroom-apartment	g-ChIJXx6oVUQWCTkR8Q1znpvhtSw	The Anand with Ganga View and Rooftop Cafe - Two-Bedroom Apartment	the-anand-with-ganga-view-and-rooftop-cafe-two-bedroom-apartment
the-aranya	the-aranya	g-ChIJGw3bIgojCTkRYzqvEz9RC0A	The aranya	the-aranya
the-aravali-resort	the-aravali-resort	g-ChIJ429JofkTCTkRUaybtfmsKkc	The Aravali Resort	the-aravali-resort
the-army-house	the-army-house	g-ChIJcdE0Ea0_CTkRvKS15i0pnc4	The Army House	the-army-house
the-army-house	the-army-house	g-ChIJrybuFdM_CTkRCti3AvyKRTM	The Army House	the-army-house
the-army-house	the-army-house	the-army-house-ykrtm	The Army House	the-army-house
the-army-house-1-a-luxury-suite-with-river-mountains-view-one-bedroom-apartment	the-army-house-1-a-luxury-suite-with-river-mountains-view-one-bedroom-	g-ChIJ5QXnJE8-CTkR1VS30jawc6k	The Army House 1 - A luxury suite with river mountains view - One-Bedroom Apartment	the-army-house-1-a-luxury-suite-with-river-mountains-view-one-bedroom-apartment
the-army-house-4-condo-with-ganga-mountains-view-one-bedroom-apartment	the-army-house-4-condo-with-ganga-mountains-view-one-bedroom-apartment	g-ChIJ_-wCJU8-CTkROqN2ImffoMo	The Army House 4-Condo with ganga mountains view - One-Bedroom Apartment	the-army-house-4-condo-with-ganga-mountains-view-one-bedroom-apartment
the-army-house-6-premium-condo-with-mountain-view-one-bedroom-apartment	the-army-house-6-premium-condo-with-mountain-view-one-bedroom-apartmen	g-ChIJZ3lDdVE-CTkRP6mFepsLQ64	The Army house 6- Premium condo with mountain view - One-Bedroom Apartment	the-army-house-6-premium-condo-with-mountain-view-one-bedroom-apartment
the-army-house-a-serene-homestay-with-river-views	the-army-house-a-serene-homestay-with-river-views	g-ChIJhwHiJE8-CTkRrmtdt-3G1BY	The Army house: A serene homestay with River Views	the-army-house-a-serene-homestay-with-river-views
the-badal-stops	the-badal-stops	g-ChIJVYNQDPcXCTkRUxeRCmQ_nkI	The Badal stops	the-badal-stops
the-blissful-retreat-one-bedroom-apartment	the-blissful-retreat-one-bedroom-apartment	g-ChIJ_-wCJU8-CTkRNCZtXkENz2o	The Blissful Retreat - One-Bedroom Apartment	the-blissful-retreat-one-bedroom-apartment
the-blissful-retreat-one-bedroom-apartment	the-blissful-retreat-one-bedroom-apartment	g-ChIJ_-wCJU8-CTkROaXmSOhSIKQ	The Blissful Retreat - One-Bedroom Apartment	the-blissful-retreat-one-bedroom-apartment
the-blissful-retreat-one-bedroom-apartment	the-blissful-retreat-one-bedroom-apartment	the-blissful-retreat-one-bedroom-apartment-hsikq	the blissful retreat one bedroom apartment hsikq	the-blissful-retreat-one-bedroom-apartment-hsikq
the-bougainvillea-cottage-private-2br-farm-stay-with-hill-and-orchard	the-bougainvillea-cottage-private-2br-farm-stay-with-hill-and-orchard-	g-ChIJ7cG6gxglCTkRQ4TfgfUzfos	The Bougainvillea Cottage - Private 2BR Farm-Stay with Hill and Orchard Views - Family Room	the-bougainvillea-cottage-private-2br-farm-stay-with-hill-and-orchard-views-family-room
the-bungalows-river-front	the-bungalows-river-front-rishikesh	g-ChIJ04tCx1oWCTkRE8Vahhsa2sg	The Bungalows River Front Rishikesh	the-bungalows-river-front-rishikesh
the-calmora-river-resort	the-calmora-river-resort	g-ChIJbQ4ZHYEVCTkRiVRYnW3r2AY	The Calmora River Resort	the-calmora-river-resort
the-carnation-mound	the-carnation-mound	g-ChIJcfSVaoo-CTkRtHSB7NG2yQ8	The carnation mound	the-carnation-mound
the-chirping-sal-villa-by-shivstuti-homestays-king-room-with-mountain-view	the-chirping-sal-villa-by-shivstuti-homestays-king-room-with-mountain-	g-ChIJCw0qzDclCTkR_IF_nLSVdyw	The Chirping Sal Villa by ShivStuti Homestays	the-chirping-sal-villa-by-shivstuti-homestays
the-chirping-sal-villa-by-shivstuti-homestays-king-room-with-mountain-view	the-chirping-sal-villa-by-shivstuti-homestays-king-room-with-mountain-	g-ChIJmSyf2iAkCTkRVIEMRPWeKAs	The Chirping Sal Villa, by ShivStuti HomeStays - King Room with Mountain View	the-chirping-sal-villa-by-shivstuti-homestays-king-room-with-mountain-view
the-dancing-leaves	the-dancing-leaves	g-ChIJm-u5DQAXCTkRgXXKPZw_MJw	The Dancing Leaves	the-dancing-leaves
the-farm-stay	the-farm-stay	g-ChIJmZ3zHgAjCTkRd97N4ApxQ3w	THE Farm Stay	the-farm-stay
the-forestaa-resort	the-forestaa-resort	g-ChIJtUkuLbhFCTkR4gddBdk5PYE	The Forestaa Resort	the-forestaa-resort
the-ganga-bliss	the-ganga-bliss-rishikesh	bliss-ganga	Hotel Bliss Ganga	hotel-bliss-ganga
the-ganga-bliss	the-ganga-bliss-rishikesh	bliss-ganga-uttarakhand	Bliss Ganga Rishikesh, Uttarakhand	bliss-ganga-rishikesh-uttarakhand
the-ganga-bliss-rishikesh-two-bedroom-apartment	the-ganga-bliss-rishikesh-two-bedroom-apartment	g-ChIJXVA4rjg-CTkRDXiNM3pDo20	The Ganga Bliss Rishikesh - Two-Bedroom Apartment	the-ganga-bliss-rishikesh-two-bedroom-apartment
the-grand-alova-by-wild-heritage	the-grand-alova-by-wild-heritage	g-ChIJqa-zC9MRCTkReEnt4_NQXKU	The Grand Alova by Wild Heritage	the-grand-alova-by-wild-heritage
the-grand-haveli-resort-by-atya-hotels	the-grand-haveli-resort-by-atya-hotels	g-ChIJZ5j4WxQVCTkRQbqyL2S1dIw	The Grand Haveli Resort by Atya Hotels	the-grand-haveli-resort-by-atya-hotels
the-green-icon-resort-a-feel-of-heaven	the-green-icon-resort-a-feel-of-heaven	g-ChIJC69LKMAjCTkRwwRurpkvBAA	The Green Icon Resort - A feel of heaven	the-green-icon-resort-a-feel-of-heaven
the-greenview-homestay	the-greenview-homestay	g-ChIJ_zdPt6sXCTkR6BrLGhnMVhk	The GreenView HomeStay	the-greenview-homestay
the-happy-avenue-ii-3bhk-apartment-three-bedroom-apartment-with-balcony	the-happy-avenue-ii-3-bhk-apartment-three-bedroom-apartment-with-balco	g-ChIJL0DcTUQWCTkRuokAKPco6FI	The Happy Avenue II 3 BHK Apartment - Three-Bedroom Apartment With Balcony	the-happy-avenue-ii-3-bhk-apartment-three-bedroom-apartment-with-balcony
the-heritage	the-heritage-rishikesh	g-ChIJYz2gkRc-CTkR0ZOyFXiCn9w	Heritage Rishikesh Hotel	heritage-rishikesh-hotel
the-heritage	the-heritage-rishikesh	heritage-rishikesh-hotel	Heritage Rishikesh Hotel	heritage-rishikesh-hotel
the-hillstead-tapovan-2bhk	the-hillstead-tapovan-2bhk	the-estuary-tapovan-2-bhk-apt	The Estuary Tapovan 2BHK Apt	the-estuary-tapovan-2bhk-apt
the-hillstead-tapovan-2bhk	the-hillstead-tapovan-2bhk	the-hillstead-tapovan-2bhk-apt	The Hillstead Tapovan 2BHK Apt	the-hillstead-tapovan-2bhk-apt
the-hivel-paradise	the-hivel-paradise	g-ChIJX9r14aMTCTkR513nQPQlMv8	The Hivel Paradise	the-hivel-paradise
the-holiday-home	the-holiday-home	the-holiday-home-249192	Hotel the Holiday Home	hotel-the-holiday-home
the-holiday-home	the-holiday-home	the-holiday-home-rishikesh-249192	Hotel the Holiday Home	hotel-the-holiday-home
the-holy-ganga	the-holy-ganga	g-ChIJCeeG_ws_CTkR5-NiFHUPg8Q	The Holy Ganga	the-holy-ganga
the-hosteller-rishikesh-ganges	the-hosteller-rishikesh-ganges	g-ChIJg8bQX5UXCTkRRMNTep_NWeo	The Hosteller Rishikesh, Ganges	the-hosteller-rishikesh-ganges
the-hotel-classic	the-hotel-classic	g-ChIJm_VwAwBHCTkRSZ8_gwwBE4I	THE HOTEL CLASSIC	the-hotel-classic
the-hotel-jrs	the-jrs	the-jrs-rishikesh	The Jrs Hotel	the-jrs-hotel
the-jungle-retreat	the-jungle-retreat	g-ChIJ7eW4r9trCTkRrcO9bysjaeo	The Jungle Retreat	the-jungle-retreat
the-jungle-view-guest-house-four-bedroom-house	the-jungle-view-guest-house-four-bedroom-house	g-ChIJE7h3XnckCTkRP9HzTyg6dqA	The jungle view guest house - Four-Bedroom House	the-jungle-view-guest-house-four-bedroom-house
the-leela-house-by-qintara-living	the-leela-house-by-qintara-living	g-ChIJiWJeGkkXCTkRx93uIgfYx-8	The Leela House by Qintara Living	the-leela-house-by-qintara-living
the-manstays-haridwar-15-mins-from-har-ki-pauri	3-bedroom-luxe-penthouse-nearby-harkipauri-by-manstays	g-ChIJ5Rf7pl5HCTkRcU1XSHeJF0E	Luxe 2 BR. Slow Living Apartment by the ManStays!	luxe-2-br-slow-living-apartment-by-the-manstays
the-manstays-homestay-nearby-ganges	the-manstays-homestay-nearby-ganges	g-ChIJDRZzM41HCTkRdLZ6FgBwhDI	The ManStays (Homestay nearby Ganges)	the-manstays-homestay-nearby-ganges
the-mountain-hut	the-mountain-hut	g-ChIJyTY6K-0XCTkRdoJLsaaacbc	The Mountain Hut	the-mountain-hut
the-mountain-view-hotel	the-mountain-view	g-ChIJYe5TwokXCTkRCPFa6-MtBsw	Hotel The Mountain View Tapovan by TreeTown Hospitalty	hotel-the-mountain-view-tapovan-by-treetown-hospitalty
the-mountain-view-hotel	the-mountain-view	hotel-the-mountain-view-tapovan-by-treetown-hospitalty	Hotel the Mountain View Tapovan by TreeTown Hospitalty	hotel-the-mountain-view-tapovan-by-treetown-hospitalty
the-mountain-view-hotel	the-mountain-view	mountain-view-skht	The Mountain View Tapovan	the-mountain-view-tapovan
the-mountain-view-hotel	the-mountain-view	the-mountain-view-rishikesh	Hotel the Mountain View	hotel-the-mountain-view
the-ncr-resort-and-cafe	the-ncr-resort-cafe	g-ChIJsTU3EKYXCTkRdv--bdkRpEA	The NCR Resort & Cafe	the-ncr-resort-and-cafe
the-neelkanth-resort	the-neelkanth-resort	g-ChIJbWL-RgATCTkR7E_8UCK9z-Q	The Neelkanth Resort	the-neelkanth-resort
the-neeraj-ganga-cottages	the-neeraj-ganga-cottages	g-ChIJCyaM3sI_CTkR_xW10RTwNks	The Neeraj Ganga Cottages with Ganga Ghat Access	the-neeraj-ganga-cottages-with-ganga-ghat-access
the-neeraj-river-forest-resort	the-neeraj-river-forest-resort	g-ChIJM9B7GwAXCTkR7_9MhPgXG0c	The neeraj river forest resort	the-neeraj-river-forest-resort
the-neeraj-river-forest-resort-ayurvedic-wellness-center	resort-the-neeraj-river-forest-ayurvedic-wellness-center	g-ChIJOV55f3w_CTkRJS7w9uIZfE4	The Neeraj River Forest Resort - Resort in Rishikesh	the-neeraj-river-forest-resort-resort-in-rishikesh
the-nines-resort	the-nines-resort	g-ChIJ48Jz0_A_CTkRTtW3cgP2ogQ	The Nines Resort	the-nines-resort
the-odin-cottage	the-odin-cottage-rishikesh	g-ChIJYfHHijwWCTkRDycs3uHkQ5Y	The Odin Cottage, Rishikesh	the-odin-cottage-rishikesh
the-olivia-by-shri-hari-group	the-olivia-by-shri-hari-group	g-ChIJO8v2TpYXCTkRPXm_hhdwWkc	The Olivia by Shri Hari Group	the-olivia-by-shri-hari-group
the-orchid-rishivan	the-orchid-rishivan-rishikesh	g-ChIJfzus3ZsTCTkRNh3A1JtmAKs	The Orchid Rishivan Rishikesh	the-orchid-rishivan-rishikesh
the-pahadi-trail	the-pahadi-trail	g-ChIJuZTDieQXCTkRgBPfViGRunA	The Pahadi Trail	the-pahadi-trail
the-palm-view-resort	the-palm-view-resort	g-ChIJNfzo7ykVCTkRJAl54sk6OPY	The Palm View Resort	the-palm-view-resort
the-palms-resort	the-palms-resort	g-ChIJT_mRzNk-CTkRlz8s15vfBgs	The Palms Resort	the-palms-resort
the-palms-resort	the-palms-resort	g-ChIJa_B7nE0_CTkR6KAogpfwuwA	The Palms Resorts	the-palms-resorts
the-parth-resort	the-parth-resort	g-ChIJe4h13C8RCTkRNBFBHxWUAnc	The Parth Resort	the-parth-resort
the-rampour-rishikesh-a-brigadiers-cottage-collection	the-rampour-a-brigadiers-cottage-collection	g-ChIJz5jqmIUXCTkRyIeP21ypeDs	The Rampour, Rishikesh - A Brigadiers Cottage Collection	the-rampour-rishikesh-a-brigadiers-cottage-collection
the-riverside-paradise	the-riverside-paradise	g-ChIJS4ZUWgAXCTkR_xxLhloqoOo	The Riverside Paradise	the-riverside-paradise
the-roseate-ganges	the-roseate-ganges-rishikesh	g-ChIJgSjB9RgRCTkRCeGEvDIfKWY	The Roseate Ganges Rishikesh	the-roseate-ganges-rishikesh
the-roxxy-royal	the-roxxy-royal	g-ChIJqWdMJG4XCTkRIUsjoOfgpJ4	The Roxxy Royal	the-roxxy-royal
the-royal-aroma	the-royal-aroma	g-ChIJ7dGovYBHCTkR4mnobJWekIQ	The Royal Aroma	the-royal-aroma
the-royal-aroma	the-royal-aroma	oyo-townhouse-853-the-royal-aroma	OYO Townhouse 853 Hotel the Royal Aroma	oyo-townhouse-853-hotel-the-royal-aroma
the-royal-galaxy-hotel	the-royal-galaxy	hotel-rishikesh-249	Rishikesh Tapovan Royal Galaxy	rishikesh-tapovan-royal-galaxy
the-royalistiq	the-royalistiq-rishikesh	g-ChIJBUuspUUWCTkR0AIdVmWknW0	The Royalistiq Rishikesh	the-royalistiq-rishikesh
the-royalistiq	the-royalistiq-rishikesh	royalistiq	Royalistiq Hotel	royalistiq-hotel
the-rudraksh-resort	the-rudraksh-resort	g-ChIJQzYZukwVCTkRmxT7Eo9gupU	The Rudraksh Resort	the-rudraksh-resort
the-seven-hills-resort	the-seven-hills-resort	g-ChIJ8RCMBwAVCTkRbi6nef5cmpg	The Seven Hills Resort	the-seven-hills-resort
the-shivalik-adventure	the-shivalik-adventure	g-ChIJvXLuQxoWCTkR5VlgvaTLAK8	The Shivalik Adventure	the-shivalik-adventure
the-shore-travelista	the-shore-travelista	the-shore-by-blue-waves	Hotel the Shore by Imperial Heaven Hotels	hotel-the-shore-by-imperial-heaven-hotels
the-silhouette	the-silhouette	g-ChIJiSqLKOoXCTkRS_UzmDK0qdE	The Silhouette	the-silhouette
the-unicorn-camps	the-unicorn-camps	g-ChIJNcj_mIIXCTkRu9LnFrkzp5M	The Unicorn Camps	the-unicorn-camps
the-water-front-resort	the-water-front-resort-rishikesh	g-ChIJXckOQa8TCTkRPpPMzf3ZYYY	The Water Front Resort, Rishikesh	the-water-front-resort-rishikesh
the-winterline-resort-and-restaurant	the-winterline-resort-restaurant	g-ChIJES0BbzMZCTkRbq93sOrYTJE	The Winterline Resort & Restaurant	the-winterline-resort-and-restaurant
the-yachis	the-yachi-s	g-ChIJNcjTXQAXCTkRAccvEjrlphg	The Yachi's	the-yachis
the-yogasthali-hotel	the-yogasthali	in-yogasthali	Hotel in Rishikesh – Yogasthali	hotel-in-rishikesh-yogasthali
the-yogasthali-hotel	the-yogasthali	super-oyo-capital-o-yogasthali-and-spa	Super OYO Capital O Yogasthali Inn Hotel and Spa	super-oyo-capital-o-yogasthali-inn-hotel-and-spa
tiger-estate-by-opulence-hotels	tiger-estate-by-opulence-hotels	g-ChIJ8Y6ZHVEVCTkRUYFjAM4kGlI	TIGER ESTATE BY OPULENCE HOTELS	tiger-estate-by-opulence-hotels
tiger-estate-by-opulence-hotels	tiger-estate-by-opulence-hotels	g-ChIJx4luj3sUCTkRuE4pMtTwPX8	Grandeur's Tiger Estate	grandeurs-tiger-estate
treepie-resorts	treepie-resorts	resort-treepie-river-by-live-hotels	Treepie River Resort by Live Inn Hotels	treepie-river-resort-by-live-inn-hotels
tripforlife-camps-and-cottages	tripforlife-camps-and-cottages	g-ChIJ_5TVKh8XCTkR7Q7YWszwiyQ	Tripforlife Camps and Cottages	tripforlife-camps-and-cottages
tripti-cottage	tripti-cottage	g-ChIJHweDm0UWCTkRB-7nP3FWURU	Tripti Cottage	tripti-cottage
tripti-guesthouse	tripti-guesthouse	g-ChIJV2hsgkUWCTkRsh6pXaTeowM	Tripti Guesthouse	tripti-guesthouse
trivansh-resort	trivansh-resort	g-ChIJf-2xHwARCTkRKpnQhu01q08	Trivansh resort	trivansh-resort
triyugi-hotel	triyugi	triyugi-haridwar	Hotel Triyugi	hotel-triyugi
ubex-home	ubex-home	goroomgo-ubex-home-jungle-safari-restaurant	Goroomgo Ubex Home Rishikesh – Jungle Safari – Restaurant	goroomgo-ubex-home-rishikesh-jungle-safari-restaurant
umiya-dham-aashram	umiya-dham-aashram	g-ChIJayt49XA5CTkRotSx9EBylwc	Umiya Dham Aashram	umiya-dham-aashram
umra-grace-hotel-near-haridwar-railway-station	hotel-haridwar-73	umra-grace-in-by-perfect-stayz	Perfectstayz Value Umra Grace – Near Haridwar Railway Station	perfectstayz-value-umra-grace-near-haridwar-railway-station
unwind-resort-and-adventure	unwind-resort-and-adventure	g-ChIJ5304MAAVCTkRksCEsFSpTRo	UNWIND RESORT AND ADVENTURE	unwind-resort-and-adventure
unwind-resort-and-adventure	unwind-resort-and-adventure	g-ChIJi1wvUb0VCTkROkYTwo7y7q4	Unwind Resort And Camp	unwind-resort-and-camp
uper-tapovan-vatsalya-hotel-and-yoga	uper-tapovan-vatsalya-hotel-and-yoga	g-ChIJka3zbgAXCTkR7gLaOZbKIMY	Uper tapovan Vatsalya hotel and yoga	uper-tapovan-vatsalya-hotel-and-yoga
upmanyu-guest-house	upmanyu-guest-house	g-ChIJv1HSml5HCTkR5056UFZjPWQ	UPMANYU GUEST HOUSE	upmanyu-guest-house
utopia-4-one-bedroom-standard-apartment	utopia-4-one-bedroom-standard-apartment	g-ChIJC0X4u0kWCTkR3Qzq6cFn028	Utopia-4 - One-Bedroom Standard Apartment	utopia-4-one-bedroom-standard-apartment
utopia-resorts	utopia-resorts	g-ChIJtwz6TQAXCTkR6ftc1wwwEMg	Utopia Resorts	utopia-resorts
utsav-hotel	utsav-hotel	g-ChIJJSWH-NslCTkR4bg2UKR_NA8	Utsav Hotel	utsav-hotel
uvs-homestay	uvs-homestay	g-ChIJ6yDNcVJGCTkRR6mT5C_lXDM	UVs Homestay - Deluxe Double or Twin Room with Balcony	uvs-homestay-deluxe-double-or-twin-room-with-balcony
uvs-homestay	uvs-homestay	g-ChIJ6yDNcVJGCTkRggGODGAIb6Y	UVs Homestay - Double Room with Extra Bed	uvs-homestay-double-room-with-extra-bed
vaatika-resort-best-resort-in-rishikesh	vaatika-resort-best-resort-in-rishikesh	g-ChIJxZffX14TCTkRTXln568MFDc	Vaatika Resort - Best Resort in Rishikesh	vaatika-resort-best-resort-in-rishikesh
van-vilas-resort-and-spa	van-vilas-resort-and-spa	g-ChIJEYVxK70_CTkRhsIk4JtB30E	Van Vilas Resort And Spa	van-vilas-resort-and-spa
vanasutra-resort	vanasutra-resort	g-ChIJK6T-EyQ_CTkRNV1p3x9xS_I	Vanasutra Resort	vanasutra-resort
vanasutra-resort	vanasutra-resort	g-ChIJZSv6_5xqCTkRQQkJ8bo_ktQ	VanaSutra Resort By Alaya Stays	vanasutra-resort-by-alaya-stays
vanasutra-resort	vanasutra-resort	vanasutra-resort-by-alaya-stays	VanaSutra Resort by Alaya Stays	vanasutra-resort-by-alaya-stays
vanasutra-resort	vanasutra-resort	vanasutra-resort-by-alaya-stays-o_ktq	vanasutra resort by alaya stays	vanasutra-resort-by-alaya-stays
vantara-holidays	vantara-holidays	g-ChIJ0Rih519HCTkRAsQnEaW39Ao	Vantara Holidays	vantara-holidays
vasu-guest-house	vasu-guest-house	g-ChIJGd4g10JHCTkROogv_DjsBM4	Vasu Guest House	vasu-guest-house
vayu-nivasa-studio-in-tapovan	vayu-nivasa-studio-in-tapovan	g-ChIJAdnC-_EXCTkR87AbqkCJ6u4	Vayu - Nivasa | Studio in tapovan	vayu-nivasa-studio-in-tapovan
vedant-hotel	vedant-hotel	g-ChIJVSOYewAXCTkRof0Q_t36nhs	Vedant Hotel	vedant-hotel
vedant-resort	vedant-resort	g-ChIJsd6L5BoWCTkRRC7l6cUBUH8	Vedant Resort	vedant-resort
vedantam-hotel	vedantam	vedantam-1	Vedantam Hotel	vedantam-hotel
vedantam-hotel	vedantam	vedantam-haridwar	Hotel Vedantam	hotel-vedantam
vedic-portico-hotel	vedic-portico-hotel-haridwar	g-ChIJK_W6qo5LCTkRT6WXvjLdwFo	Vedic Portico Hotel Haridwar	vedic-portico-hotel-haridwar
vedika-home-stay-family-only	vedika-home-stay-family-only	g-ChIJHS-HTQA_CTkR8x_qlYhAt7I	vedika home stay(family only)	vedika-home-stay-family-only
veerbhadra-homestay-rishikesh-double-room	veerbhadra-homestay-rishikesh-double-room	g-ChIJFyxOoRU-CTkRb3vO8ebs4YA	Veerbhadra Homestay Rishikesh - Double Room	veerbhadra-homestay-rishikesh-double-room
vega-homes-elsewhere-in-haridwar-haridwar	vega-homes	g-ChIJ-YbO_QVFCTkRnZ8KFJLgGRs	Vega Homes	vega-homes
vega-homes-elsewhere-in-haridwar-haridwar-2	vega-homes-hk3i0	g-ChIJJQAAAGdECTkRzkTrJnhK3I0	Vega Homes	vega-homes
velvet-valley-resort	velvet-valley-resort	g-ChIJoQFhd1AXCTkR3LndvuTcRvA	Velvet Valley Resort	velvet-valley-resort
veos-villa	veos-villa	g-ChIJp8HRUXBLCTkRx6MXjWOv5kg	Veos Villa	veos-villa
verma-inn	verma-inn	g-ChIJ4eRnFwAXCTkRZup-jHRqfmU	Verma Inn	verma-inn
vijendra-managar-vega-homes	vijendra-managar-vega-homes	g-ChIJrW8hG0lFCTkRyakKCdfBbSk	Vijendra ,(Managar) Vega Homes	vijendra-managar-vega-homes
vimal-ganga-hotel	vimal-ganga-rishikesh-249192	vimal-ganga	Hotel & Hostel Vimal Ganga	hotel-and-hostel-vimal-ganga
vimoksha-cottage	vimoksha-cottage	g-ChIJrfG1hosXCTkRaD5Wd3Tw7ZA	Vimoksha Cottage	vimoksha-cottage
vipin-homestay	vipin-homestay	g-ChIJhyWcKAAXCTkR8B-o2cIUNBw	Vipin homestay	vipin-homestay
viraj-homestay-and-restaurant	viraj-homestay-restaurant	g-ChIJc3QXcYklCTkRf1fCMRL43gU	VIRAJ HOMESTAY & RESTAURANT	viraj-homestay-and-restaurant
vishal-home-stay	vishal-home-stay	g-ChIJQ4Fq66k_CTkR51f9pqINdAo	Vishal home stay	vishal-home-stay
vishwakarma-dharmshala	vishwakarma-dharmshala	g-ChIJ49TVZMZHCTkRTdGswMtsU2Y	Vishwakarma dharmshala	vishwakarma-dharmshala
vismaya-3bhk-apartment-in-tapovan	vismaya-3bhk-apartment-in-tapovan	g-ChIJkb33TfgXCTkRTllP3U6ADrQ	Vismaya 3bhk apartment in tapovan	vismaya-3bhk-apartment-in-tapovan
vyas-dham	vyas-dham	g-ChIJ8ZuZWABHCTkRkqg8p3Xqgng	Vyas Dham	vyas-dham
wacky-woods-shivpuri	wacky-woods-shivpuri	g-ChIJf6dCJgARCTkRMHkKbpkmceQ	Wacky Woods shivpuri	wacky-woods-shivpuri
water-hills-resort-and-camping	water-hills-resort-camping	g-ChIJxbX4LcAXCTkRtES74Z9Ph9g	Water Hills Resort & Camping	water-hills-resort-and-camping
waterfall-camping-a-hidden-paradise-near-rishikesh	green-river-camp	g-ChIJUyYMGAAXCTkRdNE-HsC5aNE	Green River camping	green-river-camping
welcomheritage-arka-resort-and-spa	welcomheritage-arka-resort-and-spa	g-ChIJXRtVMRITCTkRGjcxNIqrsXI	WelcomHeritage Arka Resort and Spa	welcomheritage-arka-resort-and-spa
wild-brook-retreat-eco-cottage-forest-garden-view	wild-brook-retreat-eco-cottage-forest-garden-view	g-ChIJuZHv8cxqCTkR8w_I8VJ5VO4	Wild Brook Retreat - Eco Cottage (Forest / Garden View)	wild-brook-retreat-eco-cottage-forest-garden-view
wild-leaf-camps	wild-leaf-camps	g-ChIJZ0SYFgAXCTkRUDx6LJ2HtGw	Wild Leaf Camps	wild-leaf-camps
wildex-adventures	wildex-adventures	g-ChIJY4BCLawWCTkRtKnXWIrmzSg	Wildex Adventures	wildex-adventures
wildlife-adventure	wildlife-adventure	g-ChIJl2r1dw4XCTkRQbm_Jx_STwM	Wildlife Adventure	wildlife-adventure
wonder-hills-hotel	wonder-hills-hotel	wonder-hills-har-ki-pauri-road	Hotel Wonder Hills, Har Ki Pauri Road	hotel-wonder-hills-har-ki-pauri-road
wooden-river-resort	wooden-river-resort	g-ChIJcQd2GJsVCTkRCSeFoiXTpXI	Wooden River Resort	wooden-river-resort
yamunotri-guest-house	yamunotri-guest-house	g-ChIJ27rChPU9CTkRcPswmcxuoqM	Yamunotri Guest House	yamunotri-guest-house
yatram-hotel	hostel-vimal-ganga-rishikesh	hostel-travoha-by-yatram	Travoha by Yatram Hostel	travoha-by-yatram-hostel
yatrimap	yatrimap	g-ChIJtcp0UDBTl6oRWRispfnLW7I	yatrimap	yatrimap
yellow-leaf-hotel-in-haridwar	yellow-leaf-hotel-in-haridwar	g-ChIJ0wJazE9HCTkRgXMK6URke_w	Yellow Leaf | Hotel in Haridwar	yellow-leaf-hotel-in-haridwar
yog-kul-home-stay-premium-one-bedroom-apartment-with-balcony-and-mountain-view	yog-kul-home-stay-premium-one-bedroom-apartment-with-balcony-and-mount	g-ChIJwReOnBU-CTkRahyrt3gcAdA	Yog kul Home Stay - Premium - One-Bedroom Apartment with Balcony and Mountain View	yog-kul-home-stay-premium-one-bedroom-apartment-with-balcony-and-mountain-view
yog-kul-homestay-budget	yog-kul-homestay-budget	yog-kul-home-stay-economy	Yog Kul Home Stay – Economy	yog-kul-home-stay-economy
yog-kul-homestay-budget	yog-kul-homestay-budget	yog-kul-home-stay-premium	Yog Kul Home Stay – Premium	yog-kul-home-stay-premium
yog-namah-hotel-and-cafe	yog-namah-hotel-cafe	g-ChIJT5hjtVQXCTkR_hR3m8Q0ye0	Yog Namah Hotel & Cafe	yog-namah-hotel-and-cafe
yog-stays-haridwar-cottage-1-double-bed	yog-stays-haridwar-cottage-1-double-bed	g-ChIJR4aV2k9HCTkR77YE96mWTIk	Yog Stays, Haridwar - Cottage, 1 Double Bed	yog-stays-haridwar-cottage-1-double-bed
yog-tapovan-mountain-view-rooms	yog-tapovan	mountain-view-retreat-in-tapovan	Mountain View Retreat in Yog Tapovan	mountain-view-retreat-in-yog-tapovan
yog-tapovan-mountain-view-rooms	yog-tapovan	mountain-view-room-by-yog-tapovan	Mountain View Room by Yog Tapovan	mountain-view-room-by-yog-tapovan
yog-tapovan-mountain-view-rooms	yog-tapovan	yog-tapovan-mountain-view-room-private-balcony	Hotel Yog Tapovan Mountain View Room	hotel-yog-tapovan-mountain-view-room
yognagari-appartment-two-bedroom-apartment	yognagari-appartment-two-bedroom-apartment	g-ChIJsXjxwgA-CTkRoEIG8gf6ZpU	Yognagari Appartment - Two-Bedroom Apartment	yognagari-appartment-two-bedroom-apartment
yognagri-homestay	yognagri-homestay	g-ChIJIwh3uY8_CTkR164kmh61PkE	Yognagri homestay	yognagri-homestay
yogvan-luxury-1bhk-apartments-tapovan	yogvan-luxury-1bhk-apartments-tapovan	g-ChIJaSNEtkgWCTkR2henK8M5cgk	Yogvan Luxury 1BHK Apartments Tapovan Rishikesh - Superior Apartment with Balcony	yogvan-luxury-1bhk-apartments-tapovan-rishikesh-superior-apartment-with-balcony
yogvan-luxury-1bhk-apartments-tapovan	yogvan-luxury-1bhk-apartments-tapovan	g-ChIJaSNEtkgWCTkRC-W4zx1uUD0	Yogvan Holidays 1BHK Apartments Tapovan Rishikesh - Superior One-Bedroom Apartment with Balcony	yogvan-holidays-1bhk-apartments-tapovan-rishikesh-superior-one-bedroom-apartment-with-balcony
yogvan-luxury-1bhk-apartments-tapovan	yogvan-luxury-1bhk-apartments-tapovan	g-ChIJaSNEtkgWCTkRH4RSCtc-OwQ	Yogvan Luxury 1BHK Apartments Tapovan Rishikesh - Superior One-Bedroom Apartment with Balcony	yogvan-luxury-1bhk-apartments-tapovan-rishikesh-superior-one-bedroom-apartment-with-balcony
yogvan-luxury-1bhk-apartments-tapovan	yogvan-luxury-1bhk-apartments-tapovan	g-ChIJaSNEtkgWCTkRpZh6pidHS2k	Yogvan Luxury 1BHK Apartments Tapovan Rishikesh - Superior One-Bedroom Apartment with Balcony	yogvan-luxury-1bhk-apartments-tapovan-rishikesh-superior-one-bedroom-apartment-with-balcony
yogvan-luxury-1bhk-apartments-tapovan	yogvan-luxury-1bhk-apartments-tapovan	g-ChIJqyE-tEgWCTkRBhjalHQtquM	Yogvan Holiday's 1BHK Sunrise Apartment Tapovan	yogvan-holidays-1bhk-sunrise-apartment-tapovan
yogvan-luxury-1bhk-apartments-tapovan	yogvan-luxury-1bhk-apartments-tapovan	yogvan-holidays-1bhk-apartments-tapovan	Yogvan Holidays 1BHK Apartments Tapovan	yogvan-holidays-1bhk-apartments-tapovan
yogvan-luxury-1bhk-apartments-tapovan	yogvan-luxury-1bhk-apartments-tapovan	yogvan-holidays-1bhk-apartments-tapovan-rishikesh-superior-one-bedroom	Yogvan Holidays 1BHK Apartments Tapovan Rishikesh – Superior One – Bedroom Apartment with Balcony	yogvan-holidays-1bhk-apartments-tapovan-rishikesh-superior-one-bedroom-apartment-with-balcony
yogvan-luxury-1bhk-apartments-tapovan	yogvan-luxury-1bhk-apartments-tapovan	yogvan-luxury-1bhk-apartments-tapovan-rishikesh-superior-apartment-wit	Yogvan Luxury 1BHK Apartments Tapovan Rishikesh – Superior Apartment with Balcony	yogvan-luxury-1bhk-apartments-tapovan-rishikesh-superior-apartment-with-balcony
yogvan-luxury-1bhk-apartments-tapovan	yogvan-luxury-1bhk-apartments-tapovan	yogvan-luxury-1bhk-apartments-tapovan-rishikesh-superior-one-bedroom-a	Yogvan Luxury 1BHK Apartments Tapovan Rishikesh – Superior One – Bedroom Apartment with Balcony	yogvan-luxury-1bhk-apartments-tapovan-rishikesh-superior-one-bedroom-apartment-with-balcony
yogvan-luxury-1bhk-apartments-tapovan	yogvan-luxury-1bhk-apartments-tapovan	yogvan-luxury-1bhk-apartments-tapovan-rishikesh-superior-one-bedroom-a-dhs2k	yogvan luxury 1bhk apartments tapovan rishikesh superior one bedroom a	yogvan-luxury-1bhk-apartments-tapovan-rishikesh-superior-one-bedroom-a
zikr-apartment-by-the-ganges-double-room	zikr-apartment-by-the-ganges-double-room	g-ChIJCca3mDc-CTkRg09yHSJ6iLE	ZIKR- Apartment by the Ganges - Double Room	zikr-apartment-by-the-ganges-double-room
zostel-rishikesh-laxman-jhula-hostel	hostel-zostel-rishikesh-laxman-jhula	g-ChIJJZfpywAXCTkREs7OPUx2WUM	Zostel Rishikesh (Laxman Jhula)	zostel-rishikesh-laxman-jhula
zostel-rishikesh-tapovan	zostel-rishikesh-tapovan	g-ChIJBxDFKU0XCTkRTpch52Ka1u0	Zostel Rishikesh (Tapovan)	zostel-rishikesh-tapovan
zostel-rishikesh-tapovan	zostel-rishikesh-tapovan	zostel-rishikesh-tapovan-249192	Zostel Rishikesh, Tapovan	zostel-rishikesh-tapovan
