url	platform	name	lat	lng	town	state	seen_for	checked	ltype	name_src	locality	postal	signals	final_url
https://www.booking.com/hotel/in/heaven-view-home-stay.html	Booking.com	Heaven View Home Stay !! Ganga View Room	30.126083	78.3288179	rishikesh	ok	g-ChIJKwXnfD8PCTkRGudk3ubSfcg	2026-10-06						
https://www.booking.com/hotel/in/alaknanda-motel-amp-restaurant.html	Booking.com	Alaknanda Motel & Restaurant	30.299825321591	79.023536440993		elsewhere	g-ChIJKwXnfD8PCTkRGudk3ubSfcg	2026-10-06						
https://www.booking.com/hotel/in/alaknanda-homestay.html	Booking.com	Alaknanda Homestay	30.27774615805239	79.23906814681439		elsewhere	g-ChIJKwXnfD8PCTkRGudk3ubSfcg	2026-10-06						
https://www.booking.com/hotel/in/sn-24-homestay.html	Booking.com	10 बेहतरीन Haridwār होटल, भारत (US$10 से)				no pin	g-ChIJ7VVPWwBLCTkRe6eYE0Sajms	2026-10-06						
https://www.booking.com/hotel/in/devi-ghar-rishikesh.html	Booking.com	10 बेहतरीन Rishīkesh होटल, भारत (US$11 से)				no pin	devi-ghar	2026-10-06						
https://www.booking.com/hotel/in/shree-naklank-dham.html	Booking.com	10 बेहतरीन Haridwār होटल, भारत (US$10 से)				no pin	g-ChIJw_MjtnlHCTkRsG3enlRLA-Q	2026-10-06						
https://www.booking.com/hotel/in/tapovan-retreat-rishikesh1.html	Booking.com	10 बेहतरीन Rishīkesh होटल, भारत (US$11 से)				no pin	devi-ghar	2026-10-06						
https://www.booking.com/hotel/in/hansuli-homestay.html	Booking.com	Hariyali Homestay	30.517554961026587	79.13625641900364		elsewhere	g-ChIJOfE2wmQXCTkRcxoHR71Y5nU	2026-10-06						
https://www.booking.com/hotel/in/shri-kisna-dham.html	Booking.com	10 बेहतरीन Haridwār होटल, भारत (US$10 से)				no pin	g-ChIJw_MjtnlHCTkRsG3enlRLA-Q	2026-10-06						
https://www.booking.com/hotel/in/gokul-dham-haridwar.html	Booking.com	10 बेहतरीन Haridwār होटल, भारत (US$10 से)				no pin	g-ChIJw_MjtnlHCTkRsG3enlRLA-Q	2026-10-06						
https://www.booking.com/hotel/in/gopi-dham-haridwar.html	Booking.com	10 बेहतरीन Haridwār होटल, भारत (US$10 से)				no pin	g-ChIJw_MjtnlHCTkRsG3enlRLA-Q	2026-10-06						
https://www.booking.com/hotel/in/hariyali-resort-pali.html	Booking.com	HARIYALI RESORT	25.275158	73.568247		elsewhere	g-ChIJOfE2wmQXCTkRcxoHR71Y5nU	2026-10-06						
https://www.booking.com/hotel/in/the-oberoi-rajgarh-palace.html	Booking.com	The Oberoi Rajgarh Palace	24.7308082	79.9501765		elsewhere	g-ChIJ61GpBNZHCTkRJ3u4ywIbMfU	2026-10-06						
https://www.booking.com/hotel/in/luxury-ganga-view-near-laxman-jhula-bridge-tapovan.html	Booking.com	10 बेहतरीन Rishīkesh होटल, भारत (US$11 से)				no pin	ganga-tapovan-room	2026-10-06						
https://www.booking.com/hotel/in/the-gold-regency-haridwar.html	Booking.com	Hotel Tara ji Bliss	29.9727449520744	78.175872353927	rishikesh	ok	bliss-agk-a-top-rated-property-in	2026-10-06						
https://www.booking.com/hotel/in/priyansh-home-stay.html	Booking.com	Priyansh Home stay	17.994105659443	73.02822983808		elsewhere	g-ChIJ1WNiPwBJCTkRqNtimoQ4mfE	2026-10-06						
https://www.booking.com/hotel/in/tapovan-stay-near-ganga-amp-cafes-by-jabula-getaways.html	Booking.com	10 बेहतरीन Rishīkesh होटल, भारत (US$11 से)				no pin	ganga-tapovan-room	2026-10-06						
https://www.booking.com/hotel/in/the-grand-sona.html	Booking.com	The Grand Sona	24.5072535	86.6919935		elsewhere	g-ChIJJQgDkP1GCTkRxBBoIqhcY3c	2026-10-06						
https://www.booking.com/hotel/in/spot-on-priyanshu-residency-pari-inn-guest-house-stay-home.html	Booking.com	SPOT ON by OYO PRIYANSHU RESIDENCY & PARI INN GUEST HOUSE & STAY HOME	25.255667	82.92753		elsewhere	g-ChIJ1WNiPwBJCTkRqNtimoQ4mfE	2026-10-06						
https://www.booking.com/hotel/in/mount-view-inn-rishikesh.html	Booking.com	Hotel Mount View Inn with terrace Ganga view- near Laxman jhula, Tapovan Rishikesh	30.1285804231917	78.3216976349412	rishikesh	ok	ganga-tapovan-room	2026-10-06						
https://www.booking.com/hotel/in/agrawal-stay-home.html	Booking.com					unreadable	g-ChIJkfP9LgMWCTkRHQd2jRoM45Q	2026-10-06						
https://www.booking.com/hotel/in/holy-hills-homestay.html	Booking.com	10 बेहतरीन Zirakpur होटल, भारत (US$12 से)				no pin	g-ChIJf9sQoxc7CTkRX4BnhmcRHbc	2026-10-06						
https://www.agoda.com/alaknanda/hotel/rishikesh-in.html	Agoda					unreadable	g-ChIJKwXnfD8PCTkRGudk3ubSfcg	2026-10-06						
https://www.agoda.com/pride-inn-luxury-resort/hotel/rishikesh-in.html	Agoda					unreadable	resort-pride-luxury-by-hospitality-essantials	2026-10-06						
https://www.booking.com/hotel/in/surya-palace-noida2.html	Booking.com	Hotel Surya Palace By Aura	28.621758848367573	77.36676948081207		elsewhere	g-ChIJVVkfKUAWCTkRZZIAi4EOYNQ	2026-10-06						
https://www.booking.com/hotel/in/surya-palace-jaipur.html	Booking.com	Hotel Surya Palace	27.165625828268	75.7156945713581		elsewhere	g-ChIJVVkfKUAWCTkRZZIAi4EOYNQ	2026-10-06						
https://www.booking.com/hotel/in/surya-palace.html	Booking.com	Grand Mercure Vadodara Surya Palace	22.30701882523	73.183713555336		elsewhere	g-ChIJVVkfKUAWCTkRZZIAi4EOYNQ	2026-10-06						
https://www.trip.com/hotels/haridwar-1-hotel-detail-22961769/hotel-alaknanda/	Trip.com	Hotel Alaknanda				no pin	g-ChIJKwXnfD8PCTkRGudk3ubSfcg	2026-10-06						
https://www.makemytrip.com/hotels/yog_vidhya_homestay-details-rishikesh.html	MakeMyTrip					unreadable	g-ChIJKwXnfD8PCTkRGudk3ubSfcg	2026-10-06						
https://www.airbnb.com/rooms/1037514515951171322	Airbnb	Airbnb: Holiday Rentals, Cabins, Beach Houses, Unique Homes & Experiences				no pin	g-ChIJKwXnfD8PCTkRGudk3ubSfcg	2026-10-06						
https://www.makemytrip.com/hotels/welcome_home_stay-details-rishikesh.html	MakeMyTrip					unreadable	g-ChIJKwXnfD8PCTkRGudk3ubSfcg	2026-10-06						
https://www.makemytrip.com/hotels/alaknanda_aashraya_himalayan_farmstay_cottage-details-rishikesh.html	MakeMyTrip					unreadable	g-ChIJKwXnfD8PCTkRGudk3ubSfcg	2026-10-06						
https://www.makemytrip.com/hotels/mountain_view_home_stay-details-rishikesh.html	MakeMyTrip					unreadable	g-ChIJKwXnfD8PCTkRGudk3ubSfcg	2026-10-06						
https://www.makemytrip.com/hotels/tourist_rest_house-details-rishikesh.html	MakeMyTrip					unreadable	g-ChIJKwXnfD8PCTkRGudk3ubSfcg	2026-10-06						
https://www.agoda.com/pride-inn-luxury-resort-by-uk-heaven/hotel/rishikesh-in.html	Agoda					unreadable	resort-pride-luxury-by-hospitality-essantials	2026-10-06						
https://www.agoda.com/hotel-pride-inn/hotel/rishikesh-in.html	Agoda					unreadable	resort-pride-luxury-by-hospitality-essantials	2026-10-06						
https://www.agoda.com/pride-hotel-and-resort-rishikesh/hotel/rishikesh-in.html	Agoda					unreadable	resort-pride-luxury-by-hospitality-essantials	2026-10-06						
https://www.agoda.com/hotel-pride-inn-by-devpaga-hotels-pvt-ltd-h59764285/hotel/rishikesh-in.html	Agoda					unreadable	resort-pride-luxury-by-hospitality-essantials	2026-10-06						
https://www.agoda.com/alaknanda-river-adventure-camp-byasi-tents/hotel/rishikesh-in.html	Agoda					unreadable	g-ChIJKwXnfD8PCTkRGudk3ubSfcg	2026-10-06						
https://www.agoda.com/alaknanda-motel-and-restaurant-rudraprayag/hotel/rudraprayag-in.html	Agoda					unreadable	g-ChIJKwXnfD8PCTkRGudk3ubSfcg	2026-10-06						
https://www.expedia.co.in/Rishikesh-Hotels-Pride-Hotel-And-Resort-Rishikesh.h91803948.Hotel-Information	Expedia	Bot or Not?				no pin	resort-pride-luxury-by-hospitality-essantials	2026-10-06						
https://www.agoda.com/rudransh-home-stay/hotel/rishikesh-in.html	Agoda					unreadable	g-ChIJKwXnfD8PCTkRGudk3ubSfcg	2026-10-06						
https://www.agoda.com/the-greenview-homestay/hotel/rishikesh-in.html	Agoda					unreadable	g-ChIJKwXnfD8PCTkRGudk3ubSfcg	2026-10-06						
https://www.agoda.com/oyo-home-90869-the-peninsula-kankhal/hotel/haridwar-in.html	Agoda					unreadable	g-ChIJSdR7QgBHCTkRtK-ibVdz74k	2026-10-06						
https://www.agoda.com/khurja-wali-dharamshala/hotel/rishikesh-in.html	Agoda					unreadable	g-ChIJkfP9LgMWCTkRHQd2jRoM45Q	2026-10-06						
https://www.agoda.com/shree-tilakdwar-agrawal-dharmshala/hotel/mathura-in.html	Agoda					unreadable	g-ChIJkfP9LgMWCTkRHQd2jRoM45Q	2026-10-06						
https://www.agoda.com/hotel-vijay-laxmi/hotel/haridwar-in.html	Agoda					unreadable	g-ChIJw_MjtnlHCTkRsG3enlRLA-Q	2026-10-06						
https://www.airbnb.com/rooms/32244608	Airbnb	Om Homestay Tapovan Rishikesh				no pin	g-ChIJKwXnfD8PCTkRGudk3ubSfcg	2026-10-06						
https://www.easemytrip.com/hotels/hotel-the-holiday-home-3273054/	EaseMyTrip	502				no pin	g-ChIJKwXnfD8PCTkRGudk3ubSfcg	2026-10-06						
https://www.airbnb.com/rooms/871425986234017832	Airbnb	2 Bhk Trendy & Cozy Homestay @ Rishikesh 1.				no pin	g-ChIJKwXnfD8PCTkRGudk3ubSfcg	2026-10-06						
https://www.agoda.com/hotel-divine-ganga-cottage/hotel/rishikesh-in.html	Agoda					unreadable	devi-ghar	2026-10-06						
https://www.agoda.com/the-great-ganga-rishikesh/hotel/rishikesh-in.html	Agoda					unreadable	devi-ghar	2026-10-06						
https://www.agoda.com/lemon-tree-premier-rishikesh/hotel/tapovan-in.html	Agoda					unreadable	devi-ghar	2026-10-06						
https://www.agoda.com/hotel-divine-resort-and-spa/hotel/rishikesh-in.html	Agoda					unreadable	devi-ghar	2026-10-06						
https://www.airbnb.com/rooms/1568678920010099483	Airbnb	Khurjawali Dharamshala- Deluxe AC Room - Rishikesh				no pin	g-ChIJkfP9LgMWCTkRHQd2jRoM45Q	2026-10-06						
https://www.airbnb.com/rooms/1780641290315424803	Airbnb	The Garden House 2 | 1BHK Rishikesh near Pvt Ghat				no pin	devi-ghar	2026-10-06						
https://www.airbnb.com/rooms/1744425323354185397	Airbnb	Manevaa Kutir- Your Own Home Away from Home				no pin	g-ChIJSdR7QgBHCTkRtK-ibVdz74k	2026-10-06						
https://www.agoda.com/shri-bhagwan-gopi-dham-dharamshala/hotel/haridwar-in.html	Agoda					unreadable	g-ChIJw_MjtnlHCTkRsG3enlRLA-Q	2026-10-06						
https://www.makemytrip.com/hotels/pride_hotel_and_resort_rishikesh-details-rishikesh.html	MakeMyTrip					unreadable	resort-pride-luxury-by-hospitality-essantials	2026-10-06						
https://www.easemytrip.com/hotels/pride-hotel-and-resort-rishikesh-3500838/	EaseMyTrip	502				no pin	resort-pride-luxury-by-hospitality-essantials	2026-10-06						
https://www.agoda.com/somnath-dham-by-yatrimap/hotel/haridwar-in.html	Agoda					unreadable	g-ChIJw_MjtnlHCTkRsG3enlRLA-Q	2026-10-06						
https://www.makemytrip.com/hotels/shanti_niketan_sindhi_dharamshala-details-haridwar.html	MakeMyTrip					unreadable	g-ChIJkfP9LgMWCTkRHQd2jRoM45Q	2026-10-06						
https://www.goibibo.com/hotels/shree-hari-ganga-dham-hotel-in-haridwar-5650952363311811405/	Goibibo					unreadable	g-ChIJw_MjtnlHCTkRsG3enlRLA-Q	2026-10-06						
https://www.makemytrip.com/hotels/jangra_dharamshala-details-haridwar.html	MakeMyTrip					unreadable	g-ChIJ61GpBNZHCTkRJ3u4ywIbMfU	2026-10-06						
https://www.agoda.com/devi-ghar/hotel/rishikesh-in.html	Agoda	11 Best Hotels in Rishikesh, India				no pin	devi-ghar	2026-10-06						
https://www.agoda.com/oyo-84532-saranga-dham-h29390677/hotel/haridwar-in.html	Agoda	11 Best Hotels in Haridwar, India				no pin	g-ChIJw_MjtnlHCTkRsG3enlRLA-Q	2026-10-06						
https://www.goibibo.com/hotels/agrawal-atithi-bhawan-hotel-in-mathura-8070258205065901955/	Goibibo					unreadable	g-ChIJkfP9LgMWCTkRHQd2jRoM45Q	2026-10-06						
https://www.goibibo.com/hotels/divine-ganga-resort-hotel-in-rishikesh-3747391092435491034/	Goibibo					unreadable	devi-ghar	2026-10-06						
https://www.goibibo.com/hotels/divine-ganges-stays-hotel-in-rishikesh-8339048972463009436/	Goibibo					unreadable	devi-ghar	2026-10-06						
https://www.trivago.co.uk/en-GB/oar/hotel-sn-24-homestay-haridwar?search=100-42666086	Trivago	Oops... Access Denied				no pin	g-ChIJ7VVPWwBLCTkRe6eYE0Sajms	2026-10-06						
https://www.agoda.com/clarks-exotica-rajgarh/hotel/rajgarh-himachal-pradesh-in.html	Agoda					unreadable	g-ChIJ61GpBNZHCTkRJ3u4ywIbMfU	2026-10-06						
https://www.agoda.com/hotel-vasudevay-inn/hotel/haridwar-in.html	Agoda					unreadable	g-ChIJ61GpBNZHCTkRJ3u4ywIbMfU	2026-10-06						
https://www.goibibo.com/hotels/dev-hotel-in-rishikesh-4757392098897194822/	Goibibo					unreadable	devi-ghar	2026-10-06						
https://www.airbnb.com/rooms/1307120014368349121	Airbnb	Home Stay with Sanjeev				no pin	g-ChIJw_MjtnlHCTkRsG3enlRLA-Q	2026-10-06						
https://www.goibibo.com/hotels/divine-lakshmi-ganga-by-elements-7-hotel-in-rishikesh-2284732851477987958/	Goibibo					unreadable	devi-ghar	2026-10-06						
https://www.goibibo.com/hotels/vedic-dham-ganga-hotel-in-rishikesh-8146205549962566878/	Goibibo					unreadable	devi-ghar	2026-10-06						
https://www.airbnb.com/rooms/1034628968351574854	Airbnb	Shree Ji Home Stay				no pin	g-ChIJw_MjtnlHCTkRsG3enlRLA-Q	2026-10-06						
https://www.airbnb.com/rooms/20275229	Airbnb	The Studio				no pin	g-ChIJ61GpBNZHCTkRJ3u4ywIbMfU	2026-10-06						
https://www.airbnb.com/rooms/1441184879278454291	Airbnb	Rasa Penthouse | Ganga & Mountain Views				no pin	apt-rasa-penthouse-rishikesh	2026-10-06						
https://www.airbnb.com/rooms/1711758382780890148	Airbnb	Ganga View Room in Tapovan | Near Laxman Jhula				no pin	ganga-tapovan-room	2026-10-06						
https://www.goibibo.com/hotels/antalya-by-divine-ganga-cottage-rishikesh-hotel-in-rishikesh-1721265409046487712/	Goibibo					unreadable	devi-ghar	2026-10-06						
https://www.makemytrip.com/hotels/hariyali_homestay-details-chopta.html	MakeMyTrip					unreadable	g-ChIJOfE2wmQXCTkRcxoHR71Y5nU	2026-10-06						
https://www.goibibo.com/hotels/suncity-harkipauri-road-by-pleasant-stayz-hotel-in-haridwar-8971974857496426790/	Goibibo					unreadable	g-ChIJ-XnY1wNHCTkRRnJheGmIz48	2026-10-06						
https://www.makemytrip.com/hotels/hotel_suncity_harkipauri_road_by_pleasant_stayz-details-haridwar.html	MakeMyTrip					unreadable	g-ChIJ-XnY1wNHCTkRRnJheGmIz48	2026-10-06						
https://www.goibibo.com/hotels/lokesh-dham-hotel-in-haridwar-4080688966504236383/	Goibibo					unreadable	g-ChIJw_MjtnlHCTkRsG3enlRLA-Q	2026-10-06						
https://www.goibibo.com/hotels/ndbl-sanjeev-banquets-hotel-in-haridwar-8027684211216073829/	Goibibo					unreadable	g-ChIJw_MjtnlHCTkRsG3enlRLA-Q	2026-10-06						
https://www.goibibo.com/hotels/radha-krishna-kripa-dhaam-hotel-in-haridwar-1003946754598872377/	Goibibo					unreadable	g-ChIJw_MjtnlHCTkRsG3enlRLA-Q	2026-10-06						
https://www.agoda.com/shreeji-homestay/hotel/rishikesh-in.html	Agoda					unreadable	g-ChIJOfE2wmQXCTkRcxoHR71Y5nU	2026-10-06						
https://www.goibibo.com/hotels/ganga-dham-hotel-in-haridwar-8925343640059010477/	Goibibo					unreadable	g-ChIJw_MjtnlHCTkRsG3enlRLA-Q	2026-10-06						
https://www.airbnb.com/rooms/1602997709308647291	Airbnb	Hariyali Hills Retreat				no pin	g-ChIJOfE2wmQXCTkRcxoHR71Y5nU	2026-10-06						
https://www.airbnb.com/rooms/1778849213249479447	Airbnb	House on Hills |Cozy 1BHK •Balcony & Mountain View				no pin	g-ChIJOfE2wmQXCTkRcxoHR71Y5nU	2026-10-06						
https://www.goibibo.com/hotels/o-shree-kisna-dham-hotel-in-haridwar-202609011407548319/	Goibibo					unreadable	g-ChIJw_MjtnlHCTkRsG3enlRLA-Q	2026-10-06						
https://www.airbnb.com/rooms/1683592490556962250	Airbnb	Ganga view room in Tapovan				no pin	ganga-tapovan-room	2026-10-06						
https://www.goibibo.com/hotels/shri-bhagwan-gopi-dham-dharmshala-hotel-in-haridwar-2850460467818093189/	Goibibo					unreadable	g-ChIJw_MjtnlHCTkRsG3enlRLA-Q	2026-10-06						
https://www.agoda.com/hariyali-home-stay-sari-ukhimath/hotel/ukhimath-in.html	Agoda	10 Best Ukhimath Hotels: HD Photos + Reviews of Hotels in Ukhimath, India				no pin	g-ChIJOfE2wmQXCTkRcxoHR71Y5nU	2026-10-06						
https://www.agoda.com/hariyali-home-stay/hotel/ukhimath-in.html	Agoda	10 Best Ukhimath Hotels: HD Photos + Reviews of Hotels in Ukhimath, India				no pin	g-ChIJOfE2wmQXCTkRcxoHR71Y5nU	2026-10-06						
https://www.goibibo.com/hotels/homestay-the-holy-ganges-hostel-hotel-in-rishikesh-1669480310842250582/	Goibibo					unreadable	g-ChIJf9sQoxc7CTkRX4BnhmcRHbc	2026-10-06						
https://www.makemytrip.com/hotels/homestay_the_holy_ganges_hostel-details-rishikesh.html	MakeMyTrip					unreadable	g-ChIJf9sQoxc7CTkRX4BnhmcRHbc	2026-10-06						
https://www.makemytrip.com/hotels/river_hills_cottage-details-rishikesh.html	MakeMyTrip					unreadable	g-ChIJf9sQoxc7CTkRX4BnhmcRHbc	2026-10-06						
https://www.agoda.com/bliss-ganga-rishikesh/hotel/rishikesh-in.html	Agoda					unreadable	ganga-tapovan-room	2026-10-06						
https://www.agoda.com/hotel-o-dev-ganga-retreat-tapovan/hotel/rishikesh-in.html	Agoda					unreadable	ganga-tapovan-room	2026-10-06						
https://www.agoda.com/zana-by-the-ganges-tapovan-rishikesh/hotel/rishikesh-in.html	Agoda					unreadable	ganga-tapovan-room	2026-10-06						
https://www.agoda.com/moksh-ganga/hotel/tapovan-in.html	Agoda					unreadable	ganga-tapovan-room	2026-10-06						
https://www.goibibo.com/hotels/hariyali-homestay-hotel-in-chopta-7251795868340423900/	Goibibo					unreadable	g-ChIJOfE2wmQXCTkRcxoHR71Y5nU	2026-10-06						
https://www.goibibo.com/hotels/shree-retreat-hotel-in-rishikesh-5276565750265621698/	Goibibo					unreadable	g-ChIJOfE2wmQXCTkRcxoHR71Y5nU	2026-10-06						
https://www.goibibo.com/hotels/the-aravali-resort-hotel-in-rishikesh-6104105034077748229/	Goibibo					unreadable	g-ChIJOfE2wmQXCTkRcxoHR71Y5nU	2026-10-06						
https://www.goibibo.com/hotels/harihar-homestay-rooms-kitchen-hotel-in-rishikesh-429296973717663359/	Goibibo					unreadable	g-ChIJOfE2wmQXCTkRcxoHR71Y5nU	2026-10-06						
https://www.goibibo.com/hotels/rishikesh-nature-retreat-hotel-in-rishikesh-818935914940578268/	Goibibo					unreadable	g-ChIJOfE2wmQXCTkRcxoHR71Y5nU	2026-10-06						
https://www.goibibo.com/hotels/wild-mountain-retreat-hotel-in-rishikesh-5151552467052848332/	Goibibo					unreadable	g-ChIJOfE2wmQXCTkRcxoHR71Y5nU	2026-10-06						
https://www.goibibo.com/hotels/purple-dot-haridwar-hotel-in-haridwar-4998105205365879071/	Goibibo					unreadable	g-ChIJq6qq6lxICTkRSMSI8UALbv4	2026-10-06						
https://www.goibibo.com/hotels/hari-dhara-hotel-in-haridwar-4007611968886092550/	Goibibo					unreadable	g-ChIJq6qq6lxICTkRSMSI8UALbv4	2026-10-06						
https://www.makemytrip.com/hotels/bhagirathi_by_atishay-details-haridwar.html	MakeMyTrip					unreadable	g-ChIJq6qq6lxICTkRSMSI8UALbv4	2026-10-06						
https://www.goibibo.com/hotels/sterling-mantra-haridwar-hotel-in-haridwar-4145041162465776416/	Goibibo					unreadable	g-ChIJq6qq6lxICTkRSMSI8UALbv4	2026-10-06						
https://www.airbnb.com/rooms/1783537665165795948	Airbnb	Aum & Aura | Ganga Views | Yoga Haven | Tapovan| 				no pin	ganga-tapovan-room	2026-10-06						
https://www.airbnb.com/rooms/1618532461160596607	Airbnb	Sundowner Stay The Best Ganga View In Rishikesh				no pin	ganga-tapovan-room	2026-10-06						
https://www.makemytrip.com/hotels/holy_hills_tehri-details-devaprayag.html	MakeMyTrip					unreadable	g-ChIJf9sQoxc7CTkRX4BnhmcRHbc	2026-10-06						
https://www.agoda.com/hotel-holiday-hill/hotel/rishikesh-in.html	Agoda					unreadable	g-ChIJf9sQoxc7CTkRX4BnhmcRHbc	2026-10-06						
https://www.makemytrip.com/hotels/hotel_escape_hills-details-rishikesh.html	MakeMyTrip					unreadable	g-ChIJf9sQoxc7CTkRX4BnhmcRHbc	2026-10-06						
https://www.agoda.com/the-holy-ganga-h40501855/hotel/rishikesh-in.html	Agoda					unreadable	g-ChIJf9sQoxc7CTkRX4BnhmcRHbc	2026-10-06						
https://www.agoda.com/kandari-homestay/hotel/rishikesh-in.html	Agoda					unreadable	g-ChIJf9sQoxc7CTkRX4BnhmcRHbc	2026-10-06						
https://www.agoda.com/shreeji-inn-homestay/hotel/rishikesh-in.html	Agoda					unreadable	g-ChIJf9sQoxc7CTkRX4BnhmcRHbc	2026-10-06						
https://www.makemytrip.com/hotels/into_the_himalayas_homestay-details-rishikesh.html	MakeMyTrip					unreadable	g-ChIJf9sQoxc7CTkRX4BnhmcRHbc	2026-10-06						
https://www.airbnb.com/rooms/1540369270939578696	Airbnb	Peaceful divine stay				no pin	g-ChIJf9sQoxc7CTkRX4BnhmcRHbc	2026-10-06						
https://www.makemytrip.com/hotels/holy_village_homestay-details-munnar.html	MakeMyTrip					unreadable	g-ChIJf9sQoxc7CTkRX4BnhmcRHbc	2026-10-06						
https://www.agoda.com/hotel-ganga-lahari/hotel/haridwar-in.html	Agoda					unreadable	g-ChIJq6qq6lxICTkRSMSI8UALbv4	2026-10-06						
https://www.agoda.com/le-roi-haridwar-hotel/hotel/haridwar-in.html	Agoda					unreadable	g-ChIJq6qq6lxICTkRSMSI8UALbv4	2026-10-06						
https://www.airbnb.com/rooms/1378746472667371536	Airbnb	Room in homestay				no pin	g-ChIJf9sQoxc7CTkRX4BnhmcRHbc	2026-10-06						
https://www.makemytrip.com/hotels/scenic_tapovan_hideout_walk_to_ganga_waterfalls-details-rishikesh.html	MakeMyTrip					unreadable	ganga-tapovan-room	2026-10-06						
https://www.agoda.com/hotel-ganga-azure-h10543869/hotel/haridwar-in.html	Agoda					unreadable	g-ChIJq6qq6lxICTkRSMSI8UALbv4	2026-10-06						
https://www.makemytrip.com/hotels/zana_by_the_ganges_tapovan_rishikesh-details-rishikesh.html	MakeMyTrip					unreadable	ganga-tapovan-room	2026-10-06						
https://www.agoda.com/soulful-bliss-haridwar/hotel/haridwar-in.html	Agoda					unreadable	bliss-agk-a-top-rated-property-in	2026-10-06						
https://www.agoda.com/riverside-bliss-at-sukoon/hotel/haridwar-in.html	Agoda					unreadable	bliss-agk-a-top-rated-property-in	2026-10-06						
https://www.airbnb.com/rooms/1777522898257159326	Airbnb	Airbnb: Holiday Rentals, Cabins, Beach Houses, Unique Homes & Experiences				no pin	ganga-tapovan-room	2026-10-06						
https://www.agoda.com/ganga-bliss-h74416423/hotel/haridwar-in.html	Agoda					unreadable	bliss-agk-a-top-rated-property-in	2026-10-06						
https://www.agoda.com/the-palm-bliss-by-opera-hospitality/hotel/haridwar-in.html	Agoda					unreadable	bliss-agk-a-top-rated-property-in	2026-10-06						
https://www.agoda.com/hotel-the-palm-bless-a-luxury-hotel/hotel/haridwar-in.html	Agoda					unreadable	bliss-agk-a-top-rated-property-in	2026-10-06						
https://www.airbnb.com/rooms/1022152541205915628	Airbnb	Airbnb: Holiday Rentals, Cabins, Beach Houses, Unique Homes & Experiences				no pin	ganga-tapovan-room	2026-10-06						
https://www.agoda.com/holy-hills-homestay/hotel/panchkula-in.html	Agoda	11 Best Hotels in Panchkula, India				no pin	g-ChIJf9sQoxc7CTkRX4BnhmcRHbc	2026-10-06						
https://www.goibibo.com/hotels/bliss-home-near-river-ganges-with-hill-view-hotel-in-haridwar-8496506900141065060/	Goibibo					unreadable	bliss-agk-a-top-rated-property-in	2026-10-06						
https://www.trivago.ca/en-CA/oar/hotel-sona-haridwar?search=100-4604876	Trivago	Oops... Access Denied				no pin	g-ChIJJQgDkP1GCTkRxBBoIqhcY3c	2026-10-06						
https://www.goibibo.com/hotels/holy-hills-tehri-hotel-in-devaprayag-5950249112414617780/	Goibibo					unreadable	g-ChIJf9sQoxc7CTkRX4BnhmcRHbc	2026-10-06						
https://www.agoda.com/hotel-surya-palace/hotel/mussoorie-in.html	Agoda					unreadable	g-ChIJVVkfKUAWCTkRZZIAi4EOYNQ	2026-10-06						
https://www.goibibo.com/hotels/the-highlands-hotel-in-rishikesh-7618244990167209741/	Goibibo					unreadable	g-ChIJf9sQoxc7CTkRX4BnhmcRHbc	2026-10-06						
https://www.goibibo.com/hotels/holiday-home-hill-view-apartment-tapovan-hotel-in-rishikesh-1831007094601014514/	Goibibo					unreadable	g-ChIJf9sQoxc7CTkRX4BnhmcRHbc	2026-10-06						
https://www.goibibo.com/hotels/indie-homestay-rishikesh-hotel-in-rishikesh-4888386331084044679/	Goibibo					unreadable	g-ChIJf9sQoxc7CTkRX4BnhmcRHbc	2026-10-06						
https://www.agoda.com/hotel-sona/hotel/thrissur-in.html	Agoda					unreadable	g-ChIJJQgDkP1GCTkRxBBoIqhcY3c	2026-10-06						
https://www.agoda.com/priyansh-home-stay/hotel/harihareshwar-in.html	Agoda					unreadable	g-ChIJ1WNiPwBJCTkRqNtimoQ4mfE	2026-10-06						
https://www.goibibo.com/hotels/holiday-hill-hotel-in-rishikesh-1729189892674756227/	Goibibo					unreadable	g-ChIJf9sQoxc7CTkRX4BnhmcRHbc	2026-10-06						
https://www.airbnb.com/rooms/22382589	Airbnb	Bliss Home Near River Ganges With Hill View				no pin	bliss-agk-a-top-rated-property-in	2026-10-06						
https://www.goibibo.com/hotels/hilli-stay-hotel-in-rishikesh-8026600574882836588/	Goibibo					unreadable	g-ChIJf9sQoxc7CTkRX4BnhmcRHbc	2026-10-06						
https://www.agoda.com/spot-on-priyanshu-residency-pari-inn-guest-house-stay-home/hotel/varanasi-in.html	Agoda					unreadable	g-ChIJ1WNiPwBJCTkRqNtimoQ4mfE	2026-10-06						
https://www.agoda.com/patnimal-guesthouse/hotel/haridwar-in.html	Agoda					unreadable	g-ChIJ1WNiPwBJCTkRqNtimoQ4mfE	2026-10-06						
https://www.makemytrip.com/hotels/hotel_surya_laxman_jhula-details-rishikesh.html	MakeMyTrip					unreadable	g-ChIJVVkfKUAWCTkRZZIAi4EOYNQ	2026-10-06						
https://www.airbnb.com/rooms/1699938100561933087	Airbnb	Hotels in Haridwar Near Hari Ki Pauri				no pin	g-ChIJJQgDkP1GCTkRxBBoIqhcY3c	2026-10-06						
https://www.airbnb.com/rooms/1316623972549868299	Airbnb	Apartment in Tapovan Rishikesh				no pin	g-ChIJh65PD54_CTkR-z6JLImrc8M	2026-10-06						
https://www.airbnb.com/rooms/1771219909200047233	Airbnb	Airbnb 1bhk Rishikesh Tapovan forest View peace				no pin	g-ChIJh65PD54_CTkR-z6JLImrc8M	2026-10-06						
https://www.makemytrip.com/hotels/bliss_home_near_river_ganges_with_hill_view-details-haridwar.html	MakeMyTrip					unreadable	bliss-agk-a-top-rated-property-in	2026-10-06						
https://www.trivago.in/en-IN/oar/guesthouse-priyansh-home-stay-harihareshwar?search=100-28966516	Trivago	Oops... Access Denied				no pin	g-ChIJ1WNiPwBJCTkRqNtimoQ4mfE	2026-10-06						
https://www.airbnb.com/rooms/1421450090838571997	Airbnb	Airbnb: Holiday Rentals, Cabins, Beach Houses, Unique Homes & Experiences				no pin	bliss-agk-a-top-rated-property-in	2026-10-06						
https://www.airbnb.com/rooms/1354421309280847224	Airbnb	Mountain View Room in Rishikesh				no pin	g-ChIJh65PD54_CTkR-z6JLImrc8M	2026-10-06						
https://www.airbnb.com/rooms/1208834193086142643	Airbnb	Ganga Facing 2 bhk in a resort				no pin	g-ChIJh65PD54_CTkR-z6JLImrc8M	2026-10-06						
https://www.agoda.com/hotel-surya-rishikesh/hotel/rishikesh-in.html	Agoda					unreadable	g-ChIJVVkfKUAWCTkRZZIAi4EOYNQ	2026-10-06						
https://www.agoda.com/bhagwati-home-stay-apartment/hotel/haridwar-in.html	Agoda					unreadable	g-ChIJ1WNiPwBJCTkRqNtimoQ4mfE	2026-10-06						
https://www.agoda.com/hotel-excel-homestay/hotel/haridwar-in.html	Agoda					unreadable	g-ChIJ1WNiPwBJCTkRqNtimoQ4mfE	2026-10-06						
https://www.agoda.com/oyo-flagship-81226-r-home-stay/hotel/haridwar-in.html	Agoda					unreadable	g-ChIJ1WNiPwBJCTkRqNtimoQ4mfE	2026-10-06						
https://www.agoda.com/grand-mercure-vadodara-surya-palace/hotel/vadodara-in.html	Agoda					unreadable	g-ChIJVVkfKUAWCTkRZZIAi4EOYNQ	2026-10-06						
https://www.airbnb.com/rooms/1419952504542463084	Airbnb	Airbnb: Holiday Rentals, Cabins, Beach Houses, Unique Homes & Experiences				no pin	g-ChIJh65PD54_CTkR-z6JLImrc8M	2026-10-06						
https://www.agoda.com/hotel-surya-palace-syariah/hotel/padang-id.html	Agoda					unreadable	g-ChIJVVkfKUAWCTkRZZIAi4EOYNQ	2026-10-06						
https://www.airbnb.com/rooms/1421125179920364083	Airbnb	Airbnb: Holiday Rentals, Cabins, Beach Houses, Unique Homes & Experiences				no pin	g-ChIJh65PD54_CTkR-z6JLImrc8M	2026-10-06						
https://www.agoda.com/nehnilayam-homestay-home-with-fusion-of-style-comfort-h28371946/hotel/haridwar-in.html	Agoda	11 Best Hotels in Haridwar, India				no pin	g-ChIJ1WNiPwBJCTkRqNtimoQ4mfE	2026-10-06						
https://www.goibibo.com/hotels/the-grand-sona-hotel-in-deoghar-2298984164439319890/	Goibibo					unreadable	g-ChIJJQgDkP1GCTkRxBBoIqhcY3c	2026-10-06						
https://www.goibibo.com/hotels/1-bhk-apartment-in-tapovan-by-planet-stays-hotel-in-rishikesh-7930070632692262585/	Goibibo					unreadable	g-ChIJh65PD54_CTkR-z6JLImrc8M	2026-10-06						
https://www.goibibo.com/hotels/sona-complex-hotel-in-bhubaneswar-2629517064745754303/	Goibibo					unreadable	g-ChIJJQgDkP1GCTkRxBBoIqhcY3c	2026-10-06						
https://www.goibibo.com/hotels/sona-hotel-in-bongaigaon-5056705953588129638/	Goibibo					unreadable	g-ChIJJQgDkP1GCTkRxBBoIqhcY3c	2026-10-06						
https://www.goibibo.com/hotels/sudarshan-hotel-in-haridwar-1796564098104519665/	Goibibo					unreadable	g-ChIJJQgDkP1GCTkRxBBoIqhcY3c	2026-10-06						
https://www.goibibo.com/hotels/spatii-by-the-ganges-hotel-in-rishikesh-9079949479240692542/	Goibibo					unreadable	g-ChIJh65PD54_CTkR-z6JLImrc8M	2026-10-06						
https://www.airbnb.com/rooms/1673183488787835202	Airbnb	Cozy FamilyHome |2BHK|Haridwar|EasyHighway Access 				no pin	g-ChIJ1WNiPwBJCTkRqNtimoQ4mfE	2026-10-06						
https://www.airbnb.com/rooms/811276404921571543	Airbnb	Oberoi House				no pin	g-ChIJ1WNiPwBJCTkRqNtimoQ4mfE	2026-10-06						
https://www.airbnb.com/rooms/36333670	Airbnb	GOVINDAM : A Beautiful  home, away from home.				no pin	g-ChIJ1WNiPwBJCTkRqNtimoQ4mfE	2026-10-06						
https://www.goibibo.com/hotels/panwar-home-stay-hotel-in-ukhimath-202606040102516619/	Goibibo					unreadable	g-ChIJh65PD54_CTkR-z6JLImrc8M	2026-10-06						
https://www.airbnb.com/rooms/1170095805832316864	Airbnb	Sivalik Homes				no pin	g-ChIJ1WNiPwBJCTkRqNtimoQ4mfE	2026-10-06						
https://www.airbnb.com/rooms/1645669945881166727	Airbnb	Prathna villa- Bhagirathi				no pin	g-ChIJ1WNiPwBJCTkRqNtimoQ4mfE	2026-10-06						
https://www.goibibo.com/hotels/ganga-vatika-retreat-hotel-in-rishikesh-8958392445295245389/	Goibibo					unreadable	g-ChIJh65PD54_CTkR-z6JLImrc8M	2026-10-06						
https://www.goibibo.com/hotels/ggh-ganga-side-bliss-apartment-hotel-in-rishikesh-282250348143494306/	Goibibo					unreadable	g-ChIJh65PD54_CTkR-z6JLImrc8M	2026-10-06						
https://www.goibibo.com/hotels/second-life-resort-hotel-in-rishikesh-3696675301247344774/	Goibibo					unreadable	second-life-resorts	2026-10-06						
https://www.goibibo.com/hotels/patram-haveli-hotel-in-haridwar-530093672138599273/	Goibibo					unreadable	g-ChIJ1WNiPwBJCTkRqNtimoQ4mfE	2026-10-06						
https://www.goibibo.com/hotels/penthouse-suites-by-perfectstayz-homes-hotel-in-haridwar-5534003776534864914/	Goibibo					unreadable	g-ChIJ1WNiPwBJCTkRqNtimoQ4mfE	2026-10-06						
https://www.goibibo.com/hotels/perfectstayz-homes-hotel-in-haridwar-8550854939552074648/	Goibibo					unreadable	g-ChIJ1WNiPwBJCTkRqNtimoQ4mfE	2026-10-06						
https://www.goibibo.com/hotels/shree-radha-heritage-house-hotel-in-haridwar-8523016167424592619/	Goibibo					unreadable	g-ChIJ1WNiPwBJCTkRqNtimoQ4mfE	2026-10-06						
https://www.goibibo.com/hotels/y-home-stays-hotel-in-haridwar-4699116888397229495/	Goibibo					unreadable	g-ChIJ1WNiPwBJCTkRqNtimoQ4mfE	2026-10-06						
https://www.agoda.com/tapovan-resort-h70453467/hotel/rishikesh-in.html	Agoda					unreadable	hotel-rishikesh-150	2026-10-06						
https://www.agoda.com/kailasham-homestay/hotel/rishikesh-in.html	Agoda					unreadable	g-ChIJbT305kUZCTkRSOM76zIZACY	2026-10-06						
https://www.agoda.com/the-family-and-friend-resort/hotel/rishikesh-in.html	Agoda					unreadable	g-ChIJbT305kUZCTkRSOM76zIZACY	2026-10-06						
https://www.agoda.com/blissful-mountain-homestay-homestay-in-kyarki/hotel/rishikesh-in.html	Agoda					unreadable	g-ChIJbT305kUZCTkRSOM76zIZACY	2026-10-06						
https://www.agoda.com/hotel-moksha/hotel/rishikesh-in.html	Agoda					unreadable	g-ChIJbT305kUZCTkRSOM76zIZACY	2026-10-06						
https://www.agoda.com/the-army-house-a-serene-homestay-with-river-view/hotel/rishikesh-in.html	Agoda					unreadable	g-ChIJbT305kUZCTkRSOM76zIZACY	2026-10-06						
https://www.airbnb.com/rooms/1078887011528244047	Airbnb	Chic 1BHK Apartment | Luxury River & Valley Views				no pin	g-ChIJH9EuyEgWCTkRRXgGnvasdLw	2026-10-06						
https://www.makemytrip.com/hotels/the_hidden_paradise-details-rishikesh.html	MakeMyTrip					unreadable	g-ChIJgey2FrETCTkRvKY1FnNZhX0	2026-10-06						
https://www.trip.com/hotels/rishikesh-hotel-detail-17504866/tapovan-resort/	Trip.com	Tapovan Resort				no pin	hotel-rishikesh-150	2026-10-06						
https://www.makemytrip.com/hotels/tapovan_vatika-details-rishikesh.html	MakeMyTrip					unreadable	hotel-rishikesh-150	2026-10-06						
https://www.trivago.in/en-IN/oar/tapovan-resort-rishikesh?search=100-33528570	Trivago	Oops... Access Denied				no pin	hotel-rishikesh-150	2026-10-06						
https://www.makemytrip.com/hotels/hotel_tapovan_hills-details-rishikesh.html	MakeMyTrip					unreadable	hotel-rishikesh-150	2026-10-06						
https://www.goibibo.com/hotels/the-olivia-premium-1-bhk-apartments-hotel-in-rishikesh-2645130674332274563/	Goibibo					unreadable	g-ChIJH9EuyEgWCTkRRXgGnvasdLw	2026-10-06						
https://www.makemytrip.com/hotels/the_olivia_luxury_1_bhk_apartments-details-rishikesh.html	MakeMyTrip					unreadable	g-ChIJH9EuyEgWCTkRRXgGnvasdLw	2026-10-06						
https://www.booking.com/hotel/in/himalayan-hideaway-1-bhk-luxury-apartment.html	Booking.com	10 बेहतरीन Rishīkesh होटल, भारत (US$12 से)				no pin	g-ChIJH9EuyEgWCTkRRXgGnvasdLw	2026-10-07						
https://www.booking.com/hotel/in/deecon-valley-1-bhk-apartment.html	Booking.com	10 बेहतरीन Rishīkesh होटल, भारत (US$12 से)				no pin	g-ChIJH9EuyEgWCTkRRXgGnvasdLw	2026-10-07						
https://www.booking.com/hotel/in/swastik-inn-gwalior.html	Booking.com	Hotel Swastik Inn	20.593684	78.96288		elsewhere	g-ChIJdyrytwFHCTkRELG6WjWXX9A	2026-10-07						
https://www.booking.com/hotel/in/radisson-blu.html	Booking.com	Yashail Hotel Haridwar	29.94563845407695	78.07575702667236	rishikesh	ok	g-ChIJtTHEa6g4CTkREGihoa_4Dk0	2026-10-07						
https://www.booking.com/hotel/in/kanha-guest-house-varanasi1.html	Booking.com	Kanha Guest House	25.313574634018	82.9963701447427		elsewhere	g-ChIJq56Vu_QXCTkRXYn_nKpqoSk	2026-10-07						
https://www.booking.com/hotel/in/kanha-kanpur.html	Booking.com	Kanha Hotel	26.4932215	80.2441063		elsewhere	g-ChIJq56Vu_QXCTkRXYn_nKpqoSk	2026-10-07						
https://www.booking.com/hotel/in/kanha-homestay-rishikesh1.html	Booking.com	10 बेहतरीन Rishīkesh होटल, भारत (US$12 से)				no pin	g-ChIJq56Vu_QXCTkRXYn_nKpqoSk	2026-10-07						
https://www.booking.com/hotel/in/swastik-dham-palace-near-near-apj-kalam-park-luxury-and-spacious-room-fully-air.html	Booking.com	10 बेहतरीन वाराणसी होटल, भारत (US$12 से)				no pin	g-ChIJdyrytwFHCTkRELG6WjWXX9A	2026-10-07						
https://www.booking.com/hotel/in/ganges-stay-beautiful-one-bhk-apartment.html	Booking.com	10 बेहतरीन Rishīkesh होटल, भारत (US$12 से)				no pin	g-ChIJH9EuyEgWCTkRRXgGnvasdLw	2026-10-07						
https://www.booking.com/hotel/in/satvic-sthal-1bhk-apartment.html	Booking.com	10 बेहतरीन Rishīkesh होटल, भारत (US$12 से)				no pin	g-ChIJH9EuyEgWCTkRRXgGnvasdLw	2026-10-07						
https://www.booking.com/hotel/in/swastik-inn-by-nexottel.html	Booking.com	भारत में Khambhāliya के पास उपलब्ध बेहतरीन होटल और ठहरने की जगहें				no pin	g-ChIJdyrytwFHCTkRELG6WjWXX9A	2026-10-07						
https://www.booking.com/hotel/in/virasat-bharatpur.html	Booking.com	Hotel Virasat	27.1720953487691	77.3948417655243		elsewhere	g-ChIJTVkdAPxJCTkR3TErboU53ic	2026-10-07						
https://www.booking.com/hotel/in/virasat-garden-amp-resort.html	Booking.com	Virasat-1969	24.5913381932363	73.6628012438343		elsewhere	g-ChIJTVkdAPxJCTkR3TErboU53ic	2026-10-07						
https://www.booking.com/hotel/in/virasat-home-stay.html	Booking.com	Virasat Home Stay	30.296754	78.054612		elsewhere	g-ChIJTVkdAPxJCTkR3TErboU53ic	2026-10-07						
https://www.booking.com/hotel/in/tapovan-hills-near-secret-waterfall.html	Booking.com	Tapovan Hills Near Secret Waterfall	30.1340168334037	78.3202005230365	rishikesh	ok	stay-blessed-2-bhk-hill-view-upper-tapovan-quiet-and-serene	2026-10-07						
https://www.booking.com/hotel/in/stay-blessed-2-bhk-hill-view-upper-tapovan-quiet-and-serene.html	Booking.com	10 बेहतरीन Rishīkesh होटल, भारत (US$12 से)				no pin	stay-blessed-2-bhk-hill-view-upper-tapovan-quiet-and-serene	2026-10-07						
https://www.booking.com/hotel/in/swastik-ghaziabad.html	Booking.com	10 बेहतरीन Ghaziabad होटल, भारत (US$16 से)				no pin	g-ChIJdyrytwFHCTkRELG6WjWXX9A	2026-10-07						
https://www.booking.com/hotel/in/virasat-residency-by-wb-inn.html	Booking.com	10 बेहतरीन Haridwār होटल, भारत (US$12 से)				no pin	g-ChIJTVkdAPxJCTkR3TErboU53ic	2026-10-07						
https://www.booking.com/hotel/in/radha-madhav-trust.html	Booking.com	Radha Madhav Ashram Vrindavan	27.5787342012984	77.6866604333159		elsewhere	g-ChIJzasMz_pHCTkRnV32S8dMDQI	2026-10-07						
https://www.booking.com/hotel/in/kashi-annapurna-paying-guesthouse.html	Booking.com	Kashi Annapurna Guest House	25.310147820523312	83.01079295575619		elsewhere	g-ChIJzasMz_pHCTkRnV32S8dMDQI	2026-10-07						
https://www.booking.com/hotel/in/rishikesh-home-stay-rishikesh6.html	Booking.com	Rishikesh Home stay	30.1311371068406	78.322166012416	rishikesh	ok	g-ChIJ6btIfgA_CTkRcNaygNULju0	2026-10-07						
https://www.booking.com/hotel/in/penthouse-with-terrace-tapovan.html	Booking.com	10 बेहतरीन Rishīkesh होटल, भारत (US$12 से)				no pin	stay-blessed-2-bhk-hill-view-upper-tapovan-quiet-and-serene	2026-10-07						
https://www.booking.com/hotel/in/radha-madhav-home-stay-garudeshwar.html	Booking.com	Shree Radha Madhav Home Stay	21.8961237713913	73.6683082882217		elsewhere	g-ChIJNeCrLSMXCTkRxmkjzaMy8XU	2026-10-07						
https://www.booking.com/hotel/in/unity-mahadev-homestay.html	Booking.com	MADHAV Homestay	21.895171128467	73.667184777711		elsewhere	g-ChIJNeCrLSMXCTkRxmkjzaMy8XU	2026-10-07						
https://www.booking.com/hotel/in/camp-ganga-kinare-by-stayapart.html	Booking.com	Camp Ganga Ki Chhor Per By StayApart	30.1367375	78.3938906	rishikesh	ok	g-ChIJs8pvPssXCTkRdeZfg1s5ybs	2026-10-07						
https://www.booking.com/hotel/in/camp-rishikesh-hills-kyarki1.html	Booking.com	10 बेहतरीन Shivpuri होटल, भारत (US$16 से)				no pin	g-ChIJs8pvPssXCTkRdeZfg1s5ybs	2026-10-07						
https://www.booking.com/hotel/in/camp-rishikesh-hills-kyarki.html	Booking.com	10 बेहतरीन Shivpuri होटल, भारत (US$16 से)				no pin	g-ChIJs8pvPssXCTkRdeZfg1s5ybs	2026-10-07						
https://www.booking.com/hotel/in/shri-hari-residency-rishikesh2.html	Booking.com	10 बेहतरीन Rishīkesh होटल, भारत (US$12 से)				no pin	g-ChIJIXX1PiAWCTkR-h0o4918a4Y	2026-10-07						
https://www.booking.com/hotel/in/around-stays-kedar-inn-tapovan-rishikesh.html	Booking.com	Around Stays-Kedar Inn, Tapovan, Rishikesh	30.1332144	78.320682	rishikesh	ok	g-ChIJ9fSExkgWCTkRJOjZcVmQe7U	2026-10-07						
https://www.booking.com/hotel/in/sri-kaveri-homestay.html	Booking.com	Kaveri Homestay	12.438550230597867	75.85229445750988		elsewhere	g-ChIJGVYJlholCTkRpCaEMr3SoAw	2026-10-07						
https://www.booking.com/hotel/in/shri-hari-residency-rishikesh.html	Booking.com	10 बेहतरीन Rishīkesh होटल, भारत (US$12 से)				no pin	g-ChIJIXX1PiAWCTkR-h0o4918a4Y	2026-10-07						
https://www.booking.com/hotel/in/b2-guest-house.html	Booking.com	B2 Guest House	29.634528345281	79.626535699489		elsewhere	g-ChIJq5Nsvj5HCTkRf9j5YEo7C9g	2026-10-07						
https://www.booking.com/hotel/in/aloha-on-the-ganges-2bhk-ganga-facing-424.html	Booking.com	ALOHA On The Ganges 2BHK Ganga Facing 424	30.1310035	78.3286046	rishikesh	ok	g-ChIJs9Ibu1oWCTkRn4tTOZ1RNHE	2026-10-07						
https://www.booking.com/hotel/in/the-heavens.html	Booking.com	The Heavens	29.651444260499	79.665634717278		elsewhere	g-ChIJq5Nsvj5HCTkRf9j5YEo7C9g	2026-10-07						
https://www.booking.com/hotel/in/kaveri-homestays.html	Booking.com	Kaveri Homestays	12.2238546064794	79.0472176766827		elsewhere	g-ChIJGVYJlholCTkRpCaEMr3SoAw	2026-10-07						
https://www.booking.com/hotel/in/85-the-ganges-1-bhk-apartment-for-homestay.html	Booking.com	Homestay at Rishikesh	30.064087396974	78.276521893816	rishikesh	ok	g-ChIJGVYJlholCTkRpCaEMr3SoAw	2026-10-07						
https://www.booking.com/hotel/in/the-rampour-a-brigadiers-cottage-collection.html	Booking.com	The Rampour Rishikesh - A Brigadiers Cottage Collection	30.132167174288675	78.32473864536895	rishikesh	ok	g-ChIJUbNdj_gWCTkRJOXRdocPJTo	2026-10-07						
https://www.booking.com/hotel/in/shreya-plaza.html	Booking.com	10 बेहतरीन नई दिल्ली होटल, भारत (US$14 से)				no pin	g-ChIJq5Nsvj5HCTkRf9j5YEo7C9g	2026-10-07						
https://www.booking.com/hotel/in/kaveri-homestay-kodagu.html	Booking.com	10 बेहतरीन Suntikoppa होटल, भारत (US$19 से)				no pin	g-ChIJGVYJlholCTkRpCaEMr3SoAw	2026-10-07						
https://www.booking.com/hotel/in/doon-dehradun1.html	Booking.com	HOTEL DOON	30.306987	78.016827		elsewhere	g-ChIJKZCObTxJCTkRmwliIjvhqG4	2026-10-07						
https://www.booking.com/hotel/in/savera-haridwar.html	Booking.com	10 बेहतरीन Haridwār होटल, भारत (US$12 से)				no pin	g-ChIJ6XpeUU9HCTkRReQaRzAaJQA	2026-10-07						
https://www.booking.com/hotel/in/doon-regency-dehradun-near-haridwar-rd.html	Booking.com	10 बेहतरीन Puri होटल, भारत (US$18 से)				no pin	g-ChIJKZCObTxJCTkRmwliIjvhqG4	2026-10-07						
https://www.booking.com/hotel/in/collection-o-70356-apple-grand.html	Booking.com	Hotel O Apple Grand	29.9863379	78.1853677	rishikesh	ok	g-ChIJ72mD3Is_CTkR6mshuYCNQAc	2026-10-07						
https://www.booking.com/hotel/in/doon-resort-dehradun12.html	Booking.com	DooN Resort & Farmhouse stay	30.3461317447061	77.9025350604409		elsewhere	g-ChIJKZCObTxJCTkRmwliIjvhqG4	2026-10-07						
https://www.booking.com/hotel/in/himalayan-canopy-resort.html	Booking.com	Kaafirana Camps	30.4459578604369	78.1981039914017		elsewhere	g-ChIJaZyvFYIXCTkRIMiVZ1pSXCA	2026-10-07						
https://www.booking.com/hotel/in/kaafirana-adventure-camps-and-cottages.html	Booking.com	10 बेहतरीन Shivpuri होटल, भारत (US$16 से)				no pin	g-ChIJaZyvFYIXCTkRIMiVZ1pSXCA	2026-10-07						
https://www.booking.com/hotel/in/shivaay-morex.html	Booking.com	Tripli Hotels Shivaay	32.24524712158578	76.33222043706067		elsewhere	g-ChIJ_XBVJnRHCTkRIvklO81PmTY	2026-10-07						
https://www.booking.com/hotel/in/welcomheritage-grace.html	Booking.com	WelcomHeritage Grace Hotel	32.221784	76.317147		elsewhere	g-ChIJ88QDK6g4CTkRXwdB0V2ECEs	2026-10-07						
https://www.booking.com/hotel/in/pride-inn-rishikesh1.html	Booking.com	10 बेहतरीन Rishīkesh होटल, भारत (US$12 से)				no pin	g-ChIJMy0KH2kXCTkRA_3KneChZVM	2026-10-07						
https://www.booking.com/hotel/in/faizzy-residency-srinagar.html	Booking.com	Faizzy residency	34.0753047071687	74.8092403306856		elsewhere	g-ChIJDawyQz8VCTkR3a_dPOMuCCs	2026-10-07						
https://www.booking.com/hotel/in/la-riqueza-dhanaulti.html	Booking.com	LA Riqueza Dhanolti View - View of Valleys & Mountains - Private Parking - Near to Eco Park & Surkanda Devi Temple	30.420619343159405	78.25434160522269		elsewhere	g-ChIJMy0KH2kXCTkRA_3KneChZVM	2026-10-07						
https://www.booking.com/hotel/in/sheesha-residency-srinagar.html	Booking.com	10 बेहतरीन Srinagar होटल, भारत (US$11 से)				no pin	g-ChIJDawyQz8VCTkR3a_dPOMuCCs	2026-10-07						
https://www.booking.com/hotel/in/the-raunsali-by-la-riqueza-hotels.html	Booking.com	LA Riqueza Kanatal - Himalayan View Rooms - Parking on Site - Close to Surkanda Devi Temple & Jungle Safari	30.419117518234195	78.3283264685784		elsewhere	g-ChIJMy0KH2kXCTkRA_3KneChZVM	2026-10-07						
https://www.booking.com/hotel/in/sushanti.html	Booking.com	10 बेहतरीन Gupta Kāshi होटल, भारत (US$26 से)				no pin	g-ChIJMy0KH2kXCTkRA_3KneChZVM	2026-10-07						
https://www.agoda.com/the-nature-resort/hotel/rishikesh-in.html	Agoda					unreadable	hotel-rishikesh-150	2026-10-07						
https://www.agoda.com/the-nature-resort-h88109708/hotel/rishikesh-in.html	Agoda					unreadable	hotel-rishikesh-150	2026-10-07						
https://www.agoda.com/hr-nature-resort-h87940091/hotel/rishikesh-in.html	Agoda					unreadable	hotel-rishikesh-150	2026-10-07						
https://www.goibibo.com/hotels/kanha-homestay-hotel-in-rishikesh-6668038110980275650/	Goibibo					unreadable	g-ChIJq56Vu_QXCTkRXYn_nKpqoSk	2026-10-07						
https://www.makemytrip.com/hotels/kanha_homestay-details-rishikesh.html	MakeMyTrip					unreadable	g-ChIJq56Vu_QXCTkRXYn_nKpqoSk	2026-10-07						
https://www.agoda.com/hill-nature-camp-resort/hotel/rishikesh-in.html	Agoda					unreadable	hotel-rishikesh-150	2026-10-07						
https://www.agoda.com/hr-nature-resort-h87525798/hotel/rishikesh-in.html	Agoda					unreadable	hotel-rishikesh-150	2026-10-07						
https://www.makemytrip.com/hotels/yogvan_1bhk_family_apartment_tapovan-details-rishikesh.html	MakeMyTrip					unreadable	g-ChIJH9EuyEgWCTkRRXgGnvasdLw	2026-10-07						
https://www.trip.com/hotels/rishikesh-hotel-detail-114681934/satya-guest-house/	Trip.com	Satya Guest House				no pin	hotel-rishikesh-128	2026-10-07						
https://www.makemytrip.com/hotels/cozy_spacious_1bhk_flat_in_hills_lift_park_kitchen-details-rishikesh.html	MakeMyTrip					unreadable	g-ChIJH9EuyEgWCTkRRXgGnvasdLw	2026-10-07						
https://www.agoda.com/entire-flat-luxury-1bhk-ktchn-wifi-1km-laxmn-jhula/hotel/rishikesh-in.html	Agoda					unreadable	g-ChIJH9EuyEgWCTkRRXgGnvasdLw	2026-10-07						
https://www.agoda.com/yogvan-hill-view-apartment/hotel/mussoorie-in.html	Agoda					unreadable	g-ChIJH9EuyEgWCTkRRXgGnvasdLw	2026-10-07						
https://www.agoda.com/mountain-view-1bhk-apartment/hotel/rishikesh-in.html	Agoda					unreadable	g-ChIJH9EuyEgWCTkRRXgGnvasdLw	2026-10-07						
https://www.oyorooms.com/85764/	OYO	OYO 63648 Hotel New Chotiwala	29.980637	78.182503	rishikesh	ok	chotiwala-restaurant	2026-10-07						
https://www.oyorooms.com/270612/	OYO	Hotel O Chotiwala	29.98135929	78.18301678	rishikesh	ok	chotiwala-restaurant	2026-10-07						
https://www.agoda.com/nature-s-blessing-rishikesh-1bhk-studio/hotel/rishikesh-in.html	Agoda					unreadable	g-ChIJH9EuyEgWCTkRRXgGnvasdLw	2026-10-07						
https://www.agoda.com/luxurious-home-away-from-home-in-lap-of-himalayas/hotel/rishikesh-in.html	Agoda					unreadable	g-ChIJH9EuyEgWCTkRRXgGnvasdLw	2026-10-07						
https://www.agoda.com/kanha-guest-house-hotel/hotel/kanpur-in.html	Agoda					unreadable	g-ChIJq56Vu_QXCTkRXYn_nKpqoSk	2026-10-07						
https://www.makemytrip.com/hotels/hotel_o_by_oyo_chotiwala-details-haridwar.html	MakeMyTrip					unreadable	chotiwala-restaurant	2026-10-07						
https://www.trivago.in/en-IN/oar/guesthouse-satya-guest-house-rishikesh?search=100-27929200	Trivago	Oops... Access Denied				no pin	hotel-rishikesh-128	2026-10-07						
https://www.agoda.com/hr-the-nature-resort/hotel/rishikesh-in.html	Agoda	11 Best Hotels in Rishikesh, India				no pin	hotel-rishikesh-150	2026-10-07						
https://www.oyorooms.com/75002/	OYO	OYO 46427 Hotel Swastik Home	29.970541	78.172195	rishikesh	ok	g-ChIJdyrytwFHCTkRELG6WjWXX9A	2026-10-07						
https://www.oyorooms.com/58907/	OYO	OYO 40467 Hotel Swastik	30.2953588324081	78.0549098923802		elsewhere	g-ChIJdyrytwFHCTkRELG6WjWXX9A	2026-10-07						
https://www.airbnb.com/rooms/1286823843609127891	Airbnb	Paramount 1bhk apartment				no pin	g-ChIJH9EuyEgWCTkRRXgGnvasdLw	2026-10-07						
https://www.airbnb.com/rooms/933766075657420333	Airbnb	Homlee-Heaven in Hills 1BHK-Parking-Lift-Tapovan				no pin	g-ChIJH9EuyEgWCTkRRXgGnvasdLw	2026-10-07						
https://www.airbnb.com/rooms/1779751268369904822	Airbnb	The River Luxe 911/ 1 BHK Luxury Apartment/Tapovan				no pin	g-ChIJH9EuyEgWCTkRRXgGnvasdLw	2026-10-07						
https://www.agoda.com/radisson-blu-hotel-haridwar_4/hotel/haridwar-in.html	Agoda					unreadable	g-ChIJtTHEa6g4CTkREGihoa_4Dk0	2026-10-07						
https://www.makemytrip.com/hotels/85_the_ganges_2bhk_apartment-details-rishikesh.html	MakeMyTrip					unreadable	apt-in-rishikesh	2026-10-07						
https://www.goibibo.com/hotels/spatii-a-colourful-living-space-near-ganga-hotel-in-rishikesh-5888599910028260618/	Goibibo					unreadable	apt-in-rishikesh	2026-10-07						
https://www.airbnb.com/rooms/1782466825099788454	Airbnb	Cozy 1 BHK with Balcony | Tapovan | Aurovie Homes				no pin	g-ChIJH9EuyEgWCTkRRXgGnvasdLw	2026-10-07						
https://www.airbnb.com/rooms/38052844	Airbnb	Airbnb: Holiday Rentals, Cabins, Beach Houses, Unique Homes & Experiences				no pin	g-ChIJq56Vu_QXCTkRXYn_nKpqoSk	2026-10-07						
https://www.agoda.com/ganga-radisson/hotel/haridwar-in.html	Agoda					unreadable	g-ChIJtTHEa6g4CTkREGihoa_4Dk0	2026-10-07						
https://www.agoda.com/radisson-hyderabad-hitec-city/hotel/hyderabad-in.html	Agoda					unreadable	g-ChIJtTHEa6g4CTkREGihoa_4Dk0	2026-10-07						
https://www.trivago.co.uk/en-GB/oar/hotel-swastik-haridwar?search=100-26240946	Trivago	Oops... Access Denied				no pin	g-ChIJdyrytwFHCTkRELG6WjWXX9A	2026-10-07						
https://www.agoda.com/oyo-46427-hotel-swastik-homes/hotel/haridwar-in.html	Agoda					unreadable	g-ChIJdyrytwFHCTkRELG6WjWXX9A	2026-10-07						
https://www.agoda.com/entire-1bhk-apartment/hotel/rishikesh-in.html	Agoda	11 Best Hotels in Rishikesh, India				no pin	g-ChIJH9EuyEgWCTkRRXgGnvasdLw	2026-10-07						
https://www.agoda.com/oyo-62241-swastik-garden/hotel/haridwar-in.html	Agoda					unreadable	g-ChIJdyrytwFHCTkRELG6WjWXX9A	2026-10-07						
https://www.agoda.com/hotel-swastik/hotel/mahasamund-in.html	Agoda					unreadable	g-ChIJdyrytwFHCTkRELG6WjWXX9A	2026-10-07						
https://www.agoda.com/hotel-swastik/hotel/borivli-in.html	Agoda					unreadable	g-ChIJdyrytwFHCTkRELG6WjWXX9A	2026-10-07						
https://www.airbnb.com/rooms/1654907378077487565	Airbnb	Airbnb: Holiday Rentals, Cabins, Beach Houses, Unique Homes & Experiences				no pin	g-ChIJH9EuyEgWCTkRRXgGnvasdLw	2026-10-07						
https://www.goibibo.com/hotels/independent-1bhk-apartment-fully-private-hotel-in-rishikesh-5737940497262331991/	Goibibo					unreadable	g-ChIJH9EuyEgWCTkRRXgGnvasdLw	2026-10-07						
https://www.goibibo.com/hotels/1-bhk-apartment-with-lift-in-rishikesh-hotel-in-rishikesh-6526431693009958984/	Goibibo					unreadable	g-ChIJH9EuyEgWCTkRRXgGnvasdLw	2026-10-07						
https://www.goibibo.com/hotels/1-bhk-apartment-in-rishikesh-by-aestia-wellness-hotel-in-rishikesh-4727735707889659505/	Goibibo					unreadable	g-ChIJH9EuyEgWCTkRRXgGnvasdLw	2026-10-07						
https://www.goibibo.com/hotels/agni-nivasa-1bhk-in-tapovan-hotel-in-rishikesh-202604151652452428/	Goibibo					unreadable	g-ChIJH9EuyEgWCTkRRXgGnvasdLw	2026-10-07						
https://www.goibibo.com/hotels/heaven-by-the-ganga-peaceful-1-bhk-near-aiims-hotel-in-rishikesh-6239256129409100122/	Goibibo					unreadable	g-ChIJH9EuyEgWCTkRRXgGnvasdLw	2026-10-07						
https://www.airbnb.com/rooms/21496819	Airbnb	Renovated Aloha 2 BHK with Terrace 				no pin	apt-in-rishikesh	2026-10-07						
https://www.airbnb.com/rooms/22740379	Airbnb	Aloha Ganga View Room - Fab River View Rishikesh !				no pin	apt-in-rishikesh	2026-10-07						
https://www.airbnb.com/rooms/24796387	Airbnb	Aloha On The Ganges Apartment Stay				no pin	apt-in-rishikesh	2026-10-07						
https://www.goibibo.com/hotels/kanha-guesthouse-and-restaurant-hotel-in-udaipur-6483674851772091709/	Goibibo					unreadable	g-ChIJq56Vu_QXCTkRXYn_nKpqoSk	2026-10-07						
https://www.oyorooms.com/221130/	OYO	Hotel O Virasat Residency	29.94713638816364	78.15787429832893	rishikesh	ok	g-ChIJTVkdAPxJCTkR3TErboU53ic	2026-10-07						
https://www.goibibo.com/hotels/kaanha-residency-inn-by-shree-krishna-hospitality-hotel-in-rishikesh-8208941133171805758/	Goibibo					unreadable	g-ChIJq56Vu_QXCTkRXYn_nKpqoSk	2026-10-07						
https://www.goibibo.com/hotels/kanha-guest-house-hotel-in-ayodhya-3656844471054820951/	Goibibo					unreadable	g-ChIJq56Vu_QXCTkRXYn_nKpqoSk	2026-10-07						
https://www.airbnb.com/rooms/1696443466086981611	Airbnb	Spacious 2BHK Best view | Tapovan|Parking				no pin	stay-blessed-2-bhk-hill-view-upper-tapovan-quiet-and-serene	2026-10-07						
https://www.airbnb.com/rooms/1449324336610570768	Airbnb	Two BH Hill View Flat in Tapovan				no pin	stay-blessed-2-bhk-hill-view-upper-tapovan-quiet-and-serene	2026-10-07						
https://www.airbnb.com/rooms/1641445604015800007	Airbnb	Scenic Hill View 2BHK Tapovan | Balcony | Parking				no pin	stay-blessed-2-bhk-hill-view-upper-tapovan-quiet-and-serene	2026-10-07						
https://www.agoda.com/hotel-virasat-residency-by-wb-inn/hotel/haridwar-in.html	Agoda					unreadable	g-ChIJTVkdAPxJCTkR3TErboU53ic	2026-10-07						
https://www.agoda.com/oyo-virasat-residency/hotel/haridwar-in.html	Agoda					unreadable	g-ChIJTVkdAPxJCTkR3TErboU53ic	2026-10-07						
https://www.agoda.com/shiv-ganga-yatri-nivas/hotel/haridwar-in.html	Agoda					unreadable	g-ChIJ9dcntk5JCTkR7L7fpnOeTVE	2026-10-07						
https://www.agoda.com/shri-krishna-nivas-ashram/hotel/haridwar-in.html	Agoda					unreadable	g-ChIJ9dcntk5JCTkR7L7fpnOeTVE	2026-10-07						
https://www.agoda.com/hotel-the-raja-palace/hotel/tapovan-in.html	Agoda					unreadable	g-ChIJ48meOAA7CTkR_C0L5sJnXlk	2026-10-07						
https://www.airbnb.com/rooms/1383366006040305853	Airbnb	HariVilas – Peaceful 3BHK Homestay Near Ganga Ghat				no pin	g-ChIJA9oz1ThECTkRcPZ9Yy2Robc	2026-10-07						
https://www.goibibo.com/hotels/o-virasat-residency-hotel-in-haridwar-593374030439311133/	Goibibo					unreadable	g-ChIJTVkdAPxJCTkR3TErboU53ic	2026-10-07						
https://www.goibibo.com/hotels/aloha-rishikesh-apartment-units-hotel-in-rishikesh-3330042068090935633/	Goibibo					unreadable	apt-in-rishikesh	2026-10-07						
https://www.airbnb.com/rooms/1491541259983587526	Airbnb	Studio Flat in Rishikesh				no pin	g-ChIJ48meOAA7CTkR_C0L5sJnXlk	2026-10-07						
https://www.goibibo.com/hotels/rishikesh-riverside-stays-apartment-hotel-in-rishikesh-220008912970561069/	Goibibo					unreadable	apt-in-rishikesh	2026-10-07						
https://www.goibibo.com/hotels/tapovan-hills-hotel-in-rishikesh-883472999343173085/	Goibibo					unreadable	stay-blessed-2-bhk-hill-view-upper-tapovan-quiet-and-serene	2026-10-07						
https://www.makemytrip.com/hotels/the_hosteller_rishikesh_upper_tapovan-details-rishikesh.html	MakeMyTrip					unreadable	stay-blessed-2-bhk-hill-view-upper-tapovan-quiet-and-serene	2026-10-07						
https://www.airbnb.com/rooms/1751839856205931061	Airbnb	New 1 bhk #401				no pin	g-ChIJ48meOAA7CTkR_C0L5sJnXlk	2026-10-07						
https://www.agoda.com/stay-blessed-ganga-view-apartments/hotel/rishikesh-in.html	Agoda					unreadable	stay-blessed-2-bhk-hill-view-upper-tapovan-quiet-and-serene	2026-10-07						
https://www.agoda.com/antalya-rishikesh/hotel/tapovan-in.html	Agoda					unreadable	stay-blessed-2-bhk-hill-view-upper-tapovan-quiet-and-serene	2026-10-07						
https://www.agoda.com/ishan-a-riverside-retreat/hotel/rishikesh-in.html	Agoda					unreadable	stay-blessed-2-bhk-hill-view-upper-tapovan-quiet-and-serene	2026-10-07						
https://www.makemytrip.com/hotels/the_ganga_atithi_home_stay-details-haridwar.html	MakeMyTrip					unreadable	g-ChIJA9oz1ThECTkRcPZ9Yy2Robc	2026-10-07						
https://www.makemytrip.com/hotels/3_bhk_home_stay_walking_distance_ganga_ji-details-haridwar.html	MakeMyTrip					unreadable	g-ChIJA9oz1ThECTkRcPZ9Yy2Robc	2026-10-07						
https://www.makemytrip.com/hotels/ganga_ram_lodge_haridwar-details-haridwar.html	MakeMyTrip					unreadable	g-ChIJA9oz1ThECTkRcPZ9Yy2Robc	2026-10-07						
https://www.makemytrip.com/hotels/2bhk_the_oak_retreat_near_ganga_haridwar-details-haridwar.html	MakeMyTrip					unreadable	g-ChIJA9oz1ThECTkRcPZ9Yy2Robc	2026-10-07						
https://www.goibibo.com/hotels/riviera-resort-rishikesh-best-riverside-resort-hotel-in-rishikesh-5258706817789375436/	Goibibo					unreadable	g-ChIJ48meOAA7CTkR_C0L5sJnXlk	2026-10-07						
https://www.goibibo.com/hotels/moustache-rishikesh-riverside-resort-hotel-in-rishikesh-876701404315591054/	Goibibo					unreadable	g-ChIJ48meOAA7CTkR_C0L5sJnXlk	2026-10-07						
https://www.agoda.com/amatra-by-ganges-formerly-known-as-aalia-resort/hotel/haridwar-in.html	Agoda					unreadable	g-ChIJA9oz1ThECTkRcPZ9Yy2Robc	2026-10-07						
https://www.agoda.com/stay-blessed-2-bhk-hill-view-upper-tapovan-quiet-and-serene/hotel/rishikesh-in.html	Agoda	11 Best Hotels in Rishikesh, India				no pin	stay-blessed-2-bhk-hill-view-upper-tapovan-quiet-and-serene	2026-10-07						
https://www.agoda.com/tapovan-rishikesh-luxury-blessing-stay/hotel/rishikesh-in.html	Agoda	11 Best Hotels in Rishikesh, India				no pin	stay-blessed-2-bhk-hill-view-upper-tapovan-quiet-and-serene	2026-10-07						
https://www.agoda.com/abhi-ganga-homestay/hotel/haridwar-in.html	Agoda					unreadable	g-ChIJA9oz1ThECTkRcPZ9Yy2Robc	2026-10-07						
https://www.goibibo.com/hotels/raja-palace-inn-hotel-in-rishikesh-4180442869544322113/	Goibibo					unreadable	g-ChIJ48meOAA7CTkR_C0L5sJnXlk	2026-10-07						
https://www.goibibo.com/hotels/ln-restaurant-hotel-in-rishikesh-6527949999837076985/	Goibibo					unreadable	g-ChIJ48meOAA7CTkR_C0L5sJnXlk	2026-10-07						
https://www.agoda.com/amatra-by-ganges-formerly-known-as-aalia-resort/hotel/haridwar-in.html	Agoda					unreadable	g-ChIJA9oz1ThECTkRcPZ9Yy2Robc	2026-10-07						
https://www.goibibo.com/hotels/the-raja-palace-rooms-dorms-hotel-in-rishikesh-6420264664136694677/	Goibibo					unreadable	g-ChIJ48meOAA7CTkR_C0L5sJnXlk	2026-10-07						
https://www.goibibo.com/hotels/evana-rajaji-rajaji-tiger-reserve-rishikesh-hotel-in-rishikesh-1939888230872117019/	Goibibo					unreadable	g-ChIJ48meOAA7CTkR_C0L5sJnXlk	2026-10-07						
https://www.agoda.com/abhi-ganga-homestay/hotel/haridwar-in.html	Agoda					unreadable	g-ChIJA9oz1ThECTkRcPZ9Yy2Robc	2026-10-07						
https://www.makemytrip.com/hotels/hotel_paayal-details-rishikesh.html	MakeMyTrip					unreadable	g-ChIJhTWlqtQXCTkR96PZKCnFIGI	2026-10-07						
https://www.goibibo.com/hotels/jk-river-view-resort-hotel-in-rishikesh-4582604056058808459/	Goibibo					unreadable	g-ChIJzV5zfqHaCTkR6miE_Ggwv_A	2026-10-07						
https://www.makemytrip.com/hotels/jk_river_view_resort-details-rishikesh.html	MakeMyTrip					unreadable	g-ChIJzV5zfqHaCTkR6miE_Ggwv_A	2026-10-07						
https://www.goibibo.com/hotels/ln-restaurant-hotel-in-rishikesh-6527949999837076985/	Goibibo					unreadable	g-ChIJ48meOAA7CTkR_C0L5sJnXlk	2026-10-07						
https://www.goibibo.com/hotels/raja-palace-inn-hotel-in-rishikesh-4180442869544322113/	Goibibo					unreadable	g-ChIJ48meOAA7CTkR_C0L5sJnXlk	2026-10-07						
https://www.goibibo.com/hotels/the-raja-palace-rooms-dorms-hotel-in-rishikesh-6420264664136694677/	Goibibo					unreadable	g-ChIJ48meOAA7CTkR_C0L5sJnXlk	2026-10-07						
https://www.goibibo.com/hotels/evana-rajaji-rajaji-tiger-reserve-rishikesh-hotel-in-rishikesh-1939888230872117019/	Goibibo					unreadable	g-ChIJ48meOAA7CTkR_C0L5sJnXlk	2026-10-07						
https://www.agoda.com/the-ganga-atithi-home-stay/hotel/haridwar-in.html	Agoda	11 Best Hotels in Haridwar, India				no pin	g-ChIJA9oz1ThECTkRcPZ9Yy2Robc	2026-10-07						
https://www.goibibo.com/hotels/hill-view-room-in-tapovan-hotel-in-rishikesh-6319299653400053496/	Goibibo					unreadable	stay-blessed-2-bhk-hill-view-upper-tapovan-quiet-and-serene	2026-10-07						
https://www.goibibo.com/hotels/2-bhk-hill-view-flat-in-tapovan-rishikesh-hotel-in-rishikesh-6910264223641370304/	Goibibo					unreadable	stay-blessed-2-bhk-hill-view-upper-tapovan-quiet-and-serene	2026-10-07						
https://www.goibibo.com/hotels/luxurious-2bhk-holiday-home-tapovan-hotel-in-rishikesh-7990485058960474839/	Goibibo					unreadable	stay-blessed-2-bhk-hill-view-upper-tapovan-quiet-and-serene	2026-10-07						
https://www.agoda.com/pahadi-home/hotel/rishikesh-in.html	Agoda					unreadable	g-ChIJhTWlqtQXCTkR96PZKCnFIGI	2026-10-07						
https://www.agoda.com/rishikesh-home-stay-h55486032/hotel/rishikesh-in.html	Agoda					unreadable	g-ChIJhTWlqtQXCTkR96PZKCnFIGI	2026-10-07						
https://www.goibibo.com/hotels/2bhk-flat-peaceful-rishikesh-stay-hotel-in-rishikesh-202605051949255121/	Goibibo					unreadable	stay-blessed-2-bhk-hill-view-upper-tapovan-quiet-and-serene	2026-10-07						
https://www.agoda.com/hotel-river-heaven-by-tnt-venture/hotel/rishikesh-in.html	Agoda					unreadable	g-ChIJzV5zfqHaCTkR6miE_Ggwv_A	2026-10-07						
https://www.agoda.com/tapovan-rishikesh-luxury-blessing-stay/hotel/rishikesh-in.html	Agoda	11 Best Hotels in Rishikesh, India				no pin	stay-blessed-2-bhk-hill-view-upper-tapovan-quiet-and-serene	2026-10-07						
https://www.agoda.com/stay-blessed-2-bhk-hill-view-upper-tapovan-quiet-and-serene/hotel/rishikesh-in.html	Agoda	11 Best Hotels in Rishikesh, India				no pin	stay-blessed-2-bhk-hill-view-upper-tapovan-quiet-and-serene	2026-10-07						
https://www.agoda.com/riviera-resort-rishikesh/hotel/rishikesh-in.html	Agoda					unreadable	g-ChIJzV5zfqHaCTkR6miE_Ggwv_A	2026-10-07						
https://www.agoda.com/the-roseate-ganges-rishikesh/hotel/rishikesh-in.html	Agoda					unreadable	g-ChIJzV5zfqHaCTkR6miE_Ggwv_A	2026-10-07						
https://www.agoda.com/the-ganga-atithi-home-stay/hotel/haridwar-in.html	Agoda	11 Best Hotels in Haridwar, India				no pin	g-ChIJA9oz1ThECTkRcPZ9Yy2Robc	2026-10-07						
https://www.makemytrip.com/hotels/hotel_paayal-details-rishikesh.html	MakeMyTrip					unreadable	g-ChIJhTWlqtQXCTkR96PZKCnFIGI	2026-10-07						
https://www.goibibo.com/hotels/jk-river-view-resort-hotel-in-rishikesh-4582604056058808459/	Goibibo					unreadable	g-ChIJzV5zfqHaCTkR6miE_Ggwv_A	2026-10-07						
https://www.makemytrip.com/hotels/jk_river_view_resort-details-rishikesh.html	MakeMyTrip					unreadable	g-ChIJzV5zfqHaCTkR6miE_Ggwv_A	2026-10-07						
https://www.makemytrip.com/hotels/hills_queen_rishikesh_padler-details-rishikesh.html	MakeMyTrip					unreadable	g-ChIJO9iveDgVCTkRpQY9vqLVpuo	2026-10-07						
https://www.goibibo.com/hotels/stylish-and-cozy-stay-in-tapovan-hotel-in-rishikesh-202605071505432355/	Goibibo					unreadable	stay-blessed-2-bhk-hill-view-upper-tapovan-quiet-and-serene	2026-10-07						
https://www.goibibo.com/hotels/hills-queen-rishikesh-padler-hotel-in-rishikesh-202604151324149464/	Goibibo					unreadable	g-ChIJO9iveDgVCTkRpQY9vqLVpuo	2026-10-07						
https://www.goibibo.com/hotels/2-bhk-hill-view-flat-in-tapovan-rishikesh-hotel-in-rishikesh-6910264223641370304/	Goibibo					unreadable	stay-blessed-2-bhk-hill-view-upper-tapovan-quiet-and-serene	2026-10-07						
https://www.goibibo.com/hotels/hill-view-room-in-tapovan-hotel-in-rishikesh-6319299653400053496/	Goibibo					unreadable	stay-blessed-2-bhk-hill-view-upper-tapovan-quiet-and-serene	2026-10-07						
https://www.easemytrip.com/hotels/hills-queen-resort-and-camping-9812083/	EaseMyTrip	502				no pin	g-ChIJO9iveDgVCTkRpQY9vqLVpuo	2026-10-07						
https://www.agoda.com/rishikesh-home-stay-h39821252/hotel/rishikesh-in.html	Agoda					unreadable	g-ChIJ6btIfgA_CTkRcNaygNULju0	2026-10-07						
https://www.agoda.com/pahadi-home/hotel/rishikesh-in.html	Agoda					unreadable	g-ChIJhTWlqtQXCTkR96PZKCnFIGI	2026-10-07						
https://www.agoda.com/the-cozy-homes-rishikesh-3bhk/hotel/rishikesh-in.html	Agoda					unreadable	g-ChIJ6btIfgA_CTkRcNaygNULju0	2026-10-07						
https://www.goibibo.com/hotels/paayal-hotel-in-rishikesh-8353454606148904502/	Goibibo					unreadable	g-ChIJhTWlqtQXCTkR96PZKCnFIGI	2026-10-07						
https://www.goibibo.com/hotels/luxurious-2bhk-holiday-home-tapovan-hotel-in-rishikesh-7990485058960474839/	Goibibo					unreadable	stay-blessed-2-bhk-hill-view-upper-tapovan-quiet-and-serene	2026-10-07						
https://www.goibibo.com/hotels/2bhk-flat-peaceful-rishikesh-stay-hotel-in-rishikesh-202605051949255121/	Goibibo					unreadable	stay-blessed-2-bhk-hill-view-upper-tapovan-quiet-and-serene	2026-10-07						
https://www.agoda.com/amoha-homes-pure-dwelling-4bhk-apartment/hotel/rishikesh-in.html	Agoda					unreadable	g-ChIJ6btIfgA_CTkRcNaygNULju0	2026-10-07						
https://www.goibibo.com/hotels/paras-inn-homestay-hotel-in-rishikesh-202607271416298099/	Goibibo					unreadable	g-ChIJhTWlqtQXCTkR96PZKCnFIGI	2026-10-07						
https://www.agoda.com/rishikesh-home-stay-h55486032/hotel/rishikesh-in.html	Agoda					unreadable	g-ChIJhTWlqtQXCTkR96PZKCnFIGI	2026-10-07						
https://www.goibibo.com/hotels/the-secret-stays-rishikesh-hotel-in-rishikesh-202606151722045183/	Goibibo					unreadable	g-ChIJhTWlqtQXCTkR96PZKCnFIGI	2026-10-07						
https://www.agoda.com/bb-homes/hotel/rishikesh-in.html	Agoda					unreadable	g-ChIJ6btIfgA_CTkRcNaygNULju0	2026-10-07						
https://www.agoda.com/home-stay-h74349890/hotel/rishikesh-in.html	Agoda	11 Best Hotels in Rishikesh, India				no pin	g-ChIJhTWlqtQXCTkR96PZKCnFIGI	2026-10-07						
https://www.goibibo.com/hotels/stylish-and-cozy-stay-in-tapovan-hotel-in-rishikesh-202605071505432355/	Goibibo					unreadable	stay-blessed-2-bhk-hill-view-upper-tapovan-quiet-and-serene	2026-10-07						
https://www.agoda.com/the-roseate-ganges-rishikesh/hotel/rishikesh-in.html	Agoda					unreadable	g-ChIJzV5zfqHaCTkR6miE_Ggwv_A	2026-10-07						
https://www.agoda.com/hotel-river-heaven-by-tnt-venture/hotel/rishikesh-in.html	Agoda					unreadable	g-ChIJzV5zfqHaCTkR6miE_Ggwv_A	2026-10-07						
https://www.agoda.com/riviera-resort-rishikesh/hotel/rishikesh-in.html	Agoda					unreadable	g-ChIJzV5zfqHaCTkR6miE_Ggwv_A	2026-10-07						
https://www.makemytrip.com/hotels/hills_queen_rishikesh_padler-details-rishikesh.html	MakeMyTrip					unreadable	g-ChIJO9iveDgVCTkRpQY9vqLVpuo	2026-10-07						
https://www.airbnb.com/rooms/1706502693477020307	Airbnb	Rawat's Home stay				no pin	g-ChIJ6btIfgA_CTkRcNaygNULju0	2026-10-07						
https://www.airbnb.com/rooms/1698240198870706585	Airbnb	Kartik Home – Your Private Getaway with Pool				no pin	g-ChIJ6btIfgA_CTkRcNaygNULju0	2026-10-07						
https://www.agoda.com/shimla-bhawan-haridwar/hotel/haridwar-in.html	Agoda					unreadable	g-ChIJzasMz_pHCTkRnV32S8dMDQI	2026-10-07						
https://www.goibibo.com/hotels/hills-queen-rishikesh-padler-hotel-in-rishikesh-202604151324149464/	Goibibo					unreadable	g-ChIJO9iveDgVCTkRpQY9vqLVpuo	2026-10-07						
https://www.goibibo.com/hotels/thapliyal-home-stay-hotel-in-rishikesh-131371331719604228/	Goibibo					unreadable	g-ChIJhTWlqtQXCTkR96PZKCnFIGI	2026-10-07						
https://www.easemytrip.com/hotels/hills-queen-resort-and-camping-9812083/	EaseMyTrip	502				no pin	g-ChIJO9iveDgVCTkRpQY9vqLVpuo	2026-10-07						
https://www.agoda.com/rishikesh-home-stay-h39821252/hotel/rishikesh-in.html	Agoda					unreadable	g-ChIJ6btIfgA_CTkRcNaygNULju0	2026-10-07						
https://www.agoda.com/the-cozy-homes-rishikesh-3bhk/hotel/rishikesh-in.html	Agoda					unreadable	g-ChIJ6btIfgA_CTkRcNaygNULju0	2026-10-07						
https://www.agoda.com/amoha-homes-pure-dwelling-4bhk-apartment/hotel/rishikesh-in.html	Agoda					unreadable	g-ChIJ6btIfgA_CTkRcNaygNULju0	2026-10-07						
https://www.agoda.com/bb-homes/hotel/rishikesh-in.html	Agoda					unreadable	g-ChIJ6btIfgA_CTkRcNaygNULju0	2026-10-07						
https://www.agoda.com/home-in-rishikesh/hotel/rishikesh-in.html	Agoda	11 Best Hotels in Rishikesh, India				no pin	g-ChIJ6btIfgA_CTkRcNaygNULju0	2026-10-07						
https://www.goibibo.com/hotels/sitaram-dharmashala-hotel-in-haridwar-5971693529447335239/	Goibibo					unreadable	g-ChIJFXZKEFZHCTkR2E8Vp9mX5rU	2026-10-07						
https://www.airbnb.com/rooms/1706502693477020307	Airbnb	Rawat's Home stay				no pin	g-ChIJ6btIfgA_CTkRcNaygNULju0	2026-10-07						
https://www.goibibo.com/hotels/jangra-dharamshala-hotel-in-haridwar-9186995998708665543/	Goibibo					unreadable	g-ChIJFXZKEFZHCTkR2E8Vp9mX5rU	2026-10-07						
https://www.agoda.com/home-stay-h74349890/hotel/rishikesh-in.html	Agoda	11 Best Hotels in Rishikesh, India				no pin	g-ChIJhTWlqtQXCTkR96PZKCnFIGI	2026-10-07						
https://www.airbnb.com/rooms/1698240198870706585	Airbnb	Kartik Home – Your Private Getaway with Pool				no pin	g-ChIJ6btIfgA_CTkRcNaygNULju0	2026-10-07						
https://www.goibibo.com/hotels/fabhotel-vaishnav-bairagi-hotel-in-nasik-202606171114134461/	Goibibo					unreadable	g-ChIJFXZKEFZHCTkR2E8Vp9mX5rU	2026-10-07						
https://www.goibibo.com/hotels/raj-bhadur-seth-sindhi-dharamshala-hotel-in-haridwar-3884847604585509738/	Goibibo					unreadable	g-ChIJFXZKEFZHCTkR2E8Vp9mX5rU	2026-10-07						
https://www.goibibo.com/hotels/paayal-hotel-in-rishikesh-8353454606148904502/	Goibibo					unreadable	g-ChIJhTWlqtQXCTkR96PZKCnFIGI	2026-10-07						
https://www.goibibo.com/hotels/paras-inn-homestay-hotel-in-rishikesh-202607271416298099/	Goibibo					unreadable	g-ChIJhTWlqtQXCTkR96PZKCnFIGI	2026-10-07						
https://www.goibibo.com/hotels/the-secret-stays-rishikesh-hotel-in-rishikesh-202606151722045183/	Goibibo					unreadable	g-ChIJhTWlqtQXCTkR96PZKCnFIGI	2026-10-07						
https://www.goibibo.com/hotels/thapliyal-home-stay-hotel-in-rishikesh-131371331719604228/	Goibibo					unreadable	g-ChIJhTWlqtQXCTkR96PZKCnFIGI	2026-10-07						
https://www.goibibo.com/hotels/chandigarh-bhawan-hotel-in-haridwar-4241806104571006071/	Goibibo					unreadable	g-ChIJFXZKEFZHCTkR2E8Vp9mX5rU	2026-10-07						
https://www.agoda.com/shimla-bhawan-haridwar/hotel/haridwar-in.html	Agoda					unreadable	g-ChIJzasMz_pHCTkRnV32S8dMDQI	2026-10-07						
https://www.goibibo.com/hotels/luxurious-2bhk-river-view-pool-aloha-on-the-ganges-hotel-in-rishikesh-202607230344075264/	Goibibo					unreadable	g-ChIJzV5zfqHaCTkR6miE_Ggwv_A	2026-10-07						
https://www.goibibo.com/hotels/ganga-river-view-3bhk-penthouse-rishikesh-by-homeyhuts-hotel-in-rishikesh-4247429618486512268/	Goibibo					unreadable	g-ChIJzV5zfqHaCTkR6miE_Ggwv_A	2026-10-07						
https://www.agoda.com/home-in-rishikesh/hotel/rishikesh-in.html	Agoda	11 Best Hotels in Rishikesh, India				no pin	g-ChIJ6btIfgA_CTkRcNaygNULju0	2026-10-07						
https://www.goibibo.com/hotels/river-valley-resort-rishikesh-hotel-in-rishikesh-1890572777876477032/	Goibibo					unreadable	g-ChIJzV5zfqHaCTkR6miE_Ggwv_A	2026-10-07						
https://www.goibibo.com/hotels/river-view-hotel-in-barkot-8732872649828940199/	Goibibo					unreadable	g-ChIJzV5zfqHaCTkR6miE_Ggwv_A	2026-10-07						
https://www.goibibo.com/hotels/holy-river-hotel-in-rishikesh-6026129090041347835/	Goibibo					unreadable	g-ChIJzV5zfqHaCTkR6miE_Ggwv_A	2026-10-07						
https://www.goibibo.com/hotels/jangra-dharamshala-hotel-in-haridwar-9186995998708665543/	Goibibo					unreadable	g-ChIJFXZKEFZHCTkR2E8Vp9mX5rU	2026-10-07						
https://www.goibibo.com/hotels/raj-bhadur-seth-sindhi-dharamshala-hotel-in-haridwar-3884847604585509738/	Goibibo					unreadable	g-ChIJFXZKEFZHCTkR2E8Vp9mX5rU	2026-10-07						
https://www.goibibo.com/hotels/sitaram-dharmashala-hotel-in-haridwar-5971693529447335239/	Goibibo					unreadable	g-ChIJFXZKEFZHCTkR2E8Vp9mX5rU	2026-10-07						
https://www.goibibo.com/hotels/shree-g-cottage-home-rishikesh-hotel-in-rishikesh-8239083801274164447/	Goibibo					unreadable	g-ChIJ6btIfgA_CTkRcNaygNULju0	2026-10-07						
https://www.goibibo.com/hotels/derawal-bhawan-hotel-in-haridwar-1588951615151715219/	Goibibo					unreadable	g-ChIJzasMz_pHCTkRnV32S8dMDQI	2026-10-07						
https://www.agoda.com/blissful-stays/hotel/new-delhi-in.html	Agoda					unreadable	g-ChIJMbLNPhlJCTkRzihzO8o7w6U	2026-10-07						
https://www.agoda.com/hotel-best-stay-haridwar-by-shiva-palace/hotel/haridwar-in.html	Agoda					unreadable	g-ChIJMbLNPhlJCTkRzihzO8o7w6U	2026-10-07						
https://www.agoda.com/infinity-stay-har-ki-pauri-haridwar/hotel/haridwar-in.html	Agoda					unreadable	g-ChIJMbLNPhlJCTkRzihzO8o7w6U	2026-10-07						
https://www.agoda.com/perfectstayz-dhruv-nanda/hotel/haridwar-in.html	Agoda					unreadable	g-ChIJMbLNPhlJCTkRzihzO8o7w6U	2026-10-07						
https://www.agoda.com/the-blissful-stays/hotel/mumbai-in.html	Agoda					unreadable	g-ChIJMbLNPhlJCTkRzihzO8o7w6U	2026-10-07						
https://www.goibibo.com/hotels/fabhotel-vaishnav-bairagi-hotel-in-nasik-202606171114134461/	Goibibo					unreadable	g-ChIJFXZKEFZHCTkR2E8Vp9mX5rU	2026-10-07						
https://www.goibibo.com/hotels/chandigarh-bhawan-hotel-in-haridwar-4241806104571006071/	Goibibo					unreadable	g-ChIJFXZKEFZHCTkR2E8Vp9mX5rU	2026-10-07						
https://www.goibibo.com/hotels/luxurious-2bhk-river-view-pool-aloha-on-the-ganges-hotel-in-rishikesh-202607230344075264/	Goibibo					unreadable	g-ChIJzV5zfqHaCTkR6miE_Ggwv_A	2026-10-07						
https://www.agoda.com/madhuban-homestay/hotel/rishikesh-in.html	Agoda					unreadable	g-ChIJNeCrLSMXCTkRxmkjzaMy8XU	2026-10-07						
https://www.goibibo.com/hotels/parmarth-ashram-hotel-in-haridwar-6931067505619585998/	Goibibo					unreadable	g-ChIJzasMz_pHCTkRnV32S8dMDQI	2026-10-07						
https://www.agoda.com/madhav-homestay-h85733898/hotel/moradabad-in.html	Agoda					unreadable	g-ChIJNeCrLSMXCTkRxmkjzaMy8XU	2026-10-07						
https://www.agoda.com/sneha-home-stay_3/hotel/rishikesh-in.html	Agoda					unreadable	g-ChIJNeCrLSMXCTkRxmkjzaMy8XU	2026-10-07						
https://www.goibibo.com/hotels/ganga-river-view-3bhk-penthouse-rishikesh-by-homeyhuts-hotel-in-rishikesh-4247429618486512268/	Goibibo					unreadable	g-ChIJzV5zfqHaCTkR6miE_Ggwv_A	2026-10-07						
https://www.agoda.com/tripli-hotels-sukritham/hotel/rishikesh-in.html	Agoda					unreadable	g-ChIJLcB__tEXCTkRLMnUeY2aNME	2026-10-07						
https://www.goibibo.com/hotels/gopi-dham-dharamshala-hotel-in-haridwar-7695696094001235964/	Goibibo					unreadable	g-ChIJzasMz_pHCTkRnV32S8dMDQI	2026-10-07						
https://www.agoda.com/tripti-hotel/hotel/rishikesh-in.html	Agoda					unreadable	g-ChIJLcB__tEXCTkRLMnUeY2aNME	2026-10-07						
https://www.agoda.com/hotel-trihari_3/hotel/rishikesh-in.html	Agoda					unreadable	g-ChIJLcB__tEXCTkRLMnUeY2aNME	2026-10-07						
https://www.agoda.com/sanskriti-vedic-retreat/hotel/rishikesh-in.html	Agoda					unreadable	g-ChIJLcB__tEXCTkRLMnUeY2aNME	2026-10-07						
https://www.goibibo.com/hotels/shanti-niketan-sindhi-dharamshala-hotel-in-haridwar-3701171798545223087/	Goibibo					unreadable	g-ChIJzasMz_pHCTkRnV32S8dMDQI	2026-10-07						
https://www.agoda.com/hotel-savitri-country/hotel/yogyakarta-id.html	Agoda					unreadable	g-ChIJLcB__tEXCTkRLMnUeY2aNME	2026-10-07						
https://www.agoda.com/shivpuri-valley-camp/hotel/rishikesh-in.html	Agoda					unreadable	g-ChIJs8pvPssXCTkRdeZfg1s5ybs	2026-10-07						
https://www.agoda.com/shivpuri-adventure-resort-and-camp-h67143072/hotel/rishikesh-in.html	Agoda					unreadable	g-ChIJs8pvPssXCTkRdeZfg1s5ybs	2026-10-07						
https://www.agoda.com/trance-ganga-resort-shivpuri/hotel/rishikesh-in.html	Agoda					unreadable	g-ChIJs8pvPssXCTkRdeZfg1s5ybs	2026-10-07						
https://www.agoda.com/ganga-banks-camp/hotel/rishikesh-in.html	Agoda					unreadable	g-ChIJs8pvPssXCTkRdeZfg1s5ybs	2026-10-07						
https://www.agoda.com/trance-ganga-resort/hotel/mussoorie-in.html	Agoda					unreadable	g-ChIJs8pvPssXCTkRdeZfg1s5ybs	2026-10-07						
https://www.goibibo.com/hotels/river-valley-resort-rishikesh-hotel-in-rishikesh-1890572777876477032/	Goibibo					unreadable	g-ChIJzV5zfqHaCTkR6miE_Ggwv_A	2026-10-07						
https://www.airbnb.com/rooms/41486639	Airbnb	Deep Yoga Retreat				no pin	g-ChIJLcB__tEXCTkRLMnUeY2aNME	2026-10-07						
https://www.airbnb.com/rooms/1492804878873063273	Airbnb	Sawitri Ayurveda				no pin	g-ChIJLcB__tEXCTkRLMnUeY2aNME	2026-10-07						
https://www.goibibo.com/hotels/tej-ram-dharam-paul-charitable-trust-hotel-in-haridwar-558297763307127457/	Goibibo					unreadable	g-ChIJzasMz_pHCTkRnV32S8dMDQI	2026-10-07						
https://www.goibibo.com/hotels/river-view-hotel-in-barkot-8732872649828940199/	Goibibo					unreadable	g-ChIJzV5zfqHaCTkR6miE_Ggwv_A	2026-10-07						
https://www.goibibo.com/hotels/holy-river-hotel-in-rishikesh-6026129090041347835/	Goibibo					unreadable	g-ChIJzV5zfqHaCTkR6miE_Ggwv_A	2026-10-07						
https://www.goibibo.com/hotels/shree-g-cottage-home-rishikesh-hotel-in-rishikesh-8239083801274164447/	Goibibo					unreadable	g-ChIJ6btIfgA_CTkRcNaygNULju0	2026-10-07						
https://www.makemytrip.com/hotels/madhav_homestay-details-dwarka.html	MakeMyTrip					unreadable	g-ChIJNeCrLSMXCTkRxmkjzaMy8XU	2026-10-07						
https://www.agoda.com/hotel-best-stay-haridwar-by-shiva-palace/hotel/haridwar-in.html	Agoda					unreadable	g-ChIJMbLNPhlJCTkRzihzO8o7w6U	2026-10-07						
https://www.agoda.com/blissful-stays/hotel/new-delhi-in.html	Agoda					unreadable	g-ChIJMbLNPhlJCTkRzihzO8o7w6U	2026-10-07						
https://www.agoda.com/infinity-stay-har-ki-pauri-haridwar/hotel/haridwar-in.html	Agoda					unreadable	g-ChIJMbLNPhlJCTkRzihzO8o7w6U	2026-10-07						
https://www.goibibo.com/hotels/derawal-bhawan-hotel-in-haridwar-1588951615151715219/	Goibibo					unreadable	g-ChIJzasMz_pHCTkRnV32S8dMDQI	2026-10-07						
https://www.goibibo.com/hotels/gopi-dham-dharamshala-hotel-in-haridwar-7695696094001235964/	Goibibo					unreadable	g-ChIJzasMz_pHCTkRnV32S8dMDQI	2026-10-07						
https://www.goibibo.com/hotels/parmarth-ashram-hotel-in-haridwar-6931067505619585998/	Goibibo					unreadable	g-ChIJzasMz_pHCTkRnV32S8dMDQI	2026-10-07						
https://www.agoda.com/perfectstayz-dhruv-nanda/hotel/haridwar-in.html	Agoda					unreadable	g-ChIJMbLNPhlJCTkRzihzO8o7w6U	2026-10-07						
https://www.agoda.com/the-blissful-stays/hotel/mumbai-in.html	Agoda					unreadable	g-ChIJMbLNPhlJCTkRzihzO8o7w6U	2026-10-07						
https://www.goibibo.com/hotels/shanti-niketan-sindhi-dharamshala-hotel-in-haridwar-3701171798545223087/	Goibibo					unreadable	g-ChIJzasMz_pHCTkRnV32S8dMDQI	2026-10-07						
https://www.agoda.com/madhuban-homestay/hotel/rishikesh-in.html	Agoda					unreadable	g-ChIJNeCrLSMXCTkRxmkjzaMy8XU	2026-10-07						
https://www.agoda.com/sneha-home-stay_3/hotel/rishikesh-in.html	Agoda					unreadable	g-ChIJNeCrLSMXCTkRxmkjzaMy8XU	2026-10-07						
https://www.agoda.com/tripli-hotels-sukritham/hotel/rishikesh-in.html	Agoda					unreadable	g-ChIJLcB__tEXCTkRLMnUeY2aNME	2026-10-07						
https://www.agoda.com/tripti-hotel/hotel/rishikesh-in.html	Agoda					unreadable	g-ChIJLcB__tEXCTkRLMnUeY2aNME	2026-10-07						
https://www.agoda.com/madhav-homestay-h85733898/hotel/moradabad-in.html	Agoda					unreadable	g-ChIJNeCrLSMXCTkRxmkjzaMy8XU	2026-10-07						
https://www.agoda.com/hotel-trihari_3/hotel/rishikesh-in.html	Agoda					unreadable	g-ChIJLcB__tEXCTkRLMnUeY2aNME	2026-10-07						
https://www.agoda.com/sanskriti-vedic-retreat/hotel/rishikesh-in.html	Agoda					unreadable	g-ChIJLcB__tEXCTkRLMnUeY2aNME	2026-10-07						
https://www.agoda.com/trance-ganga-resort-shivpuri/hotel/rishikesh-in.html	Agoda					unreadable	g-ChIJs8pvPssXCTkRdeZfg1s5ybs	2026-10-07						
https://www.agoda.com/shivpuri-valley-camp/hotel/rishikesh-in.html	Agoda					unreadable	g-ChIJs8pvPssXCTkRdeZfg1s5ybs	2026-10-07						
https://www.airbnb.com/rooms/1391878696155259819	Airbnb	Airbnb: Holiday Rentals, Cabins, Beach Houses, Unique Homes & Experiences				no pin	g-ChIJNeCrLSMXCTkRxmkjzaMy8XU	2026-10-07						
https://www.agoda.com/shivpuri-adventure-resort-and-camp-h67143072/hotel/rishikesh-in.html	Agoda					unreadable	g-ChIJs8pvPssXCTkRdeZfg1s5ybs	2026-10-07						
https://www.airbnb.com/rooms/1587694510084872884	Airbnb	Airbnb: Holiday Rentals, Cabins, Beach Houses, Unique Homes & Experiences				no pin	g-ChIJR8c7zKI_CTkRgfVt_NbcyLI	2026-10-07						
https://www.airbnb.com/rooms/1558791343026678068	Airbnb	Airbnb: Holiday Rentals, Cabins, Beach Houses, Unique Homes & Experiences				no pin	g-ChIJR8c7zKI_CTkRgfVt_NbcyLI	2026-10-07						
https://www.airbnb.com/rooms/1588971334966818661	Airbnb	Airbnb: Holiday Rentals, Cabins, Beach Houses, Unique Homes & Experiences				no pin	g-ChIJR8c7zKI_CTkRgfVt_NbcyLI	2026-10-07						
https://www.agoda.com/hotel-savitri-country/hotel/yogyakarta-id.html	Agoda					unreadable	g-ChIJLcB__tEXCTkRLMnUeY2aNME	2026-10-07						
https://www.goibibo.com/hotels/tej-ram-dharam-paul-charitable-trust-hotel-in-haridwar-558297763307127457/	Goibibo					unreadable	g-ChIJzasMz_pHCTkRnV32S8dMDQI	2026-10-07						
https://www.goibibo.com/hotels/madhaav-homestay-room-only-hotel-in-rann-of-kachch-8203652551720293555/	Goibibo					unreadable	g-ChIJNeCrLSMXCTkRxmkjzaMy8XU	2026-10-07						
https://www.agoda.com/trance-ganga-resort/hotel/mussoorie-in.html	Agoda					unreadable	g-ChIJs8pvPssXCTkRdeZfg1s5ybs	2026-10-07						
https://www.goibibo.com/hotels/madhaav-homestay-hotel-in-rann-of-kachch-5583152121223532417/	Goibibo					unreadable	g-ChIJNeCrLSMXCTkRxmkjzaMy8XU	2026-10-07						
https://www.agoda.com/ganga-banks-camp/hotel/rishikesh-in.html	Agoda					unreadable	g-ChIJs8pvPssXCTkRdeZfg1s5ybs	2026-10-07						
https://www.airbnb.com/rooms/1492804878873063273	Airbnb	Sawitri Ayurveda				no pin	g-ChIJLcB__tEXCTkRLMnUeY2aNME	2026-10-07						
https://www.airbnb.com/rooms/41486639	Airbnb	Deep Yoga Retreat				no pin	g-ChIJLcB__tEXCTkRLMnUeY2aNME	2026-10-07						
https://www.goibibo.com/hotels/shree-radha-madhav-homestay-barsana-hotel-in-chhata-202607100550258909/	Goibibo					unreadable	g-ChIJNeCrLSMXCTkRxmkjzaMy8XU	2026-10-07						
https://www.airbnb.com/rooms/792370061653993350	Airbnb	Airbnb: Holiday Rentals, Cabins, Beach Houses, Unique Homes & Experiences				no pin	g-ChIJs8pvPssXCTkRdeZfg1s5ybs	2026-10-07						
https://www.makemytrip.com/hotels/madhav_homestay-details-dwarka.html	MakeMyTrip					unreadable	g-ChIJNeCrLSMXCTkRxmkjzaMy8XU	2026-10-07						
https://www.goibibo.com/hotels/tripli-hotels-sukritham-hotel-in-rishikesh-202604041440339517/	Goibibo					unreadable	g-ChIJLcB__tEXCTkRLMnUeY2aNME	2026-10-07						
https://www.goibibo.com/hotels/gangotri-plaza-laxman-jhula-hotel-in-rishikesh-6244096822563154684/	Goibibo					unreadable	g-ChIJLcB__tEXCTkRLMnUeY2aNME	2026-10-07						
https://www.goibibo.com/hotels/ishan-a-ganges-riverside-retreat-by-salvus-hotel-in-rishikesh-3855575961050894375/	Goibibo					unreadable	g-ChIJLcB__tEXCTkRLMnUeY2aNME	2026-10-07						
https://www.goibibo.com/hotels/savitri-resort-pushkar-hotel-in-pushkar-5147086157267646847/	Goibibo					unreadable	g-ChIJLcB__tEXCTkRLMnUeY2aNME	2026-10-07						
https://www.airbnb.com/rooms/1391878696155259819	Airbnb	Airbnb: Holiday Rentals, Cabins, Beach Houses, Unique Homes & Experiences				no pin	g-ChIJNeCrLSMXCTkRxmkjzaMy8XU	2026-10-07						
https://www.agoda.com/comfy-nature-stay-sk-grand/hotel/rishikesh-in.html	Agoda					unreadable	g-ChIJ4y_KYSw7CTkRijIIrXTH29I	2026-10-07						
https://www.airbnb.com/rooms/1587694510084872884	Airbnb	Airbnb: Holiday Rentals, Cabins, Beach Houses, Unique Homes & Experiences				no pin	g-ChIJR8c7zKI_CTkRgfVt_NbcyLI	2026-10-07						
https://www.airbnb.com/rooms/1558791343026678068	Airbnb	Airbnb: Holiday Rentals, Cabins, Beach Houses, Unique Homes & Experiences				no pin	g-ChIJR8c7zKI_CTkRgfVt_NbcyLI	2026-10-07						
https://www.agoda.com/sri-hari-residency/hotel/gorakhpur-in.html	Agoda					unreadable	g-ChIJIXX1PiAWCTkR-h0o4918a4Y	2026-10-07						
https://www.goibibo.com/hotels/savitri-nand-palace-hotel-in-mussoorie-2861182417334504126/	Goibibo					unreadable	g-ChIJLcB__tEXCTkRLMnUeY2aNME	2026-10-07						
https://www.agoda.com/oyo-shri-hari-residency/hotel/varanasi-in.html	Agoda					unreadable	g-ChIJIXX1PiAWCTkR-h0o4918a4Y	2026-10-07						
https://www.goibibo.com/hotels/sk-grand-comfy-nature-stay-hotel-in-rishikesh-1253661295380496425/	Goibibo					unreadable	g-ChIJ4y_KYSw7CTkRijIIrXTH29I	2026-10-07						
https://www.agoda.com/shri-hari-residency/hotel/ayodhya-in.html	Agoda					unreadable	g-ChIJIXX1PiAWCTkR-h0o4918a4Y	2026-10-07						
https://www.goibibo.com/hotels/madhaav-homestay-room-only-hotel-in-rann-of-kachch-8203652551720293555/	Goibibo					unreadable	g-ChIJNeCrLSMXCTkRxmkjzaMy8XU	2026-10-07						
https://www.goibibo.com/hotels/madhaav-homestay-hotel-in-rann-of-kachch-5583152121223532417/	Goibibo					unreadable	g-ChIJNeCrLSMXCTkRxmkjzaMy8XU	2026-10-07						
https://www.goibibo.com/hotels/shree-radha-madhav-homestay-barsana-hotel-in-chhata-202607100550258909/	Goibibo					unreadable	g-ChIJNeCrLSMXCTkRxmkjzaMy8XU	2026-10-07						
https://www.agoda.com/shri-hari-ganga-view/hotel/rishikesh-in.html	Agoda					unreadable	g-ChIJIXX1PiAWCTkR-h0o4918a4Y	2026-10-07						
https://www.agoda.com/shri-ram-residency/hotel/rishikesh-in.html	Agoda					unreadable	g-ChIJIXX1PiAWCTkR-h0o4918a4Y	2026-10-07						
https://www.agoda.com/sri-hari-residency/hotel/chittoor-in.html	Agoda					unreadable	g-ChIJIXX1PiAWCTkR-h0o4918a4Y	2026-10-07						
https://www.airbnb.com/rooms/1588971334966818661	Airbnb	Airbnb: Holiday Rentals, Cabins, Beach Houses, Unique Homes & Experiences				no pin	g-ChIJR8c7zKI_CTkRgfVt_NbcyLI	2026-10-07						
https://www.hotels.com/ho3969040352/	Hotels.com					unreadable	g-ChIJ4y_KYSw7CTkRijIIrXTH29I	2026-10-07						
https://www.easemytrip.com/hotels/hotel-sk-grand-comfy-nature-stay-10707613/	EaseMyTrip	502				no pin	g-ChIJ4y_KYSw7CTkRijIIrXTH29I	2026-10-07						
https://www.airbnb.com/rooms/792370061653993350	Airbnb	Airbnb: Holiday Rentals, Cabins, Beach Houses, Unique Homes & Experiences				no pin	g-ChIJs8pvPssXCTkRdeZfg1s5ybs	2026-10-07						
https://www.goibibo.com/hotels/tripli-hotels-sukritham-hotel-in-rishikesh-202604041440339517/	Goibibo					unreadable	g-ChIJLcB__tEXCTkRLMnUeY2aNME	2026-10-07						
https://www.goibibo.com/hotels/gangotri-plaza-laxman-jhula-hotel-in-rishikesh-6244096822563154684/	Goibibo					unreadable	g-ChIJLcB__tEXCTkRLMnUeY2aNME	2026-10-07						
https://www.expedia.com/Rishikesh-Hotels-Hotel-SK-Grand-Comfy-Nature-Stay.h124001261.Hotel-Information	Expedia	Bot or Not?				no pin	g-ChIJ4y_KYSw7CTkRijIIrXTH29I	2026-10-07						
https://www.goibibo.com/hotels/savitri-resort-pushkar-hotel-in-pushkar-5147086157267646847/	Goibibo					unreadable	g-ChIJLcB__tEXCTkRLMnUeY2aNME	2026-10-07						
https://www.agoda.com/comfy-nature-stay-sk-grand/hotel/rishikesh-in.html	Agoda					unreadable	g-ChIJ4y_KYSw7CTkRijIIrXTH29I	2026-10-07						
https://www.agoda.com/sri-hari-residency/hotel/gorakhpur-in.html	Agoda					unreadable	g-ChIJIXX1PiAWCTkR-h0o4918a4Y	2026-10-07						
https://www.agoda.com/oyo-shri-hari-residency/hotel/varanasi-in.html	Agoda					unreadable	g-ChIJIXX1PiAWCTkR-h0o4918a4Y	2026-10-07						
https://www.makemytrip.com/hotels/1bhk_luxury_apartment_in_main_rishikesh_tapovan-details-rishikesh.html	MakeMyTrip					unreadable	g-ChIJ9fSExkgWCTkRJOjZcVmQe7U	2026-10-07						
https://www.makemytrip.com/hotels/tapovan_apartment-details-rishikesh.html	MakeMyTrip					unreadable	g-ChIJ9fSExkgWCTkRJOjZcVmQe7U	2026-10-07						
https://www.goibibo.com/hotels/ishan-a-ganges-riverside-retreat-by-salvus-hotel-in-rishikesh-3855575961050894375/	Goibibo					unreadable	g-ChIJLcB__tEXCTkRLMnUeY2aNME	2026-10-07						
https://www.goibibo.com/hotels/savitri-nand-palace-hotel-in-mussoorie-2861182417334504126/	Goibibo					unreadable	g-ChIJLcB__tEXCTkRLMnUeY2aNME	2026-10-07						
https://www.agoda.com/shri-hari-residency/hotel/ayodhya-in.html	Agoda					unreadable	g-ChIJIXX1PiAWCTkR-h0o4918a4Y	2026-10-07						
https://www.goibibo.com/hotels/sk-grand-comfy-nature-stay-hotel-in-rishikesh-1253661295380496425/	Goibibo					unreadable	g-ChIJ4y_KYSw7CTkRijIIrXTH29I	2026-10-07						
https://www.hotels.com/ho3969040352/	Hotels.com					unreadable	g-ChIJ4y_KYSw7CTkRijIIrXTH29I	2026-10-07						
https://www.makemytrip.com/hotels/luxury_2_bedroom_s_apartment-details-rishikesh.html	MakeMyTrip					unreadable	g-ChIJ9fSExkgWCTkRJOjZcVmQe7U	2026-10-07						
https://www.makemytrip.com/hotels/kedar_204_tapovan_1_bhk_near_lakshman_jhula_with_kitchen-details-rishikesh.html	MakeMyTrip					unreadable	g-ChIJ9fSExkgWCTkRJOjZcVmQe7U	2026-10-07						
https://www.goibibo.com/hotels/tripforlife-luxury-camps-and-cottages-shivpuri-hotel-in-rishikesh-7316746193128143708/	Goibibo					unreadable	g-ChIJs8pvPssXCTkRdeZfg1s5ybs	2026-10-07						
https://www.agoda.com/shri-hari-ganga-view/hotel/rishikesh-in.html	Agoda					unreadable	g-ChIJIXX1PiAWCTkR-h0o4918a4Y	2026-10-07						
https://www.goibibo.com/hotels/atali-ganga-resort-near-shivpuri-rishikesh-hotel-in-rishikesh-6241820078669065885/	Goibibo					unreadable	g-ChIJs8pvPssXCTkRdeZfg1s5ybs	2026-10-07						
https://www.agoda.com/sri-hari-residency/hotel/chittoor-in.html	Agoda					unreadable	g-ChIJIXX1PiAWCTkR-h0o4918a4Y	2026-10-07						
https://www.agoda.com/shri-ram-residency/hotel/rishikesh-in.html	Agoda					unreadable	g-ChIJIXX1PiAWCTkR-h0o4918a4Y	2026-10-07						
https://www.easemytrip.com/hotels/hotel-sk-grand-comfy-nature-stay-10707613/	EaseMyTrip	502				no pin	g-ChIJ4y_KYSw7CTkRijIIrXTH29I	2026-10-07						
https://www.airbnb.com/rooms/1689087467017437757	Airbnb	Luxury 1BHK 5 Star Penthouse with 2bed in Tapovan				no pin	g-ChIJIXX1PiAWCTkR-h0o4918a4Y	2026-10-07						
https://www.agoda.com/02-bhk-villa-kedar-residency-rishikesh-h92469457/hotel/rishikesh-in.html	Agoda	11 Best Hotels in Rishikesh, India				no pin	g-ChIJ9fSExkgWCTkRJOjZcVmQe7U	2026-10-07						
https://www.agoda.com/kedar-inn/hotel/mussoorie-in.html	Agoda					unreadable	g-ChIJ9fSExkgWCTkRJOjZcVmQe7U	2026-10-07						
https://www.airbnb.com/rooms/1338941890768656050	Airbnb	Aloha 2 BHK with Terrace and Ganga View				no pin	g-ChIJs9Ibu1oWCTkRn4tTOZ1RNHE	2026-10-07						
https://www.agoda.com/zostel-rishikesh-2-0/hotel/mussoorie-in.html	Agoda					unreadable	g-ChIJ9fSExkgWCTkRJOjZcVmQe7U	2026-10-07						
https://www.goibibo.com/hotels/camp-crossfire-rooms-pool-hotel-in-rishikesh-4590363569729266608/	Goibibo					unreadable	g-ChIJs8pvPssXCTkRdeZfg1s5ybs	2026-10-07						
https://www.agoda.com/kedar-inn-by-manju-hospitality/hotel/rishikesh-in.html	Agoda					unreadable	g-ChIJ9fSExkgWCTkRJOjZcVmQe7U	2026-10-07						
https://www.expedia.com/Rishikesh-Hotels-Hotel-SK-Grand-Comfy-Nature-Stay.h124001261.Hotel-Information	Expedia	Bot or Not?				no pin	g-ChIJ4y_KYSw7CTkRijIIrXTH29I	2026-10-07						
https://www.goibibo.com/hotels/shivpuri-campsite-hotel-in-rishikesh-2118335017240123791/	Goibibo					unreadable	g-ChIJs8pvPssXCTkRdeZfg1s5ybs	2026-10-07						
https://www.goibibo.com/hotels/aloha-onthe-ganga-almost-heaven-2bhk-ganga-view-408-hotel-in-rishikesh-6516878339418185381/	Goibibo					unreadable	g-ChIJs9Ibu1oWCTkRn4tTOZ1RNHE	2026-10-07						
https://www.makemytrip.com/hotels/luxury_2_bedroom_s_apartment-details-rishikesh.html	MakeMyTrip					unreadable	g-ChIJ9fSExkgWCTkRJOjZcVmQe7U	2026-10-07						
https://www.makemytrip.com/hotels/tapovan_apartment-details-rishikesh.html	MakeMyTrip					unreadable	g-ChIJ9fSExkgWCTkRJOjZcVmQe7U	2026-10-07						
https://www.makemytrip.com/hotels/1bhk_luxury_apartment_in_main_rishikesh_tapovan-details-rishikesh.html	MakeMyTrip					unreadable	g-ChIJ9fSExkgWCTkRJOjZcVmQe7U	2026-10-07						
https://www.goibibo.com/hotels/aura-river-resort-hotel-in-rishikesh-3919959058389537719/	Goibibo					unreadable	g-ChIJs8pvPssXCTkRdeZfg1s5ybs	2026-10-07						
https://www.airbnb.com/rooms/1548592963320903117	Airbnb	Airbnb: Holiday Rentals, Cabins, Beach Houses, Unique Homes & Experiences				no pin	g-ChIJIXX1PiAWCTkR-h0o4918a4Y	2026-10-07						
https://www.makemytrip.com/hotels/aloha_on_the_ganges_2bhk_ganga_and_pool_view_305-details-rishikesh.html	MakeMyTrip					unreadable	g-ChIJs9Ibu1oWCTkRn4tTOZ1RNHE	2026-10-07						
https://www.makemytrip.com/hotels/kedar_204_tapovan_1_bhk_near_lakshman_jhula_with_kitchen-details-rishikesh.html	MakeMyTrip					unreadable	g-ChIJ9fSExkgWCTkRJOjZcVmQe7U	2026-10-07						
https://www.agoda.com/aloha-service-apartments/hotel/rishikesh-in.html	Agoda					unreadable	g-ChIJs9Ibu1oWCTkRn4tTOZ1RNHE	2026-10-07						
https://www.goibibo.com/hotels/tripforlife-luxury-camps-and-cottages-shivpuri-hotel-in-rishikesh-7316746193128143708/	Goibibo					unreadable	g-ChIJs8pvPssXCTkRdeZfg1s5ybs	2026-10-07						
https://www.goibibo.com/hotels/atali-ganga-resort-near-shivpuri-rishikesh-hotel-in-rishikesh-6241820078669065885/	Goibibo					unreadable	g-ChIJs8pvPssXCTkRdeZfg1s5ybs	2026-10-07						
https://www.airbnb.com/rooms/1689087467017437757	Airbnb	Luxury 1BHK 5 Star Penthouse with 2bed in Tapovan				no pin	g-ChIJIXX1PiAWCTkR-h0o4918a4Y	2026-10-07						
https://www.agoda.com/aloha-onthe-ganga-almost-heaven-2br-condo-wit-pool-h38859805/hotel/rishikesh-in.html	Agoda					unreadable	g-ChIJs9Ibu1oWCTkRn4tTOZ1RNHE	2026-10-07						
https://www.agoda.com/aloha-on-the-ganges-river-mountain-view-2-br-condo-with-pool-f-305/hotel/rishikesh-in.html	Agoda					unreadable	g-ChIJs9Ibu1oWCTkRn4tTOZ1RNHE	2026-10-07						
https://www.agoda.com/2-bedroom-ganga-view-aloha-apartment/hotel/rishikesh-in.html	Agoda					unreadable	g-ChIJs9Ibu1oWCTkRn4tTOZ1RNHE	2026-10-07						
https://www.airbnb.com/rooms/1338941890768656050	Airbnb	Aloha 2 BHK with Terrace and Ganga View				no pin	g-ChIJs9Ibu1oWCTkRn4tTOZ1RNHE	2026-10-07						
https://www.agoda.com/aloha-apartments-by-blissful-ganges/hotel/rishikesh-in.html	Agoda					unreadable	g-ChIJs9Ibu1oWCTkRn4tTOZ1RNHE	2026-10-07						
https://www.agoda.com/02-bhk-villa-kedar-residency-rishikesh-h92469457/hotel/rishikesh-in.html	Agoda	11 Best Hotels in Rishikesh, India				no pin	g-ChIJ9fSExkgWCTkRJOjZcVmQe7U	2026-10-07						
https://www.agoda.com/aloha-2bhk-majestic-ganga-view/hotel/rishikesh-in.html	Agoda					unreadable	g-ChIJs9Ibu1oWCTkRn4tTOZ1RNHE	2026-10-07						
https://www.agoda.com/kedar-inn/hotel/mussoorie-in.html	Agoda					unreadable	g-ChIJ9fSExkgWCTkRJOjZcVmQe7U	2026-10-07						
https://www.trip.com/hotels/haridwar-hotel-detail-22800641/the-abode/	Trip.com	The Abode				no pin	g-ChIJmw2EmEVGCTkRyXSaA88LtsU	2026-10-07						
https://www.goibibo.com/hotels/shree-hari-residency-hotel-in-hoshangabad-4436442886548271276/	Goibibo					unreadable	g-ChIJIXX1PiAWCTkR-h0o4918a4Y	2026-10-07						
https://www.agoda.com/zostel-rishikesh-2-0/hotel/mussoorie-in.html	Agoda					unreadable	g-ChIJ9fSExkgWCTkRJOjZcVmQe7U	2026-10-07						
https://www.goibibo.com/hotels/sri-hari-residency-hotel-in-chittoor-179324281773372443/	Goibibo					unreadable	g-ChIJIXX1PiAWCTkR-h0o4918a4Y	2026-10-07						
https://www.goibibo.com/hotels/camp-crossfire-rooms-pool-hotel-in-rishikesh-4590363569729266608/	Goibibo					unreadable	g-ChIJs8pvPssXCTkRdeZfg1s5ybs	2026-10-07						
https://www.agoda.com/anandam-camping/hotel/rishikesh-in.html	Agoda					unreadable	g-ChIJoX4rTkUXCTkRisevIIV5l1s	2026-10-07						
https://www.agoda.com/tapovan-residency/hotel/rishikesh-in.html	Agoda	11 Best Hotels in Rishikesh, India				no pin	g-ChIJ9fSExkgWCTkRJOjZcVmQe7U	2026-10-07						
https://www.agoda.com/kedar-inn-by-manju-hospitality/hotel/rishikesh-in.html	Agoda					unreadable	g-ChIJ9fSExkgWCTkRJOjZcVmQe7U	2026-10-07						
https://www.agoda.com/blue-nature-camping-and-resorts/hotel/rishikesh-in.html	Agoda					unreadable	g-ChIJoX4rTkUXCTkRisevIIV5l1s	2026-10-07						
https://www.agoda.com/camp-roller-coaster/hotel/rishikesh-in.html	Agoda					unreadable	g-ChIJoX4rTkUXCTkRisevIIV5l1s	2026-10-07						
https://www.agoda.com/kalp-camping-and-resort/hotel/rishikesh-in.html	Agoda					unreadable	g-ChIJoX4rTkUXCTkRisevIIV5l1s	2026-10-07						
https://www.goibibo.com/hotels/shree-hari-residency-hotel-in-chikmagalur-1840869820741882327/	Goibibo					unreadable	g-ChIJIXX1PiAWCTkR-h0o4918a4Y	2026-10-07						
https://www.agoda.com/hotel-the-abode-h24805949/hotel/haridwar-in.html	Agoda					unreadable	g-ChIJmw2EmEVGCTkRyXSaA88LtsU	2026-10-07						
https://www.goibibo.com/hotels/shivpuri-campsite-hotel-in-rishikesh-2118335017240123791/	Goibibo					unreadable	g-ChIJs8pvPssXCTkRdeZfg1s5ybs	2026-10-07						
https://www.goibibo.com/hotels/shri-ram-residency-hotel-in-rishikesh-8567645160470327642/	Goibibo					unreadable	g-ChIJIXX1PiAWCTkR-h0o4918a4Y	2026-10-07						
https://www.goibibo.com/hotels/the-olivia-by-shri-hari-groups-hotel-in-rishikesh-6932089172396828730/	Goibibo					unreadable	g-ChIJIXX1PiAWCTkR-h0o4918a4Y	2026-10-07						
https://www.goibibo.com/hotels/aura-river-resort-hotel-in-rishikesh-3919959058389537719/	Goibibo					unreadable	g-ChIJs8pvPssXCTkRdeZfg1s5ybs	2026-10-07						
https://www.airbnb.com/rooms/1243507305655769316	Airbnb	2bhk ganga & pool view Apartment				no pin	g-ChIJs9Ibu1oWCTkRn4tTOZ1RNHE	2026-10-07						
https://www.trip.com/hotels/haridwar-1-hotel-detail-22800641/hotel-ramwati/	Trip.com	404, Page not found!				closed	g-ChIJmw2EmEVGCTkRyXSaA88LtsU	2026-10-07						
https://www.airbnb.com/rooms/1755135562108101104	Airbnb	Aloha on the ganges + 2BR + Infinity Pool 				no pin	g-ChIJs9Ibu1oWCTkRn4tTOZ1RNHE	2026-10-07						
https://www.goibibo.com/hotels/aloha-onthe-ganga-almost-heaven-2bhk-ganga-view-408-hotel-in-rishikesh-6516878339418185381/	Goibibo					unreadable	g-ChIJs9Ibu1oWCTkRn4tTOZ1RNHE	2026-10-07						
https://www.makemytrip.com/hotels/aloha_on_the_ganges_2bhk_ganga_and_pool_view_305-details-rishikesh.html	MakeMyTrip					unreadable	g-ChIJs9Ibu1oWCTkRn4tTOZ1RNHE	2026-10-07						
https://www.airbnb.com/rooms/1548592963320903117	Airbnb	Airbnb: Holiday Rentals, Cabins, Beach Houses, Unique Homes & Experiences				no pin	g-ChIJIXX1PiAWCTkR-h0o4918a4Y	2026-10-07						
https://www.airbnb.com/rooms/1673843361004743597	Airbnb	Tapovan Retreat by Jabula Getaways				no pin	g-ChIJoX4rTkUXCTkRisevIIV5l1s	2026-10-07						
https://www.airbnb.com/rooms/1717866982451708842	Airbnb	Rishikesh Riverside Homestay 				no pin	g-ChIJoX4rTkUXCTkRisevIIV5l1s	2026-10-07						
https://www.agoda.com/rishikesh-adventure-resort/hotel/rishikesh-in.html	Agoda					unreadable	g-ChIJkw2mV4kRCTkR3PGSI3z8usg	2026-10-07						
https://www.agoda.com/aloha-service-apartments/hotel/rishikesh-in.html	Agoda					unreadable	g-ChIJs9Ibu1oWCTkRn4tTOZ1RNHE	2026-10-07						
https://www.agoda.com/aloha-onthe-ganga-almost-heaven-2br-condo-wit-pool-h38859805/hotel/rishikesh-in.html	Agoda					unreadable	g-ChIJs9Ibu1oWCTkRn4tTOZ1RNHE	2026-10-07						
https://www.agoda.com/aloha-on-the-ganges-river-mountain-view-2-br-condo-with-pool-f-305/hotel/rishikesh-in.html	Agoda					unreadable	g-ChIJs9Ibu1oWCTkRn4tTOZ1RNHE	2026-10-07						
https://www.goibibo.com/hotels/vinyasa-the-abode-hotel-in-haridwar-202606041428376114/	Goibibo					unreadable	g-ChIJmw2EmEVGCTkRyXSaA88LtsU	2026-10-07						
https://www.agoda.com/2-bedroom-ganga-view-aloha-apartment/hotel/rishikesh-in.html	Agoda					unreadable	g-ChIJs9Ibu1oWCTkRn4tTOZ1RNHE	2026-10-07						
https://www.agoda.com/aloha-apartments-by-blissful-ganges/hotel/rishikesh-in.html	Agoda					unreadable	g-ChIJs9Ibu1oWCTkRn4tTOZ1RNHE	2026-10-07						
https://www.trivago.in/en-IN/oar/hotel-the-abode-haridwar?search=100-2662183	Trivago	Oops... Access Denied				no pin	g-ChIJmw2EmEVGCTkRyXSaA88LtsU	2026-10-07						
https://www.goibibo.com/hotels/shree-hari-residency-hotel-in-hoshangabad-4436442886548271276/	Goibibo					unreadable	g-ChIJIXX1PiAWCTkR-h0o4918a4Y	2026-10-07						
https://www.agoda.com/aloha-2bhk-majestic-ganga-view/hotel/rishikesh-in.html	Agoda					unreadable	g-ChIJs9Ibu1oWCTkRn4tTOZ1RNHE	2026-10-07						
https://www.trip.com/hotels/haridwar-hotel-detail-22800641/the-abode/	Trip.com	The Abode				no pin	g-ChIJmw2EmEVGCTkRyXSaA88LtsU	2026-10-07						
https://www.goibibo.com/hotels/sri-hari-residency-hotel-in-chittoor-179324281773372443/	Goibibo					unreadable	g-ChIJIXX1PiAWCTkR-h0o4918a4Y	2026-10-07						
https://www.agoda.com/anandam-camping/hotel/rishikesh-in.html	Agoda					unreadable	g-ChIJoX4rTkUXCTkRisevIIV5l1s	2026-10-07						
https://www.agoda.com/blue-nature-camping-and-resorts/hotel/rishikesh-in.html	Agoda					unreadable	g-ChIJoX4rTkUXCTkRisevIIV5l1s	2026-10-07						
https://www.agoda.com/tapovan-residency/hotel/rishikesh-in.html	Agoda	11 Best Hotels in Rishikesh, India				no pin	g-ChIJ9fSExkgWCTkRJOjZcVmQe7U	2026-10-07						
https://www.agoda.com/camp-roller-coaster/hotel/rishikesh-in.html	Agoda					unreadable	g-ChIJoX4rTkUXCTkRisevIIV5l1s	2026-10-07						
https://www.goibibo.com/hotels/shree-hari-residency-hotel-in-chikmagalur-1840869820741882327/	Goibibo					unreadable	g-ChIJIXX1PiAWCTkR-h0o4918a4Y	2026-10-07						
https://www.goibibo.com/hotels/shri-ram-residency-hotel-in-rishikesh-8567645160470327642/	Goibibo					unreadable	g-ChIJIXX1PiAWCTkR-h0o4918a4Y	2026-10-07						
https://www.agoda.com/kalp-camping-and-resort/hotel/rishikesh-in.html	Agoda					unreadable	g-ChIJoX4rTkUXCTkRisevIIV5l1s	2026-10-07						
https://www.goibibo.com/hotels/the-veda-greens-resort-hotel-in-haridwar-4486373434415828639/	Goibibo					unreadable	g-ChIJmw2EmEVGCTkRyXSaA88LtsU	2026-10-07						
https://www.goibibo.com/hotels/the-latitude-hotel-in-haridwar-430326884429037422/	Goibibo					unreadable	g-ChIJmw2EmEVGCTkRyXSaA88LtsU	2026-10-07						
https://www.agoda.com/hotel-the-abode-h24805949/hotel/haridwar-in.html	Agoda					unreadable	g-ChIJmw2EmEVGCTkRyXSaA88LtsU	2026-10-07						
https://www.agoda.com/paradise-adventure/hotel/rishikesh-in.html	Agoda					unreadable	g-ChIJkw2mV4kRCTkR3PGSI3z8usg	2026-10-07						
https://www.trip.com/hotels/haridwar-1-hotel-detail-22800641/hotel-ramwati/	Trip.com	404, Page not found!				closed	g-ChIJmw2EmEVGCTkRyXSaA88LtsU	2026-10-07						
https://www.goibibo.com/hotels/the-olivia-by-shri-hari-groups-hotel-in-rishikesh-6932089172396828730/	Goibibo					unreadable	g-ChIJIXX1PiAWCTkR-h0o4918a4Y	2026-10-07						
https://www.airbnb.com/rooms/1243507305655769316	Airbnb	2bhk ganga & pool view Apartment				no pin	g-ChIJs9Ibu1oWCTkRn4tTOZ1RNHE	2026-10-07						
https://www.agoda.com/hotel-the-abode-h20582687/hotel/haridwar-in.html	Agoda	11 Best Hotels in Haridwar, India				no pin	g-ChIJmw2EmEVGCTkRyXSaA88LtsU	2026-10-07						
https://www.airbnb.com/rooms/1755135562108101104	Airbnb	Aloha on the ganges + 2BR + Infinity Pool 				no pin	g-ChIJs9Ibu1oWCTkRn4tTOZ1RNHE	2026-10-07						
https://www.goibibo.com/hotels/aloha-on-the-ganges-2bhk-ganga-and-pool-view-305-hotel-in-rishikesh-4515098365538823199/	Goibibo					unreadable	g-ChIJs9Ibu1oWCTkRn4tTOZ1RNHE	2026-10-07						
https://www.airbnb.com/rooms/1673843361004743597	Airbnb	Tapovan Retreat by Jabula Getaways				no pin	g-ChIJoX4rTkUXCTkRisevIIV5l1s	2026-10-07						
https://www.goibibo.com/hotels/aloha-ganges-view-1bhk-apartment-and-infinity-pool-by-alka-hotel-in-rishikesh-4326972767444553035/	Goibibo					unreadable	g-ChIJs9Ibu1oWCTkRn4tTOZ1RNHE	2026-10-07						
https://www.goibibo.com/hotels/aloha-apartments-by-alka-hotel-in-rishikesh-3095286287576333546/	Goibibo					unreadable	g-ChIJs9Ibu1oWCTkRn4tTOZ1RNHE	2026-10-07						
https://www.airbnb.com/rooms/1717866982451708842	Airbnb	Rishikesh Riverside Homestay 				no pin	g-ChIJoX4rTkUXCTkRisevIIV5l1s	2026-10-07						
https://www.agoda.com/rishikesh-adventure-resort/hotel/rishikesh-in.html	Agoda					unreadable	g-ChIJkw2mV4kRCTkR3PGSI3z8usg	2026-10-07						
https://www.agoda.com/ubex-home-rishikesh/hotel/rishikesh-in.html	Agoda					unreadable	g-ChIJsWoYCQA_CTkR4eISx2ecvN4	2026-10-07						
https://www.goibibo.com/hotels/aloha-on-the-ganges-2-bhk-pool-and-ganga-facing-203-hotel-in-rishikesh-1803883675537855570/	Goibibo					unreadable	g-ChIJs9Ibu1oWCTkRn4tTOZ1RNHE	2026-10-07						
https://www.goibibo.com/hotels/yaritoli-by-bull-adventure-0020-hotel-in-rishikesh-4998483579212994097/	Goibibo					unreadable	g-ChIJoX4rTkUXCTkRisevIIV5l1s	2026-10-07						
https://www.oyorooms.com/262891/	OYO	OYO 831258 Hotel Prakash Residency	30.1104263	78.3019199	rishikesh	ok	g-ChIJc0yiCQAjCTkRW-3THhjagow	2026-10-07						
https://www.goibibo.com/hotels/vinyasa-the-abode-hotel-in-haridwar-202606041428376114/	Goibibo					unreadable	g-ChIJmw2EmEVGCTkRyXSaA88LtsU	2026-10-07						
https://www.trivago.in/en-IN/oar/hotel-the-abode-haridwar?search=100-2662183	Trivago	Oops... Access Denied				no pin	g-ChIJmw2EmEVGCTkRyXSaA88LtsU	2026-10-07						
https://www.agoda.com/tourist-home_2/hotel/rishikesh-in.html	Agoda					unreadable	g-ChIJsWoYCQA_CTkR4eISx2ecvN4	2026-10-07						
https://www.agoda.com/hotel-prakash/hotel/rishikesh-in.html	Agoda					unreadable	g-ChIJc0yiCQAjCTkRW-3THhjagow	2026-10-07						
https://www.trip.com/hotels/haridwar-hotel-detail-61453308/amrit-bhawan/	Trip.com	Amrit Bhawan				no pin	g-ChIJq5Nsvj5HCTkRf9j5YEo7C9g	2026-10-07						
https://www.goibibo.com/hotels/jugnu-camps-rishikesh-hotel-in-rishikesh-6707488304409147071/	Goibibo					unreadable	g-ChIJoX4rTkUXCTkRisevIIV5l1s	2026-10-07						
https://www.agoda.com/blue-jay-hostel-rishikesh_2/hotel/rishikesh-in.html	Agoda					unreadable	g-ChIJc0yiCQAjCTkRW-3THhjagow	2026-10-07						
https://www.agoda.com/hotel-o-prakash-residency/hotel/rishikesh-in.html	Agoda					unreadable	g-ChIJc0yiCQAjCTkRW-3THhjagow	2026-10-07						
https://www.agoda.com/fantastic-aloha-ganga-view-2-bed-rooms/hotel/rishikesh-in.html	Agoda					unreadable	g-ChIJc0yiCQAjCTkRW-3THhjagow	2026-10-07						
https://www.agoda.com/blue-jay-smart-stays/hotel/rishikesh-in.html	Agoda					unreadable	g-ChIJc0yiCQAjCTkRW-3THhjagow	2026-10-07						
https://www.goibibo.com/hotels/the-veda-greens-resort-hotel-in-haridwar-4486373434415828639/	Goibibo					unreadable	g-ChIJmw2EmEVGCTkRyXSaA88LtsU	2026-10-07						
https://www.goibibo.com/hotels/the-latitude-hotel-in-haridwar-430326884429037422/	Goibibo					unreadable	g-ChIJmw2EmEVGCTkRyXSaA88LtsU	2026-10-07						
https://www.agoda.com/hotel-the-abode-h20582687/hotel/haridwar-in.html	Agoda	11 Best Hotels in Haridwar, India				no pin	g-ChIJmw2EmEVGCTkRyXSaA88LtsU	2026-10-07						
https://www.agoda.com/amrit-bhawan/hotel/mussoorie-in.html	Agoda					unreadable	g-ChIJq5Nsvj5HCTkRf9j5YEo7C9g	2026-10-07						
https://www.agoda.com/hotel-alpana/hotel/haridwar-in.html	Agoda					unreadable	g-ChIJq5Nsvj5HCTkRf9j5YEo7C9g	2026-10-07						
https://www.airbnb.com/rooms/1172156981519369094	Airbnb	Ganga Home Stay				no pin	g-ChIJsWoYCQA_CTkR4eISx2ecvN4	2026-10-07						
https://www.goibibo.com/hotels/aloha-on-the-ganges-2bhk-ganga-and-pool-view-305-hotel-in-rishikesh-4515098365538823199/	Goibibo					unreadable	g-ChIJs9Ibu1oWCTkRn4tTOZ1RNHE	2026-10-07						
https://www.airbnb.com/rooms/1334426220061571563	Airbnb	Homestay near Dehradun Airport: Private Room				no pin	g-ChIJGVYJlholCTkRpCaEMr3SoAw	2026-10-07						
https://www.trivago.in/en-IN/oar/hotel-almora-bhawan-haridwar?search=100-9384184	Trivago	Oops... Access Denied				no pin	g-ChIJq5Nsvj5HCTkRf9j5YEo7C9g	2026-10-07						
https://www.agoda.com/paradise-adventure/hotel/rishikesh-in.html	Agoda					unreadable	g-ChIJkw2mV4kRCTkR3PGSI3z8usg	2026-10-07						
https://www.airbnb.com/rooms/1454808289633266381	Airbnb	House of Prashakti				no pin	g-ChIJc0yiCQAjCTkRW-3THhjagow	2026-10-07						
https://www.goibibo.com/hotels/aloha-ganges-view-1bhk-apartment-and-infinity-pool-by-alka-hotel-in-rishikesh-4326972767444553035/	Goibibo					unreadable	g-ChIJs9Ibu1oWCTkRn4tTOZ1RNHE	2026-10-07						
https://www.goibibo.com/hotels/aloha-apartments-by-alka-hotel-in-rishikesh-3095286287576333546/	Goibibo					unreadable	g-ChIJs9Ibu1oWCTkRn4tTOZ1RNHE	2026-10-07						
https://www.agoda.com/ubex-home-rishikesh/hotel/rishikesh-in.html	Agoda					unreadable	g-ChIJsWoYCQA_CTkR4eISx2ecvN4	2026-10-07						
https://www.agoda.com/tourist-home_2/hotel/rishikesh-in.html	Agoda					unreadable	g-ChIJsWoYCQA_CTkR4eISx2ecvN4	2026-10-07						
https://www.agoda.com/kaveri-homestay/hotel/coorg-in.html	Agoda					unreadable	g-ChIJGVYJlholCTkRpCaEMr3SoAw	2026-10-07						
https://www.goibibo.com/hotels/aloha-on-the-ganges-2-bhk-pool-and-ganga-facing-203-hotel-in-rishikesh-1803883675537855570/	Goibibo					unreadable	g-ChIJs9Ibu1oWCTkRn4tTOZ1RNHE	2026-10-07						
https://www.agoda.com/goroomgo-gopi-dham-ashram-haridwar/hotel/haridwar-in.html	Agoda					unreadable	g-ChIJayt49XA5CTkRotSx9EBylwc	2026-10-07						
https://www.goibibo.com/hotels/yaritoli-by-bull-adventure-0020-hotel-in-rishikesh-4998483579212994097/	Goibibo					unreadable	g-ChIJoX4rTkUXCTkRisevIIV5l1s	2026-10-07						
https://www.agoda.com/sri-kaveri-homestay/hotel/coorg-in.html	Agoda					unreadable	g-ChIJGVYJlholCTkRpCaEMr3SoAw	2026-10-07						
https://www.oyorooms.com/262891/	OYO	OYO 831258 Hotel Prakash Residency	30.1104263	78.3019199	rishikesh	ok	g-ChIJc0yiCQAjCTkRW-3THhjagow	2026-10-07						
https://www.agoda.com/hotel-prakash/hotel/rishikesh-in.html	Agoda					unreadable	g-ChIJc0yiCQAjCTkRW-3THhjagow	2026-10-07						
https://www.agoda.com/hotel-o-prakash-residency/hotel/rishikesh-in.html	Agoda					unreadable	g-ChIJc0yiCQAjCTkRW-3THhjagow	2026-10-07						
https://www.trip.com/hotels/haridwar-hotel-detail-61453308/amrit-bhawan/	Trip.com	Amrit Bhawan				no pin	g-ChIJq5Nsvj5HCTkRf9j5YEo7C9g	2026-10-07						
https://www.agoda.com/blue-jay-hostel-rishikesh_2/hotel/rishikesh-in.html	Agoda					unreadable	g-ChIJc0yiCQAjCTkRW-3THhjagow	2026-10-07						
https://www.agoda.com/fantastic-aloha-ganga-view-2-bed-rooms/hotel/rishikesh-in.html	Agoda					unreadable	g-ChIJc0yiCQAjCTkRW-3THhjagow	2026-10-07						
https://www.agoda.com/blue-jay-smart-stays/hotel/rishikesh-in.html	Agoda					unreadable	g-ChIJc0yiCQAjCTkRW-3THhjagow	2026-10-07						
https://www.makemytrip.com/hotels/woodspicker-details-rishikesh.html	MakeMyTrip					unreadable	g-ChIJGVYJlholCTkRpCaEMr3SoAw	2026-10-07						
https://www.airbnb.com/rooms/1172156981519369094	Airbnb	Ganga Home Stay				no pin	g-ChIJsWoYCQA_CTkR4eISx2ecvN4	2026-10-07						
https://www.agoda.com/amrit-bhawan/hotel/mussoorie-in.html	Agoda					unreadable	g-ChIJq5Nsvj5HCTkRf9j5YEo7C9g	2026-10-07						
https://www.agoda.com/hotel-alpana/hotel/haridwar-in.html	Agoda					unreadable	g-ChIJq5Nsvj5HCTkRf9j5YEo7C9g	2026-10-07						
https://www.airbnb.com/rooms/1454808289633266381	Airbnb	House of Prashakti				no pin	g-ChIJc0yiCQAjCTkRW-3THhjagow	2026-10-07						
https://www.goibibo.com/hotels/amoha-homes-yashas-3bhk-apartment-hotel-in-rishikesh-6705593440502297081/	Goibibo					unreadable	g-ChIJsWoYCQA_CTkR4eISx2ecvN4	2026-10-07						
https://www.agoda.com/harmony-on-ganges-tapovan-rishikesh-h49653703/hotel/rishikesh-in.html	Agoda					unreadable	g-ChIJUbNdj_gWCTkRJOXRdocPJTo	2026-10-07						
https://www.goibibo.com/hotels/jugnu-camps-rishikesh-hotel-in-rishikesh-6707488304409147071/	Goibibo					unreadable	g-ChIJoX4rTkUXCTkRisevIIV5l1s	2026-10-07						
https://www.agoda.com/kaveri-homestay/hotel/coorg-in.html	Agoda					unreadable	g-ChIJGVYJlholCTkRpCaEMr3SoAw	2026-10-07						
https://www.airbnb.com/rooms/1334426220061571563	Airbnb	Homestay near Dehradun Airport: Private Room				no pin	g-ChIJGVYJlholCTkRpCaEMr3SoAw	2026-10-07						
https://www.agoda.com/cozy-bunks/hotel/rishikesh-in.html	Agoda					unreadable	g-ChIJUbNdj_gWCTkRJOXRdocPJTo	2026-10-07						
https://www.agoda.com/aadishri/hotel/rishikesh-in.html	Agoda					unreadable	g-ChIJUbNdj_gWCTkRJOXRdocPJTo	2026-10-07						
https://www.goibibo.com/hotels/prakash-hotel-in-karauli-7804929769098533306/	Goibibo					unreadable	g-ChIJc0yiCQAjCTkRW-3THhjagow	2026-10-07						
https://www.agoda.com/sri-kaveri-homestay/hotel/coorg-in.html	Agoda					unreadable	g-ChIJGVYJlholCTkRpCaEMr3SoAw	2026-10-07						
https://www.agoda.com/goroomgo-gopi-dham-ashram-haridwar/hotel/haridwar-in.html	Agoda					unreadable	g-ChIJayt49XA5CTkRotSx9EBylwc	2026-10-07						
https://www.trivago.com/en-US/oar/hotel-almora-bhawan-haridwar?search=100-9384184	Trivago	Oops... Access Denied				no pin	g-ChIJq5Nsvj5HCTkRf9j5YEo7C9g	2026-10-07						
https://www.trivago.in/en-IN/oar/hotel-almora-bhawan-haridwar?search=100-9384184	Trivago	Oops... Access Denied				no pin	g-ChIJq5Nsvj5HCTkRf9j5YEo7C9g	2026-10-07						
https://www.goibibo.com/hotels/amrit-bhawan-rooms-jacuzzi-hotel-in-haridwar-5023618373712148862/	Goibibo					unreadable	g-ChIJq5Nsvj5HCTkRf9j5YEo7C9g	2026-10-07						
https://www.airbnb.com/rooms/1344990885148866230	Airbnb	Shankar Bhawan | Heritage Home, Near Triveni Ghat				no pin	g-ChIJUbNdj_gWCTkRJOXRdocPJTo	2026-10-07						
https://www.goibibo.com/hotels/almora-hotel-in-almora-1847165821137597102/	Goibibo					unreadable	g-ChIJq5Nsvj5HCTkRf9j5YEo7C9g	2026-10-07						
https://www.goibibo.com/hotels/gopal-bhawan-hotel-in-haridwar-2471879849735893819/	Goibibo					unreadable	g-ChIJq5Nsvj5HCTkRf9j5YEo7C9g	2026-10-07						
https://www.goibibo.com/hotels/harihar-bhawan-hotel-in-haridwar-6906034263333760829/	Goibibo					unreadable	g-ChIJq5Nsvj5HCTkRf9j5YEo7C9g	2026-10-07						
https://www.airbnb.com/rooms/1407144038501435202	Airbnb	A Radiant villa on the Ganges : Tripongo Stays				no pin	g-ChIJUbNdj_gWCTkRJOXRdocPJTo	2026-10-07						
https://www.airbnb.com/rooms/1426912228091942303	Airbnb	Shankar Bhawan | Heritage Home, Central Rishikesh				no pin	g-ChIJUbNdj_gWCTkRJOXRdocPJTo	2026-10-07						
https://www.makemytrip.com/hotels/woodspicker-details-rishikesh.html	MakeMyTrip					unreadable	g-ChIJGVYJlholCTkRpCaEMr3SoAw	2026-10-07						
https://www.agoda.com/fabhotel-naina-residency/hotel/haridwar-in.html	Agoda					unreadable	g-ChIJ72mD3Is_CTkR6mshuYCNQAc	2026-10-07						
https://www.goibibo.com/hotels/amoha-homes-yashas-3bhk-apartment-hotel-in-rishikesh-6705593440502297081/	Goibibo					unreadable	g-ChIJsWoYCQA_CTkR4eISx2ecvN4	2026-10-07						
https://www.goibibo.com/hotels/prakash-hotel-in-karauli-7804929769098533306/	Goibibo					unreadable	g-ChIJc0yiCQAjCTkRW-3THhjagow	2026-10-07						
https://www.trivago.com/en-US/oar/hotel-almora-bhawan-haridwar?search=100-9384184	Trivago	Oops... Access Denied				no pin	g-ChIJq5Nsvj5HCTkRf9j5YEo7C9g	2026-10-07						
https://www.agoda.com/harmony-on-ganges-tapovan-rishikesh-h49653703/hotel/rishikesh-in.html	Agoda					unreadable	g-ChIJUbNdj_gWCTkRJOXRdocPJTo	2026-10-07						
https://www.agoda.com/shivam-resorts/hotel/jaipur-in.html	Agoda					unreadable	g-ChIJ72mD3Is_CTkR6mshuYCNQAc	2026-10-07						
https://www.agoda.com/cozy-bunks/hotel/rishikesh-in.html	Agoda					unreadable	g-ChIJUbNdj_gWCTkRJOXRdocPJTo	2026-10-07						
https://www.agoda.com/aadishri/hotel/rishikesh-in.html	Agoda					unreadable	g-ChIJUbNdj_gWCTkRJOXRdocPJTo	2026-10-07						
https://www.goibibo.com/hotels/amrit-bhawan-rooms-jacuzzi-hotel-in-haridwar-5023618373712148862/	Goibibo					unreadable	g-ChIJq5Nsvj5HCTkRf9j5YEo7C9g	2026-10-07						
https://www.agoda.com/collection-o-indira-enclave-haridwar/hotel/nainital-in.html	Agoda					unreadable	g-ChIJ72mD3Is_CTkR6mshuYCNQAc	2026-10-07						
https://www.makemytrip.com/hotels/the_sawera_haridwar-details-haridwar.html	MakeMyTrip					unreadable	g-ChIJ6XpeUU9HCTkRReQaRzAaJQA	2026-10-07						
https://www.goibibo.com/hotels/the-sawera-haridwar-hotel-in-haridwar-2613249253983627073/	Goibibo					unreadable	g-ChIJ6XpeUU9HCTkRReQaRzAaJQA	2026-10-07						
https://www.goibibo.com/hotels/almora-hotel-in-almora-1847165821137597102/	Goibibo					unreadable	g-ChIJq5Nsvj5HCTkRf9j5YEo7C9g	2026-10-07						
https://www.hotels.com/ho3567949472/	Hotels.com					unreadable	g-ChIJ6XpeUU9HCTkRReQaRzAaJQA	2026-10-07						
https://www.goibibo.com/hotels/harihar-bhawan-hotel-in-haridwar-6906034263333760829/	Goibibo					unreadable	g-ChIJq5Nsvj5HCTkRf9j5YEo7C9g	2026-10-07						
https://www.airbnb.com/rooms/1344990885148866230	Airbnb	Shankar Bhawan | Heritage Home, Near Triveni Ghat				no pin	g-ChIJUbNdj_gWCTkRJOXRdocPJTo	2026-10-07						
https://www.agoda.com/oyo-92578-shobhan-inn-hotel/hotel/haridwar-in.html	Agoda					unreadable	g-ChIJ72mD3Is_CTkR6mshuYCNQAc	2026-10-07						
https://www.goibibo.com/hotels/gopal-bhawan-hotel-in-haridwar-2471879849735893819/	Goibibo					unreadable	g-ChIJq5Nsvj5HCTkRf9j5YEo7C9g	2026-10-07						
https://www.agoda.com/oyo-42035-hotel-raj-ganga/hotel/haridwar-in.html	Agoda					unreadable	g-ChIJ72mD3Is_CTkR6mshuYCNQAc	2026-10-07						
https://www.agoda.com/hotel-ganga-vilas/hotel/haridwar-in.html	Agoda					unreadable	g-ChIJ72mD3Is_CTkR6mshuYCNQAc	2026-10-07						
https://www.agoda.com/doon-sabri-hotel/hotel/rishikesh-in.html	Agoda					unreadable	g-ChIJKZCObTxJCTkRmwliIjvhqG4	2026-10-07						
https://www.airbnb.com/rooms/1426912228091942303	Airbnb	Shankar Bhawan | Heritage Home, Central Rishikesh				no pin	g-ChIJUbNdj_gWCTkRJOXRdocPJTo	2026-10-07						
https://www.agoda.com/the-light-house-novaworld-phan-thi-t-h95843095/hotel/phan-thiet-vn.html	Agoda					unreadable	g-ChIJKZCObTxJCTkRmwliIjvhqG4	2026-10-07						
https://www.agoda.com/bedhubs_2/hotel/haridwar-in.html	Agoda					unreadable	g-ChIJKZCObTxJCTkRmwliIjvhqG4	2026-10-07						
https://www.agoda.com/sunrise-hotel/hotel/tainan-tw.html	Agoda					unreadable	g-ChIJKZCObTxJCTkRmwliIjvhqG4	2026-10-07						
https://www.airbnb.com/rooms/1407144038501435202	Airbnb	A Radiant villa on the Ganges : Tripongo Stays				no pin	g-ChIJUbNdj_gWCTkRJOXRdocPJTo	2026-10-07						
https://www.goibibo.com/hotels/rishikesh-heritage-resort-hotel-in-rishikesh-5744607010981216004/	Goibibo					unreadable	g-ChIJUbNdj_gWCTkRJOXRdocPJTo	2026-10-07						
https://www.goibibo.com/hotels/d-homage-a-boutique-stay-100-mtrs-from-isbt-hotel-in-dehradun-2447367533053358871/	Goibibo					unreadable	g-ChIJUbNdj_gWCTkRJOXRdocPJTo	2026-10-07						
https://www.goibibo.com/hotels/amoha-by-the-ganges-luxury-glass-house-with-private-terrace-hotel-in-rishikesh-3080121364416927422/	Goibibo					unreadable	g-ChIJUbNdj_gWCTkRJOXRdocPJTo	2026-10-07						
https://www.agoda.com/fabhotel-naina-residency/hotel/haridwar-in.html	Agoda					unreadable	g-ChIJ72mD3Is_CTkR6mshuYCNQAc	2026-10-07						
https://www.easemytrip.com/hotels/hotel-o-bhupatwala-near-jain-mandir-formerly-hotel-apple-grand-3572587/	EaseMyTrip	502				no pin	g-ChIJ72mD3Is_CTkR6mshuYCNQAc	2026-10-07						
https://www.airbnb.com/rooms/1602855388563235379	Airbnb	SV Enclave 101				no pin	g-ChIJ72mD3Is_CTkR6mshuYCNQAc	2026-10-07						
https://www.airbnb.com/rooms/1569685575718414877	Airbnb	Ganga Kinare 2 Bedrooms: National Highway-Haridwar				no pin	g-ChIJ72mD3Is_CTkR6mshuYCNQAc	2026-10-07						
https://www.airbnb.com/rooms/40474852	Airbnb	Exquisite 3 BHK Furnished House near Har Ki Pauri:				no pin	g-ChIJe5_JBgBJCTkRL5dPlM55ZQw	2026-10-07						
https://www.makemytrip.com/hotels/the_sawera_haridwar-details-haridwar.html	MakeMyTrip					unreadable	g-ChIJ6XpeUU9HCTkRReQaRzAaJQA	2026-10-07						
https://www.goibibo.com/hotels/the-sawera-haridwar-hotel-in-haridwar-2613249253983627073/	Goibibo					unreadable	g-ChIJ6XpeUU9HCTkRReQaRzAaJQA	2026-10-07						
https://www.airbnb.com/rooms/1672990052526605690	Airbnb	Spacious & Cozy 2BHK Retreat | Free Parking &Gated				no pin	g-ChIJe5_JBgBJCTkRL5dPlM55ZQw	2026-10-07						
https://www.hotels.com/ho3567949472/	Hotels.com					unreadable	g-ChIJ6XpeUU9HCTkRReQaRzAaJQA	2026-10-07						
https://www.agoda.com/oyo-92578-shobhan-inn-hotel/hotel/haridwar-in.html	Agoda					unreadable	g-ChIJ72mD3Is_CTkR6mshuYCNQAc	2026-10-07						
https://www.agoda.com/shivam-resorts/hotel/jaipur-in.html	Agoda					unreadable	g-ChIJ72mD3Is_CTkR6mshuYCNQAc	2026-10-07						
https://www.agoda.com/collection-o-indira-enclave-haridwar/hotel/nainital-in.html	Agoda					unreadable	g-ChIJ72mD3Is_CTkR6mshuYCNQAc	2026-10-07						
https://www.agoda.com/hotel-ganga-vilas/hotel/haridwar-in.html	Agoda					unreadable	g-ChIJ72mD3Is_CTkR6mshuYCNQAc	2026-10-07						
https://www.airbnb.com/rooms/53984826	Airbnb	Cozy Retreat w/ Small Balcony, Quiet & Secure				no pin	g-ChIJe5_JBgBJCTkRL5dPlM55ZQw	2026-10-07						
https://www.goibibo.com/hotels/rishikesh-heritage-resort-hotel-in-rishikesh-5744607010981216004/	Goibibo					unreadable	g-ChIJUbNdj_gWCTkRJOXRdocPJTo	2026-10-07						
https://www.goibibo.com/hotels/d-homage-a-boutique-stay-100-mtrs-from-isbt-hotel-in-dehradun-2447367533053358871/	Goibibo					unreadable	g-ChIJUbNdj_gWCTkRJOXRdocPJTo	2026-10-07						
https://www.goibibo.com/hotels/amoha-by-the-ganges-luxury-glass-house-with-private-terrace-hotel-in-rishikesh-3080121364416927422/	Goibibo					unreadable	g-ChIJUbNdj_gWCTkRJOXRdocPJTo	2026-10-07						
https://www.agoda.com/oyo-42035-hotel-raj-ganga/hotel/haridwar-in.html	Agoda					unreadable	g-ChIJ72mD3Is_CTkR6mshuYCNQAc	2026-10-07						
https://www.agoda.com/sunrise-hotel/hotel/tainan-tw.html	Agoda					unreadable	g-ChIJKZCObTxJCTkRmwliIjvhqG4	2026-10-07						
https://www.agoda.com/doon-sabri-hotel/hotel/rishikesh-in.html	Agoda					unreadable	g-ChIJKZCObTxJCTkRmwliIjvhqG4	2026-10-07						
https://www.airbnb.com/rooms/1785987982399273447	Airbnb	Cozy Cabin 502				no pin	apt-in-rishikesh	2026-10-07						
https://www.agoda.com/the-light-house-novaworld-phan-thi-t-h95843095/hotel/phan-thiet-vn.html	Agoda					unreadable	g-ChIJKZCObTxJCTkRmwliIjvhqG4	2026-10-07						
https://www.agoda.com/bedhubs_2/hotel/haridwar-in.html	Agoda					unreadable	g-ChIJKZCObTxJCTkRmwliIjvhqG4	2026-10-07						
https://www.easemytrip.com/hotels/hotel-o-bhupatwala-near-jain-mandir-formerly-hotel-apple-grand-3572587/	EaseMyTrip	502				no pin	g-ChIJ72mD3Is_CTkR6mshuYCNQAc	2026-10-07						
https://www.airbnb.com/rooms/1416460275287588886	Airbnb	Airbnb: Holiday Rentals, Cabins, Beach Houses, Unique Homes & Experiences				no pin	g-ChIJ72mD3Is_CTkR6mshuYCNQAc	2026-10-07						
https://www.airbnb.com/rooms/1670175723123627922	Airbnb	Airbnb: Holiday Rentals, Cabins, Beach Houses, Unique Homes & Experiences				no pin	g-ChIJ72mD3Is_CTkR6mshuYCNQAc	2026-10-07						
https://www.airbnb.com/rooms/1602855388563235379	Airbnb	SV Enclave 101				no pin	g-ChIJ72mD3Is_CTkR6mshuYCNQAc	2026-10-07						
https://www.airbnb.com/rooms/1569685575718414877	Airbnb	Ganga Kinare 2 Bedrooms: National Highway-Haridwar				no pin	g-ChIJ72mD3Is_CTkR6mshuYCNQAc	2026-10-07						
https://www.agoda.com/sitaram-dharmashala/hotel/haridwar-in.html	Agoda					unreadable	g-ChIJ_XBVJnRHCTkRIvklO81PmTY	2026-10-07						
https://www.agoda.com/raj-by-vaishno-miles/hotel/haridwar-in.html	Agoda					unreadable	g-ChIJ_XBVJnRHCTkRIvklO81PmTY	2026-10-07						
https://www.airbnb.com/rooms/1672990052526605690	Airbnb	Spacious & Cozy 2BHK Retreat | Free Parking &Gated				no pin	g-ChIJe5_JBgBJCTkRL5dPlM55ZQw	2026-10-07						
https://www.agoda.com/umesh-lodge/hotel/haridwar-in.html	Agoda					unreadable	g-ChIJ_XBVJnRHCTkRIvklO81PmTY	2026-10-07						
https://www.airbnb.com/rooms/40474852	Airbnb	Exquisite 3 BHK Furnished House near Har Ki Pauri:				no pin	g-ChIJe5_JBgBJCTkRL5dPlM55ZQw	2026-10-07						
https://www.airbnb.com/rooms/53984826	Airbnb	Cozy Retreat w/ Small Balcony, Quiet & Secure				no pin	g-ChIJe5_JBgBJCTkRL5dPlM55ZQw	2026-10-07						
https://www.airbnb.com/rooms/1785987982399273447	Airbnb	Cozy Cabin 502				no pin	apt-in-rishikesh	2026-10-07						
https://www.goibibo.com/hotels/chhavi-holidays-hotel-in-jaipur-1671526798366438843/	Goibibo					unreadable	g-ChIJe5_JBgBJCTkRL5dPlM55ZQw	2026-10-07						
https://www.goibibo.com/hotels/k-k-renuka-dhramshala-hotel-in-haridwar-3719278770657773794/	Goibibo					unreadable	g-ChIJmWgEGAA5CTkR0Cxe8sacl8U	2026-10-07						
https://www.goibibo.com/hotels/chhavi-hotels-hotel-in-noida-8435906838650831317/	Goibibo					unreadable	g-ChIJe5_JBgBJCTkRL5dPlM55ZQw	2026-10-07						
https://www.goibibo.com/hotels/vedantam-hotel-in-haridwar-7781451060495608420/	Goibibo					unreadable	g-ChIJ72mD3Is_CTkR6mshuYCNQAc	2026-10-07						
https://www.airbnb.com/rooms/1416460275287588886	Airbnb	Airbnb: Holiday Rentals, Cabins, Beach Houses, Unique Homes & Experiences				no pin	g-ChIJ72mD3Is_CTkR6mshuYCNQAc	2026-10-07						
https://www.goibibo.com/hotels/o-indira-enclave-haridwar-hotel-in-haridwar-8716599163975208893/	Goibibo					unreadable	g-ChIJ72mD3Is_CTkR6mshuYCNQAc	2026-10-07						
https://www.goibibo.com/hotels/nandini-homestay-hotel-in-sringeri-3750329344638931406/	Goibibo					unreadable	g-ChIJCcDQDSElCTkR_5pQXGF_Bys	2026-10-07						
https://www.airbnb.com/rooms/1670175723123627922	Airbnb	Airbnb: Holiday Rentals, Cabins, Beach Houses, Unique Homes & Experiences				no pin	g-ChIJ72mD3Is_CTkR6mshuYCNQAc	2026-10-07						
https://www.agoda.com/sitaram-dharmashala/hotel/haridwar-in.html	Agoda					unreadable	g-ChIJ_XBVJnRHCTkRIvklO81PmTY	2026-10-07						
https://www.agoda.com/hotel-har-ki-pauri/hotel/haridwar-in.html	Agoda					unreadable	g-ChIJ33_3pM5HCTkRlu-AGu6Q3NA	2026-10-07						
https://www.agoda.com/raj-by-vaishno-miles/hotel/haridwar-in.html	Agoda					unreadable	g-ChIJ_XBVJnRHCTkRIvklO81PmTY	2026-10-07						
https://www.agoda.com/haridwar-ganga-harki-pauri-1/hotel/haridwar-in.html	Agoda					unreadable	g-ChIJ33_3pM5HCTkRlu-AGu6Q3NA	2026-10-07						
https://www.agoda.com/umesh-lodge/hotel/haridwar-in.html	Agoda					unreadable	g-ChIJ_XBVJnRHCTkRIvklO81PmTY	2026-10-07						
https://www.goibibo.com/hotels/k-k-renuka-dhramshala-hotel-in-haridwar-3719278770657773794/	Goibibo					unreadable	g-ChIJmWgEGAA5CTkR0Cxe8sacl8U	2026-10-07						
https://www.goibibo.com/hotels/chhavi-holidays-hotel-in-jaipur-1671526798366438843/	Goibibo					unreadable	g-ChIJe5_JBgBJCTkRL5dPlM55ZQw	2026-10-07						
https://www.goibibo.com/hotels/chhavi-hotels-hotel-in-noida-8435906838650831317/	Goibibo					unreadable	g-ChIJe5_JBgBJCTkRL5dPlM55ZQw	2026-10-07						
https://www.agoda.com/haridwar-ganga-harki-pauri-13/hotel/haridwar-in.html	Agoda					unreadable	g-ChIJ33_3pM5HCTkRlu-AGu6Q3NA	2026-10-07						
https://www.goibibo.com/hotels/vedantam-hotel-in-haridwar-7781451060495608420/	Goibibo					unreadable	g-ChIJ72mD3Is_CTkR6mshuYCNQAc	2026-10-07						
https://www.goibibo.com/hotels/har-ki-pauri-hotel-in-haridwar-5043183980952829080/	Goibibo					unreadable	g-ChIJ33_3pM5HCTkRlu-AGu6Q3NA	2026-10-07						
https://www.goibibo.com/hotels/o-indira-enclave-haridwar-hotel-in-haridwar-8716599163975208893/	Goibibo					unreadable	g-ChIJ72mD3Is_CTkR6mshuYCNQAc	2026-10-07						
https://www.makemytrip.com/hotels/hotel_raj_mandir-details-haridwar.html	MakeMyTrip					unreadable	g-ChIJ33_3pM5HCTkRlu-AGu6Q3NA	2026-10-07						
https://www.airbnb.com/rooms/1348026825503295736	Airbnb	Harki Pauri Haridwar One				no pin	g-ChIJ33_3pM5HCTkRlu-AGu6Q3NA	2026-10-07						
https://www.agoda.com/hotel-har-ki-pauri/hotel/haridwar-in.html	Agoda					unreadable	g-ChIJ33_3pM5HCTkRlu-AGu6Q3NA	2026-10-07						
https://www.goibibo.com/hotels/nandini-homestay-hotel-in-sringeri-3750329344638931406/	Goibibo					unreadable	g-ChIJCcDQDSElCTkR_5pQXGF_Bys	2026-10-07						
https://www.hotels.com/ho3562931904/	Hotels.com					unreadable	g-ChIJ33_3pM5HCTkRlu-AGu6Q3NA	2026-10-07						
https://in.hotels.com/ho4087160192/	Hotels.com					unreadable	g-ChIJ33_3pM5HCTkRlu-AGu6Q3NA	2026-10-07						
https://www.agoda.com/haridwar-ganga-harki-pauri-13/hotel/haridwar-in.html	Agoda					unreadable	g-ChIJ33_3pM5HCTkRlu-AGu6Q3NA	2026-10-07						
https://www.agoda.com/haridwar-ganga-harki-pauri-1/hotel/haridwar-in.html	Agoda					unreadable	g-ChIJ33_3pM5HCTkRlu-AGu6Q3NA	2026-10-07						
https://www.airbnb.com/rooms/1410835580726324255	Airbnb	Airbnb: Holiday Rentals, Cabins, Beach Houses, Unique Homes & Experiences				no pin	the-estuary-tapovan-2-bhk-apt	2026-10-07						
https://www.airbnb.com/rooms/1348037534511706644	Airbnb	Haridwar Harki Pauri Two				no pin	g-ChIJ33_3pM5HCTkRlu-AGu6Q3NA	2026-10-07						
https://www.airbnb.com/rooms/1348044747439870624	Airbnb	Haridwar Harki Pauri Oven				no pin	g-ChIJ33_3pM5HCTkRlu-AGu6Q3NA	2026-10-07						
https://www.airbnb.com/rooms/1348026825503295736	Airbnb	Harki Pauri Haridwar One				no pin	g-ChIJ33_3pM5HCTkRlu-AGu6Q3NA	2026-10-07						
https://www.agoda.com/the-estuary-tapovan-2-bhk-apt/hotel/rishikesh-in.html	Agoda	11 Best Hotels in Rishikesh, India				no pin	the-estuary-tapovan-2-bhk-apt	2026-10-07						
https://www.airbnb.com/rooms/1348037534511706644	Airbnb	Haridwar Harki Pauri Two				no pin	g-ChIJ33_3pM5HCTkRlu-AGu6Q3NA	2026-10-07						
https://www.goibibo.com/hotels/har-ki-pauri-hotel-in-haridwar-5043183980952829080/	Goibibo					unreadable	g-ChIJ33_3pM5HCTkRlu-AGu6Q3NA	2026-10-07						
https://www.makemytrip.com/hotels/hotel_raj_mandir-details-haridwar.html	MakeMyTrip					unreadable	g-ChIJ33_3pM5HCTkRlu-AGu6Q3NA	2026-10-07						
https://www.hotels.com/ho3562931904/	Hotels.com					unreadable	g-ChIJ33_3pM5HCTkRlu-AGu6Q3NA	2026-10-07						
https://in.hotels.com/ho4087160192/	Hotels.com					unreadable	g-ChIJ33_3pM5HCTkRlu-AGu6Q3NA	2026-10-07						
https://www.airbnb.com/rooms/1410835580726324255	Airbnb	Airbnb: Holiday Rentals, Cabins, Beach Houses, Unique Homes & Experiences				no pin	the-estuary-tapovan-2-bhk-apt	2026-10-07						
https://www.makemytrip.com/hotels/hotel_har_ki_pauri-details-haridwar.html	MakeMyTrip					unreadable	g-ChIJ33_3pM5HCTkRlu-AGu6Q3NA	2026-10-07						
https://www.airbnb.com/rooms/1348044747439870624	Airbnb	Haridwar Harki Pauri Oven				no pin	g-ChIJ33_3pM5HCTkRlu-AGu6Q3NA	2026-10-07						
https://www.goibibo.com/hotels/feel-factor-by-bull-adventure-rishikesh-hotel-in-rishikesh-3778340512179527097/	Goibibo					unreadable	g-ChIJaZyvFYIXCTkRIMiVZ1pSXCA	2026-10-07						
https://www.goibibo.com/hotels/bull-adventure-0033-hotel-in-rishikesh-7300874522412622859/	Goibibo					unreadable	g-ChIJaZyvFYIXCTkRIMiVZ1pSXCA	2026-10-07						
https://www.goibibo.com/hotels/camp-rishikesh-by-bull-adventure-0044-hotel-in-narendranagar-5163140131597422880/	Goibibo					unreadable	g-ChIJaZyvFYIXCTkRIMiVZ1pSXCA	2026-10-07						
https://www.makemytrip.com/hotels/hotel_har_ki_pauri-details-haridwar.html	MakeMyTrip					unreadable	g-ChIJ33_3pM5HCTkRlu-AGu6Q3NA	2026-10-07						
https://www.goibibo.com/hotels/crystal-ganga-heights-5-min-from-har-ki-pauri-hotel-in-haridwar-2289777787624019163/	Goibibo					unreadable	g-ChIJ33_3pM5HCTkRlu-AGu6Q3NA	2026-10-07						
https://www.goibibo.com/hotels/havells-resort-by-bull-adventure-0051-hotel-in-rishikesh-4693723724964431929/	Goibibo					unreadable	g-ChIJaZyvFYIXCTkRIMiVZ1pSXCA	2026-10-07						
https://www.goibibo.com/hotels/gauri-ganga-at-har-ki-pauri-with-private-ganga-ghat-hotel-in-haridwar-1879186860846423098/	Goibibo					unreadable	g-ChIJ33_3pM5HCTkRlu-AGu6Q3NA	2026-10-07						
https://www.agoda.com/the-estuary-tapovan-2-bhk-apt/hotel/rishikesh-in.html	Agoda	11 Best Hotels in Rishikesh, India				no pin	the-estuary-tapovan-2-bhk-apt	2026-10-07						
https://www.goibibo.com/hotels/lajja-palace-harki-pauri-railway-stn-road-hotel-in-haridwar-1525050932339838892/	Goibibo					unreadable	g-ChIJ33_3pM5HCTkRlu-AGu6Q3NA	2026-10-07						
https://www.oyorooms.com/208917/	OYO	POP 81142C Ojsvi Inn	29.9456906	78.16424780000001	rishikesh	ok	g-ChIJhxERRABJCTkR2yTXAc20yGY	2026-10-07						
https://www.agoda.com/balaji-dharmshala/hotel/ayodhya-in.html	Agoda					unreadable	g-ChIJ88QDK6g4CTkRXwdB0V2ECEs	2026-10-07						
https://www.agoda.com/sheesha-residency/hotel/srinagar-in.html	Agoda					unreadable	g-ChIJDawyQz8VCTkR3a_dPOMuCCs	2026-10-07						
https://www.goibibo.com/hotels/feel-factor-by-bull-adventure-rishikesh-hotel-in-rishikesh-3778340512179527097/	Goibibo					unreadable	g-ChIJaZyvFYIXCTkRIMiVZ1pSXCA	2026-10-07						
https://www.agoda.com/hotel-the-residency/hotel/srinagar-in.html	Agoda					unreadable	g-ChIJDawyQz8VCTkR3a_dPOMuCCs	2026-10-07						
https://www.agoda.com/camp-a-star/hotel/rishikesh-in.html	Agoda					unreadable	g-ChIJDawyQz8VCTkR3a_dPOMuCCs	2026-10-07						
https://www.goibibo.com/hotels/camp-rishikesh-by-bull-adventure-0044-hotel-in-narendranagar-5163140131597422880/	Goibibo					unreadable	g-ChIJaZyvFYIXCTkRIMiVZ1pSXCA	2026-10-07						
https://www.goibibo.com/hotels/bull-adventure-0033-hotel-in-rishikesh-7300874522412622859/	Goibibo					unreadable	g-ChIJaZyvFYIXCTkRIMiVZ1pSXCA	2026-10-07						
https://www.goibibo.com/hotels/crystal-ganga-heights-5-min-from-har-ki-pauri-hotel-in-haridwar-2289777787624019163/	Goibibo					unreadable	g-ChIJ33_3pM5HCTkRlu-AGu6Q3NA	2026-10-07						
https://www.goibibo.com/hotels/havells-resort-by-bull-adventure-0051-hotel-in-rishikesh-4693723724964431929/	Goibibo					unreadable	g-ChIJaZyvFYIXCTkRIMiVZ1pSXCA	2026-10-07						
https://www.goibibo.com/hotels/suryodaya-at-har-ki-pauri-hotel-in-haridwar-161826617536012142/	Goibibo					unreadable	g-ChIJ33_3pM5HCTkRlu-AGu6Q3NA	2026-10-07						
https://www.agoda.com/star-residency/hotel/srinagar-in.html	Agoda					unreadable	g-ChIJDawyQz8VCTkR3a_dPOMuCCs	2026-10-07						
https://www.agoda.com/asr-residency/hotel/srinagar-in.html	Agoda					unreadable	g-ChIJDawyQz8VCTkR3a_dPOMuCCs	2026-10-07						
https://www.goibibo.com/hotels/gauri-ganga-at-har-ki-pauri-with-private-ganga-ghat-hotel-in-haridwar-1879186860846423098/	Goibibo					unreadable	g-ChIJ33_3pM5HCTkRlu-AGu6Q3NA	2026-10-07						
https://www.goibibo.com/hotels/la-casa-har-ki-pauri-road-hotel-in-haridwar-1103143753421906330/	Goibibo					unreadable	g-ChIJ33_3pM5HCTkRlu-AGu6Q3NA	2026-10-07						
https://www.oyorooms.com/208917/	OYO	POP 81142C Ojsvi Inn	29.9456906	78.16424780000001	rishikesh	ok	g-ChIJhxERRABJCTkR2yTXAc20yGY	2026-10-07						
https://www.airbnb.com/rooms/1396096530846568623	Airbnb	Gyan Ashram Dharamshala Stay By Pandit ji				no pin	g-ChIJAdt4wANHCTkRaFgKiCe7PBQ	2026-10-07						
https://www.makemytrip.com/hotels/oyo_39292_hotel_tejasvi-details-haridwar.html	MakeMyTrip					unreadable	g-ChIJhxERRABJCTkR2yTXAc20yGY	2026-10-07						
https://www.goibibo.com/hotels/lajja-palace-harki-pauri-railway-stn-road-hotel-in-haridwar-1525050932339838892/	Goibibo					unreadable	g-ChIJ33_3pM5HCTkRlu-AGu6Q3NA	2026-10-07						
https://www.agoda.com/la-riqueza-rishikesh/hotel/rishikesh-in.html	Agoda					unreadable	g-ChIJMy0KH2kXCTkRA_3KneChZVM	2026-10-07						
https://www.makemytrip.com/hotels/om_seva_sadan-details-haridwar.html	MakeMyTrip					unreadable	g-ChIJiZOWEU5GCTkRljD1uy8z1bk	2026-10-07						
https://www.goibibo.com/hotels/om-seva-sadan-hotel-in-haridwar-6705717570885336551/	Goibibo					unreadable	g-ChIJiZOWEU5GCTkRljD1uy8z1bk	2026-10-07						
https://www.makemytrip.com/hotels/narsingh_dass_seva_sadan-details-haridwar.html	MakeMyTrip					unreadable	g-ChIJiZOWEU5GCTkRljD1uy8z1bk	2026-10-07						
https://www.agoda.com/balaji-dharmshala/hotel/ayodhya-in.html	Agoda					unreadable	g-ChIJ88QDK6g4CTkRXwdB0V2ECEs	2026-10-07						
https://www.goibibo.com/hotels/suryodaya-at-har-ki-pauri-hotel-in-haridwar-161826617536012142/	Goibibo					unreadable	g-ChIJ33_3pM5HCTkRlu-AGu6Q3NA	2026-10-07						
https://www.agoda.com/hotel-the-residency/hotel/srinagar-in.html	Agoda					unreadable	g-ChIJDawyQz8VCTkR3a_dPOMuCCs	2026-10-07						
https://www.agoda.com/sheesha-residency/hotel/srinagar-in.html	Agoda					unreadable	g-ChIJDawyQz8VCTkR3a_dPOMuCCs	2026-10-07						
https://www.agoda.com/camp-a-star/hotel/rishikesh-in.html	Agoda					unreadable	g-ChIJDawyQz8VCTkR3a_dPOMuCCs	2026-10-07						
https://www.agoda.com/oyo-48054-hotel-oasis/hotel/haridwar-in.html	Agoda					unreadable	g-ChIJiWKyp0xHCTkRumAEbCXa8lc	2026-10-07						
https://www.agoda.com/asr-residency/hotel/srinagar-in.html	Agoda					unreadable	g-ChIJDawyQz8VCTkR3a_dPOMuCCs	2026-10-07						
https://www.goibibo.com/hotels/la-casa-har-ki-pauri-road-hotel-in-haridwar-1103143753421906330/	Goibibo					unreadable	g-ChIJ33_3pM5HCTkRlu-AGu6Q3NA	2026-10-07						
https://www.agoda.com/star-residency/hotel/srinagar-in.html	Agoda					unreadable	g-ChIJDawyQz8VCTkR3a_dPOMuCCs	2026-10-07						
https://www.oyorooms.com/101136/	OYO	OYO 72381 Vip Residency	29.9976268106609	78.1890647672117	rishikesh	ok	g-ChIJiWKyp0xHCTkRumAEbCXa8lc	2026-10-07						
https://www.oyorooms.com/5735/	OYO	OYO Rooms 046 Clarks Inn Haridwar	29.9884329	78.1848338	rishikesh	ok	g-ChIJiWKyp0xHCTkRumAEbCXa8lc	2026-10-07						
https://www.makemytrip.com/hotels/oyo_39292_hotel_tejasvi-details-haridwar.html	MakeMyTrip					unreadable	g-ChIJhxERRABJCTkR2yTXAc20yGY	2026-10-07						
https://www.airbnb.com/rooms/1396096530846568623	Airbnb	Gyan Ashram Dharamshala Stay By Pandit ji				no pin	g-ChIJAdt4wANHCTkRaFgKiCe7PBQ	2026-10-07						
https://www.makemytrip.com/hotels/om_seva_sadan-details-haridwar.html	MakeMyTrip					unreadable	g-ChIJiZOWEU5GCTkRljD1uy8z1bk	2026-10-07						
https://www.goibibo.com/hotels/om-seva-sadan-hotel-in-haridwar-6705717570885336551/	Goibibo					unreadable	g-ChIJiZOWEU5GCTkRljD1uy8z1bk	2026-10-07						
https://www.makemytrip.com/hotels/narsingh_dass_seva_sadan-details-haridwar.html	MakeMyTrip					unreadable	g-ChIJiZOWEU5GCTkRljD1uy8z1bk	2026-10-07						
https://www.agoda.com/la-riqueza-rishikesh/hotel/rishikesh-in.html	Agoda					unreadable	g-ChIJMy0KH2kXCTkRA_3KneChZVM	2026-10-07						
https://www.hotels.com/ho3395026720/la-riqueza-rishikesh/	Hotels.com					unreadable	g-ChIJMy0KH2kXCTkRA_3KneChZVM	2026-10-07						
https://in.hotels.com/ho3395026720/la-riqueza-rishikesh/	Hotels.com					unreadable	g-ChIJMy0KH2kXCTkRA_3KneChZVM	2026-10-07						
https://www.agoda.com/oyo-90120-hotel-shaurya/hotel/haridwar-in.html	Agoda					unreadable	g-ChIJiWKyp0xHCTkRumAEbCXa8lc	2026-10-07						
https://www.agoda.com/regenta-orko-s-haridwar_6/hotel/haridwar-in.html	Agoda					unreadable	g-ChIJ76HxCABJCTkRt0Uutk5nv9s	2026-10-07						
https://www.agoda.com/la-riqueza-pride-inn/hotel/rishikesh-in.html	Agoda					unreadable	g-ChIJMy0KH2kXCTkRA_3KneChZVM	2026-10-07						
https://www.oyorooms.com/101136/	OYO	OYO 72381 Vip Residency	29.9976268106609	78.1890647672117	rishikesh	ok	g-ChIJiWKyp0xHCTkRumAEbCXa8lc	2026-10-07						
https://www.agoda.com/oyo-48054-hotel-oasis/hotel/haridwar-in.html	Agoda					unreadable	g-ChIJiWKyp0xHCTkRumAEbCXa8lc	2026-10-07						
https://uk.hotels.com/ho3395026720/la-riqueza-rishikesh/	Hotels.com					unreadable	g-ChIJMy0KH2kXCTkRA_3KneChZVM	2026-10-07						
https://www.oyorooms.com/5735/	OYO	OYO Rooms 046 Clarks Inn Haridwar	29.9884329	78.1848338	rishikesh	ok	g-ChIJiWKyp0xHCTkRumAEbCXa8lc	2026-10-07						
https://www.makemytrip.com/hotels/hotel_o_by_oyo_yug_residency-details-haridwar.html	MakeMyTrip					unreadable	g-ChIJiWKyp0xHCTkRumAEbCXa8lc	2026-10-07						
https://za.hotels.com/ho3395026720/la-riqueza-rishikesh/	Hotels.com					unreadable	g-ChIJMy0KH2kXCTkRA_3KneChZVM	2026-10-07						
https://www.agoda.com/rosewood-apartment-hotel-haridwar/hotel/haridwar-in.html	Agoda					unreadable	g-ChIJ76HxCABJCTkRt0Uutk5nv9s	2026-10-07						
https://www.agoda.com/hotel-rajput/hotel/haridwar-in.html	Agoda					unreadable	g-ChIJ76HxCABJCTkRt0Uutk5nv9s	2026-10-07						
https://www.hotels.com/ho3395026720/la-riqueza-rishikesh/	Hotels.com					unreadable	g-ChIJMy0KH2kXCTkRA_3KneChZVM	2026-10-07						
https://www.agoda.com/oyo-90120-hotel-shaurya/hotel/haridwar-in.html	Agoda					unreadable	g-ChIJiWKyp0xHCTkRumAEbCXa8lc	2026-10-07						
https://in.hotels.com/ho3395026720/la-riqueza-rishikesh/	Hotels.com					unreadable	g-ChIJMy0KH2kXCTkRA_3KneChZVM	2026-10-07						
https://www.agoda.com/la-riqueza-pride-inn/hotel/rishikesh-in.html	Agoda					unreadable	g-ChIJMy0KH2kXCTkRA_3KneChZVM	2026-10-07						
https://www.agoda.com/regenta-orko-s-haridwar_6/hotel/haridwar-in.html	Agoda					unreadable	g-ChIJ76HxCABJCTkRt0Uutk5nv9s	2026-10-07						
https://www.makemytrip.com/hotels/hotel_o_by_oyo_yug_residency-details-haridwar.html	MakeMyTrip					unreadable	g-ChIJiWKyp0xHCTkRumAEbCXa8lc	2026-10-07						
https://uk.hotels.com/ho3395026720/la-riqueza-rishikesh/	Hotels.com					unreadable	g-ChIJMy0KH2kXCTkRA_3KneChZVM	2026-10-07						
https://za.hotels.com/ho3395026720/la-riqueza-rishikesh/	Hotels.com					unreadable	g-ChIJMy0KH2kXCTkRA_3KneChZVM	2026-10-07						
https://www.agoda.com/rosewood-apartment-hotel-haridwar/hotel/haridwar-in.html	Agoda					unreadable	g-ChIJ76HxCABJCTkRt0Uutk5nv9s	2026-10-07						
https://www.agoda.com/hotel-rajput/hotel/haridwar-in.html	Agoda					unreadable	g-ChIJ76HxCABJCTkRt0Uutk5nv9s	2026-10-07						
https://www.airbnb.com/rooms/1477273145650677879	Airbnb	Luxury Boutique Hotel near Ganga river, Rishikesh				no pin	g-ChIJMy0KH2kXCTkRA_3KneChZVM	2026-10-07						
https://www.goibibo.com/hotels/budshah-residency-srinagar-hotel-in-srinagar-1576650534571182177/	Goibibo					unreadable	g-ChIJDawyQz8VCTkR3a_dPOMuCCs	2026-10-07						
https://www.goibibo.com/hotels/sudarshan-residency-hotel-in-srinagar-uk-5732297844341789479/	Goibibo					unreadable	g-ChIJDawyQz8VCTkR3a_dPOMuCCs	2026-10-07						
https://www.goibibo.com/hotels/sheesha-residency-hotel-in-srinagar-3095506024698399770/	Goibibo					unreadable	g-ChIJDawyQz8VCTkR3a_dPOMuCCs	2026-10-07						
https://www.agoda.com/the-reo-classic-haridwar/hotel/dehradun-in.html	Agoda	11 Best Hotels in Dehradun, India				no pin	g-ChIJ76HxCABJCTkRt0Uutk5nv9s	2026-10-07						
https://www.goibibo.com/hotels/budshah-residency-srinagar-hotel-in-srinagar-1576650534571182177/	Goibibo					unreadable	g-ChIJDawyQz8VCTkR3a_dPOMuCCs	2026-10-07						
https://www.goibibo.com/hotels/sheesha-residency-hotel-in-srinagar-3095506024698399770/	Goibibo					unreadable	g-ChIJDawyQz8VCTkR3a_dPOMuCCs	2026-10-07						
https://www.goibibo.com/hotels/sudarshan-residency-hotel-in-srinagar-uk-5732297844341789479/	Goibibo					unreadable	g-ChIJDawyQz8VCTkR3a_dPOMuCCs	2026-10-07						
https://www.goibibo.com/hotels/navrang-residency-homestay-hotel-in-rishikesh-4079258311722927977/	Goibibo					unreadable	g-ChIJDawyQz8VCTkR3a_dPOMuCCs	2026-10-07						
https://www.goibibo.com/hotels/the-residency-srinagar-hotel-in-srinagar-943831388465134307/	Goibibo					unreadable	g-ChIJDawyQz8VCTkR3a_dPOMuCCs	2026-10-07						
https://www.goibibo.com/hotels/naqash-residency-hotel-in-srinagar-6371819475414510670/	Goibibo					unreadable	g-ChIJDawyQz8VCTkR3a_dPOMuCCs	2026-10-07						
https://www.agoda.com/the-reo-classic-haridwar/hotel/dehradun-in.html	Agoda	11 Best Hotels in Dehradun, India				no pin	g-ChIJ76HxCABJCTkRt0Uutk5nv9s	2026-10-07						
https://www.booking.com/hotel/in/celestial-dream.html	Booking.com	Celestial Dream	30.7261210641929	78.4385197255814		elsewhere	g-ChIJeV9XAABJCTkRPSa9crlZJUY	2026-10-07	Hotel	ld	Indrawati Bridge, Uttarkashi	249193	rated,bookable	https://www.booking.com/hotel/in/celestial-dream.html
https://www.booking.com/hotel/in/shreeji-inn-homestay.html	Booking.com	10 बेहतरीन Rishīkesh होटल, भारत (US$12 से)				no pin	g-ChIJ5TGepQQ_CTkR3VdaNPjnbGA	2026-10-07		meta				https://www.booking.com/city/in/rishikesh.hi.html
https://www.booking.com/hotel/in/the-estuary-tapovan-2-bhk-apt.html	Booking.com	10 बेहतरीन Rishīkesh होटल, भारत (US$12 से)				no pin	the-estuary-tapovan-2-bhk-apt	2026-10-07		meta				https://www.booking.com/city/in/rishikesh.hi.html
https://www.booking.com/hotel/in/girija-homestay-rishikesh.html	Booking.com	10 बेहतरीन Rishīkesh होटल, भारत (US$12 से)				no pin	g-ChIJ5TGepQQ_CTkR3VdaNPjnbGA	2026-10-07		meta				https://www.booking.com/city/in/rishikesh.hi.html
https://www.booking.com/hotel/in/gurukirpa-guest-house-amritsar-punjab.html	Booking.com	10 बेहतरीन Amritsar होटल, भारत (US$12 से)				no pin	g-ChIJ5TGepQQ_CTkR3VdaNPjnbGA	2026-10-07		meta				https://www.booking.com/city/in/amritsar.hi.html
https://www.booking.com/hotel/in/the-greenview-homestay.html	Booking.com	10 बेहतरीन Rishīkesh होटल, भारत (US$12 से)				no pin	g-ChIJ5TGepQQ_CTkR3VdaNPjnbGA	2026-10-07		meta				https://www.booking.com/city/in/rishikesh.hi.html
https://www.booking.com/hotel/in/shiv-dham-homestay.html	Booking.com	10 बेहतरीन Rishīkesh होटल, भारत (US$12 से)				no pin	g-ChIJ5TGepQQ_CTkR3VdaNPjnbGA	2026-10-07		meta				https://www.booking.com/city/in/rishikesh.hi.html
https://www.booking.com/hotel/in/anandmay-homestay-isbt-rishikesh-rishikesh1.html	Booking.com	10 बेहतरीन Rishīkesh होटल, भारत (US$12 से)				no pin	g-ChIJ5TGepQQ_CTkR3VdaNPjnbGA	2026-10-07		meta				https://www.booking.com/city/in/rishikesh.hi.html
https://www.trip.com/hotels/rishikesh-hotel-detail-109609732/green-valley-apartments/	Trip.com	Green Valley Apartments				no pin	g-ChIJJeyxXxc-CTkRLfB5Aiu8dag	2026-10-07	Hotel	ld	Aiims Mbbs Hostel Road	249201	rated,bookable	https://www.trip.com/hotels/rishikesh-hotel-detail-109609732/green-valley-apartments/
https://www.agoda.com/green-valley-homestay/hotel/rishikesh-in.html	Agoda					unreadable	g-ChIJJeyxXxc-CTkRLfB5Aiu8dag	2026-10-07		title				https://www.agoda.com/green-valley-homestay/hotel/rishikesh-in.html
https://www.agoda.com/green-view-by-one-hotels_6/hotel/rishikesh-in.html	Agoda					unreadable	g-ChIJJeyxXxc-CTkRLfB5Aiu8dag	2026-10-07		title				https://www.agoda.com/green-view-by-one-hotels_6/hotel/rishikesh-in.html
https://www.agoda.com/60-s-green-hills_2/hotel/rishikesh-in.html	Agoda					unreadable	g-ChIJJeyxXxc-CTkRLfB5Aiu8dag	2026-10-07		title				https://www.agoda.com/60-s-green-hills_2/hotel/rishikesh-in.html
https://www.agoda.com/green-valley-residence-athurugiriya-panagoda/hotel/athurugiriya-lk.html	Agoda					unreadable	g-ChIJJeyxXxc-CTkRLfB5Aiu8dag	2026-10-07		title				https://www.agoda.com/green-valley-residence-athurugiriya-panagoda/hotel/athurugiriya-lk.html
https://www.agoda.com/grand-apartments-rishikesh/hotel/rishikesh-in.html	Agoda					unreadable	g-ChIJJeyxXxc-CTkRLfB5Aiu8dag	2026-10-07		title				https://www.agoda.com/super-duper-apartments-in-rishikesh/hotel/rishikesh-in.html
https://www.agoda.com/rishikesh-valley-hotel/hotel/rishikesh-in.html	Agoda					unreadable	g-ChIJJeyxXxc-CTkRLfB5Aiu8dag	2026-10-07		title				https://www.agoda.com/rishikesh-valley-hotel/hotel/rishikesh-in.html
https://www.agoda.com/greenday-escapes/hotel/rishikesh-in.html	Agoda					unreadable	g-ChIJJeyxXxc-CTkRLfB5Aiu8dag	2026-10-07		title				https://www.agoda.com/greenday-escapes/hotel/rishikesh-in.html
https://www.agoda.com/green-by-one-hotels_5/hotel/rishikesh-in.html	Agoda					unreadable	g-ChIJJeyxXxc-CTkRLfB5Aiu8dag	2026-10-07		title				https://www.agoda.com/green-by-one-hotels_5/hotel/rishikesh-in.html
https://www.agoda.com/gungun-homestay/hotel/rishikesh-in.html	Agoda					unreadable	g-ChIJ5TGepQQ_CTkR3VdaNPjnbGA	2026-10-07		title				https://www.agoda.com/gungun-homestay/hotel/rishikesh-in.html
https://www.agoda.com/r-d-homestay/hotel/rishikesh-in.html	Agoda					unreadable	g-ChIJ5TGepQQ_CTkR3VdaNPjnbGA	2026-10-07		title				https://www.agoda.com/r-d-homestay/hotel/rishikesh-in.html
https://www.agoda.com/guru-homestay/hotel/rishikesh-in.html	Agoda					unreadable	g-ChIJ5TGepQQ_CTkR3VdaNPjnbGA	2026-10-07		title				https://www.agoda.com/guru-homestay/hotel/rishikesh-in.html
https://www.airbnb.com/rooms/1724793225690277279	Airbnb	Silent Private 1bhk Near Secret waterfall Tapovan				no pin	g-ChIJJeyxXxc-CTkRLfB5Aiu8dag	2026-10-07	VacationRental	ld	Rishikesh		rated	https://www.airbnb.co.in/rooms/1724793225690277279?locale=en
https://www.airbnb.com/rooms/32931567	Airbnb	Green Valley Cottage (terrace room)				no pin	g-ChIJJeyxXxc-CTkRLfB5Aiu8dag	2026-10-07	VacationRental	ld	Rishikesh		rated	https://www.airbnb.co.in/rooms/32931567?locale=en
https://www.airbnb.com/rooms/41782700	Airbnb	Green Valley Cottage (standard room)				no pin	g-ChIJJeyxXxc-CTkRLfB5Aiu8dag	2026-10-07	VacationRental	ld	Rishikesh		rated	https://www.airbnb.co.in/rooms/41782700?locale=en
https://www.agoda.com/into-the-himalayas-homestay/hotel/rishikesh-in.html	Agoda					unreadable	g-ChIJ5TGepQQ_CTkR3VdaNPjnbGA	2026-10-07		title				https://www.agoda.com/into-the-himalayas-homestay/hotel/rishikesh-in.html
https://www.agoda.com/guru-kripa-house-h42835974/hotel/jodhpur-in.html	Agoda					unreadable	g-ChIJ5TGepQQ_CTkR3VdaNPjnbGA	2026-10-07		title				https://www.agoda.com/guru-kripa-house-h42835974/hotel/jodhpur-in.html
https://www.agoda.com/ganga-river-the-homestay/hotel/rishikesh-in.html	Agoda					unreadable	g-ChIJ5TGepQQ_CTkR3VdaNPjnbGA	2026-10-07		title				https://www.agoda.com/ganga-river-the-homestay/hotel/rishikesh-in.html
https://www.agoda.com/tapovan-homestay/hotel/rishikesh-in.html	Agoda					unreadable	g-ChIJ5TGepQQ_CTkR3VdaNPjnbGA	2026-10-07		title				https://www.agoda.com/tapovan-homestay/hotel/rishikesh-in.html
https://www.agoda.com/hotel-daksh/hotel/haridwar-in.html	Agoda					unreadable	g-ChIJLUiI5bdHCTkRqk1S0XS0f-w	2026-10-07		title				https://www.agoda.com/hotel-daksh/hotel/haridwar-in.html
https://www.agoda.com/amraai-homestay/hotel/rishikesh-in.html	Agoda					unreadable	g-ChIJ5TGepQQ_CTkR3VdaNPjnbGA	2026-10-07		title				https://www.agoda.com/amraai-homestay/hotel/rishikesh-in.html
https://www.airbnb.com/rooms/1255602242403777006	Airbnb	RAMA'S Homestay  for family				no pin	g-ChIJ5TGepQQ_CTkR3VdaNPjnbGA	2026-10-07	VacationRental	ld	Rishikesh		rated	https://www.airbnb.co.in/rooms/1255602242403777006?locale=en
https://www.airbnb.com/rooms/865877602573768275	Airbnb	2 Bhk Trendy & Cozy Homestay @ Rishikesh.				no pin	g-ChIJ5TGepQQ_CTkR3VdaNPjnbGA	2026-10-07	VacationRental	ld	Rishikesh		rated	https://www.airbnb.co.in/rooms/865877602573768275?locale=en
https://www.goibibo.com/hotels/guru-homestay-rishikesh-hotel-in-rishikesh-3613928938837088323/	Goibibo					unreadable	g-ChIJ5TGepQQ_CTkR3VdaNPjnbGA	2026-10-07		title				chrome-error://chromewebdata/
https://www.goibibo.com/hotels/daksh-homestay-hotel-in-haridwar-1869540897818494071/	Goibibo					unreadable	g-ChIJLUiI5bdHCTkRqk1S0XS0f-w	2026-10-07		title				chrome-error://chromewebdata/
https://www.makemytrip.com/hotels/hotel_daksh-details-haridwar.html	MakeMyTrip					unreadable	g-ChIJLUiI5bdHCTkRqk1S0XS0f-w	2026-10-07		title				chrome-error://chromewebdata/
https://www.hotels.com/ho3435428256/	Hotels.com					unreadable	g-ChIJLUiI5bdHCTkRqk1S0XS0f-w	2026-10-07		title				chrome-error://chromewebdata/
https://www.easemytrip.com/hotels/hotel-daksh-5034885/	EaseMyTrip	502				no pin	g-ChIJLUiI5bdHCTkRqk1S0XS0f-w	2026-10-07		title				https://www.easemytrip.com/hotels/hotel-daksh-5034885/
https://www.expedia.com/Haridwar-Hotels-Hotel-Daksh.h107325883.Hotel-Information	Expedia	Bot or Not?				no pin	g-ChIJLUiI5bdHCTkRqk1S0XS0f-w	2026-10-07		title				https://www.expedia.com/Haridwar-Hotels-Hotel-Daksh.h107325883.Hotel-Information
https://www.agoda.com/penthouse-with-terrace-tapovan/hotel/rishikesh-in.html	Agoda					unreadable	the-estuary-tapovan-2-bhk-apt	2026-10-07		title				https://www.agoda.com/penthouse-with-terrace-tapovan/hotel/rishikesh-in.html
https://www.makemytrip.com/hotels/gauri_gangaa-details-haridwar.html	MakeMyTrip					unreadable	g-ChIJV6szV3pHCTkRmQSY67yX5Tk	2026-10-07		title				chrome-error://chromewebdata/
https://www.makemytrip.com/hotels/hotel_gauri_shankar-details-barkot.html	MakeMyTrip					unreadable	g-ChIJV6szV3pHCTkRmQSY67yX5Tk	2026-10-07		title				chrome-error://chromewebdata/
https://www.makemytrip.com/hotels/hotel_gauri_shankar-details-sikar.html	MakeMyTrip					unreadable	g-ChIJV6szV3pHCTkRmQSY67yX5Tk	2026-10-07		title				chrome-error://chromewebdata/
https://www.trip.com/hotels/barkot-hotel-detail-25483448/hotel-gauri-shankar/	Trip.com	Hotel Gauri Shankar				no pin	g-ChIJV6szV3pHCTkRmQSY67yX5Tk	2026-10-07	Hotel	ld	Muradi, Naugaun, Yamnotri Highway		rated,bookable	https://www.trip.com/hotels/barkot-hotel-detail-25483448/hotel-gauri-shankar/
https://www.makemytrip.com/hotels/gauri_gangaa_at_har_ki_pauri_with_private_ganga_ghat-details-haridwar.html	MakeMyTrip					unreadable	g-ChIJV6szV3pHCTkRmQSY67yX5Tk	2026-10-07		title				chrome-error://chromewebdata/
https://www.trip.com/hotels/dehradun-hotel-detail-37372861/capital-o-24794-aaryavan-resorts/	Trip.com	Capital O 24794 Aaryavan Resorts				no pin	g-ChIJJer76kM_CTkRdi-1Eeg38ck	2026-10-07	Hotel	ld	Aaryavan Resorts, Aaryavan resort, near raiwala cantt, Raiwala	249205	rated,bookable	https://www.trip.com/hotels/dehradun-hotel-detail-37372861/capital-o-24794-aaryavan-resorts/
https://www.easemytrip.com/hotels/treebo-trip-hotel-grand-403331/	EaseMyTrip	502				no pin	g-ChIJV6szV3pHCTkRmQSY67yX5Tk	2026-10-07		title				https://www.easemytrip.com/hotels/treebo-trip-hotel-grand-403331/
https://www.agoda.com/petals-neer-ganga-camps-resort/hotel/rishikesh-in.html	Agoda					unreadable	g-ChIJvYik3EAjCTkRN1YTvMqHqZM	2026-10-07		title				https://www.agoda.com/petals-neer-ganga-camps-resort/hotel/rishikesh-in.html
https://www.easemytrip.com/hotels/hotel-shankar-niwas-2000116/	EaseMyTrip	502				no pin	g-ChIJV6szV3pHCTkRmQSY67yX5Tk	2026-10-07		title				https://www.easemytrip.com/hotels/hotel-shankar-niwas-2000116/
https://www.makemytrip.com/hotels/sai_kripa_guest_house-details-haridwar.html	MakeMyTrip					unreadable	g-ChIJV6szV3pHCTkRmQSY67yX5Tk	2026-10-07		title				chrome-error://chromewebdata/
https://www.agoda.com/hotel-gsa-guest-house/hotel/haridwar-in.html	Agoda					unreadable	g-ChIJPZga4v9GCTkRiLwmx5S53GA	2026-10-07		title				https://www.agoda.com/hotel-gsa-guest-house/hotel/haridwar-in.html
https://www.agoda.com/shiv-om-guest-house/hotel/haridwar-in.html	Agoda					unreadable	g-ChIJPZga4v9GCTkRiLwmx5S53GA	2026-10-07		title				https://www.agoda.com/shiv-om-guest-house/hotel/haridwar-in.html
https://www.makemytrip.com/hotels/rosewood_apartment_hotel_studios_rooms-details-haridwar.html	MakeMyTrip					unreadable	g-ChIJd8chXOdJCTkRNpxduvlndRo	2026-10-07		title				chrome-error://chromewebdata/
https://www.agoda.com/shakumbari-guest-house/hotel/haridwar-in.html	Agoda					unreadable	g-ChIJPZga4v9GCTkRiLwmx5S53GA	2026-10-07		title				https://www.agoda.com/shakumbari-guest-house/hotel/haridwar-in.html
https://www.agoda.com/kunal-guest-house-h55733233/hotel/haridwar-in.html	Agoda					unreadable	g-ChIJPZga4v9GCTkRiLwmx5S53GA	2026-10-07		title				https://www.agoda.com/kunal-guest-house-h55733233/hotel/haridwar-in.html
https://www.airbnb.com/rooms/1560080308083279127	Airbnb	Peaceful 2BHK•Private Terrace•FreeParking				no pin	g-ChIJvYik3EAjCTkRN1YTvMqHqZM	2026-10-07	VacationRental	ld	Rishikesh		rated	https://www.airbnb.co.in/rooms/1560080308083279127?locale=en
https://www.goibibo.com/hotels/comfort-inn-by-ganga-gauri-hotels-hotel-in-haridwar-1212170703563913277/	Goibibo					unreadable	g-ChIJV6szV3pHCTkRmQSY67yX5Tk	2026-10-07		title				chrome-error://chromewebdata/
https://www.goibibo.com/hotels/gauri-shankar-hotel-in-barkot-5008529388694752281/	Goibibo					unreadable	g-ChIJV6szV3pHCTkRmQSY67yX5Tk	2026-10-07		title				chrome-error://chromewebdata/
https://www.makemytrip.com/hotels/himalayan_bliss_resort-details-rishikesh.html	MakeMyTrip					unreadable	g-ChIJvYik3EAjCTkRN1YTvMqHqZM	2026-10-07		title				chrome-error://chromewebdata/
https://www.makemytrip.com/hotels/deepa_uniyal-details-rishikesh.html	MakeMyTrip					unreadable	g-ChIJvYik3EAjCTkRN1YTvMqHqZM	2026-10-07		title				chrome-error://chromewebdata/
https://www.agoda.com/hotel-shyalik-palace/hotel/uttarkashi-in.html	Agoda	11 Best Hotels in Uttarkashi, India				no pin	g-ChIJeV9XAABJCTkRPSa9crlZJUY	2026-10-07		meta			bookable	https://www.agoda.com/city/uttarkashi-in.html
https://www.booking.com/hotel/in/tapovan-hills-near-secret-waterfall.html	Booking.com	Tapovan Hills Near Secret Waterfall	30.1340168334037	78.3202005230365	rishikesh	ok	stay-blessed-2-bhk-hill-view-upper-tapovan-quiet-and-serene	2026-10-07	Hotel	ld	Secret Waterfall Rd Tapovan Hills	249192	rated,bookable	https://www.booking.com/hotel/in/tapovan-hills-near-secret-waterfall.html
https://www.booking.com/hotel/in/mount-view-inn-rishikesh.html	Booking.com	Hotel Mount View Inn with terrace Ganga view- near Laxman jhula, Tapovan Rishikesh	30.1285804231917	78.3216976349412	rishikesh	ok	ganga-tapovan-room	2026-10-07	Hotel	ld	Main market behind peepal tree, Near Laxman jhula road, Tapovan Rishikesh	249192	rated,bookable	https://www.booking.com/hotel/in/mount-view-inn-rishikesh.html
https://www.booking.com/hotel/in/camp-ganga-kinare-by-stayapart.html	Booking.com	Camp Ganga Ki Chhor Per By StayApart	30.1367375	78.3938906	rishikesh	ok	g-ChIJs8pvPssXCTkRdeZfg1s5ybs	2026-10-07	Hotel	ld	49PV+MHR Shivpuri Shivpuri, Kota, Uttarakhand 249192	249192		https://www.booking.com/hotel/in/camp-ganga-kinare-by-stayapart.html
https://www.booking.com/hotel/in/the-gold-regency-haridwar.html	Booking.com	Hotel Tara ji Bliss	29.9727449520744	78.175872353927	haridwar	ok	bliss-agk-a-top-rated-property-in	2026-10-07	Hotel	ld	Hotel The Gold Regency near Sukhi nadi Haridwar	249401	rated	https://www.booking.com/hotel/in/the-gold-regency-haridwar.html
https://www.booking.com/hotel/in/radisson-blu.html	Booking.com	Yashail Hotel Haridwar	29.94563845407695	78.07575702667236	haridwar	ok	g-ChIJtTHEa6g4CTkREGihoa_4Dk0	2026-10-07	Hotel	ld	Plot No C-1, Sector 12	249403	rated,bookable	https://www.booking.com/hotel/in/radisson-blu.html
https://www.booking.com/hotel/in/around-stays-kedar-inn-tapovan-rishikesh.html	Booking.com					unreadable	g-ChIJ9fSExkgWCTkRJOjZcVmQe7U	2026-10-07		title				https://www.booking.com/hotel/in/around-stays-kedar-inn-tapovan-rishikesh.html
https://www.booking.com/hotel/in/heaven-view-home-stay.html	Booking.com	Heaven View Home Stay !! Ganga View Room	30.126083	78.3288179	rishikesh	ok	g-ChIJKwXnfD8PCTkRGudk3ubSfcg	2026-10-07	Hotel	ld	Heaven View Home Stay, Sacha Dham Road Laxman Jhula Rishikesh	249192	rated	https://www.booking.com/hotel/in/heaven-view-home-stay.html
https://www.booking.com/hotel/in/aloha-on-the-ganges-2bhk-ganga-facing-424.html	Booking.com	ALOHA On The Ganges 2BHK Ganga Facing 424	30.1310035	78.3286046	rishikesh	ok	g-ChIJs9Ibu1oWCTkRn4tTOZ1RNHE	2026-10-07	Hotel	ld	Aloha On The Ganges, Rishikesh B1-424	249192	bookable	https://www.booking.com/hotel/in/aloha-on-the-ganges-2bhk-ganga-facing-424.html
https://www.oyorooms.com/75002/	OYO	OYO 46427 Hotel Swastik Home	29.970541	78.172195	haridwar	ok	g-ChIJdyrytwFHCTkRELG6WjWXX9A	2026-10-07	Hotel	ld	Haridwar		rated,bookable	https://www.oyorooms.com/75002/
https://www.oyorooms.com/270612/	OYO	Hotel O Chotiwala	29.98135929	78.18301678	haridwar	ok	chotiwala-restaurant	2026-10-07	Hotel	ld	Haridwar		rated,bookable	https://www.oyorooms.com/270612/
https://www.oyorooms.com/262891/	OYO	OYO 831258 Hotel Prakash Residency	30.1104263	78.3019199	rishikesh	ok	g-ChIJc0yiCQAjCTkRW-3THhjagow	2026-10-07	Hotel	ld	Rishikesh		rated,bookable	https://www.oyorooms.com/262891/
https://www.oyorooms.com/208917/	OYO	POP 81142C Ojsvi Inn	29.9456906	78.16424780000001	haridwar	ok	g-ChIJhxERRABJCTkR2yTXAc20yGY	2026-10-07	Hotel	ld	Haridwar		rated,bookable	https://www.oyorooms.com/208917/
https://www.booking.com/hotel/in/rishikesh-home-stay-rishikesh6.html	Booking.com	Rishikesh Home stay	30.1311371068406	78.322166012416	rishikesh	ok	g-ChIJ6btIfgA_CTkRcNaygNULju0	2026-10-07	Hotel	ld	Balaknath Road	249192		https://www.booking.com/hotel/in/rishikesh-home-stay-rishikesh6.hi.html
https://www.booking.com/hotel/in/85-the-ganges-1-bhk-apartment-for-homestay.html	Booking.com	Homestay at Rishikesh	30.064087396974	78.276521893816	rishikesh	ok	g-ChIJGVYJlholCTkRpCaEMr3SoAw	2026-10-07	Hotel	ld	Virbhadra Road 85 The Ganges	249202	rated	https://www.booking.com/hotel/in/85-the-ganges-1-bhk-apartment-for-homestay.hi.html
https://www.booking.com/hotel/in/the-rampour-a-brigadiers-cottage-collection.html	Booking.com	The Rampour Rishikesh - A Brigadiers Cottage Collection	30.132167174288675	78.32473864536895	rishikesh	ok	g-ChIJUbNdj_gWCTkRJOXRdocPJTo	2026-10-07	Hotel	ld	The Rampour - A Brigadiers Cottage Collection	249201	rated	https://www.booking.com/hotel/in/the-rampour-a-brigadiers-cottage-collection.hi.html
https://www.booking.com/hotel/in/collection-o-70356-apple-grand.html	Booking.com	Hotel O Apple Grand	29.9863379	78.1853677	haridwar	ok	g-ChIJ72mD3Is_CTkR6mshuYCNQAc	2026-10-07	Hotel	ld	Shivam Enclave, Near Shivdham Gali Plot Number 4, Shivam Enclave, Near Shivdham Gali, BhupatwalaBhupatwala	246149	rated	https://www.booking.com/hotel/in/collection-o-70356-apple-grand.hi.html
https://www.oyorooms.com/101136/	OYO	OYO 72381 Vip Residency	29.9976268106609	78.1890647672117	haridwar	ok	g-ChIJiWKyp0xHCTkRumAEbCXa8lc	2026-10-07	Hotel	ld	Haridwar		rated,bookable	https://www.oyorooms.com/101136/
https://www.oyorooms.com/5735/	OYO	OYO Rooms 046 Clarks Inn Haridwar	29.9884329	78.1848338	haridwar	ok	g-ChIJiWKyp0xHCTkRumAEbCXa8lc	2026-10-07	Hotel	ld	Haridwar		rated,bookable	https://www.oyorooms.com/5735/
https://www.oyorooms.com/221130/	OYO	Hotel O Virasat Residency	29.94713638816364	78.15787429832893	haridwar	ok	g-ChIJTVkdAPxJCTkR3TErboU53ic	2026-10-07	Hotel	ld	Haridwar		rated,bookable	https://www.oyorooms.com/221130/
https://www.oyorooms.com/85764/	OYO	OYO 63648 Hotel New Chotiwala	29.980637	78.182503	haridwar	ok	chotiwala-restaurant	2026-10-07	Hotel	ld	Haridwar		rated,bookable	https://www.oyorooms.com/85764/
https://www.makemytrip.com/hotels/tripta_guest_house-details-rishikesh.html	MakeMyTrip					unreadable	the-house	2026-10-07		title				chrome-error://chromewebdata/
https://www.makemytrip.com/hotels/welcome_home-details-rishikesh.html	MakeMyTrip					unreadable	the-house	2026-10-07		title				chrome-error://chromewebdata/
https://www.makemytrip.com/hotels/hotel_tourist_home_restaurant-details-rishikesh.html	MakeMyTrip					unreadable	the-house	2026-10-07		title				chrome-error://chromewebdata/
https://www.easemytrip.com/hotels/rishikesh-emthotel-2522977/	EaseMyTrip	502				no pin	the-house	2026-10-07		title				https://www.easemytrip.com/hotels/rishikesh-emthotel-2522977/
