key	name	city	area	search_log	status
aananda	Hotel Aananda	haridwar	Rishikesh Road & Motichur	searched: Booking.com, MakeMyTrip, Goibibo, Agoda, Airbnb, EaseMyTrip, Hotels.com, Expedia; nothing matched [results-ag3.tsv]	retry
aashiyana-haridwar	Hotel Aashiyana	haridwar	Jwalapur	searched: Booking.com, MakeMyTrip, Goibibo, Agoda, Airbnb, EaseMyTrip, Hotels.com, Expedia; nothing matched [results-ag3.tsv]	retry
apt-rasa-the-ganges-rishikesh-ganga-bhumi	Rasa – The Ganges Rishikesh, Ganga Bhumi Apartment	rishikesh	Nirmal Bagh near Ganges	antigravity link rejected by the name rule: Booking.com "juSTa Luxe Rasa Retreat & Spa, Rishikesh, Bijni (updated prices 2027)" [results-ag1.tsv]	retry
aura-residency-a-unit-of-sitara-group-road-haridwar	Jhula Hotel	rishikesh	Tapovan	searched: Booking.com, MakeMyTrip, Goibibo, Agoda, Airbnb, EaseMyTrip, Hotels.com, Expedia; nothing matched [results-ag2.tsv]	retry
awesome-property-someone-will-love-to-live-rishikesh	Awesome Property Someone Will Love to Live	rishikesh	AIIMS Rishikesh	searched: Booking.com, MakeMyTrip, Goibibo, Agoda, Airbnb, EaseMyTrip, Hotels.com, Expedia; nothing matched [results-ag3.tsv]	retry
ayuskama-ayurveda-yoga-retreat-center	Ayuskama Ayurveda Yoga Retreat Center Hotel	rishikesh	Tapovan	searched: Booking.com, MakeMyTrip, Goibibo, Agoda, Airbnb, EaseMyTrip, Hotels.com, Expedia; nothing matched [results-ag3.tsv]	retry
baseraa	Baseraa Hotel	rishikesh	Triveni Ghat	searched: Booking.com, MakeMyTrip, Goibibo, Agoda, Airbnb, EaseMyTrip, Hotels.com, Expedia; nothing matched [results-ag2.tsv]	retry
bhandari-home-stay	Bhandari Home Stay	rishikesh	Tapovan	searched: Booking.com, MakeMyTrip, Goibibo, Agoda, Airbnb, EaseMyTrip, Hotels.com, Expedia; nothing matched [results-ag3.tsv]	retry
bk-kutter-fully-air-conditioned-hotel-lift-wifi	Hotel Bk Kutter ! Haridwar Fully Air – Conditioned Hotel, Lift – WiFi and Restaurant Available, Near Ganga Ghaat and Mansa Devi Temple	haridwar	Har Ki Pauri	searched: Booking.com, MakeMyTrip, Goibibo, Agoda, Airbnb, EaseMyTrip, Hotels.com, Expedia; nothing matched [results-ag3.tsv]	retry
blue-pine	Hotel Blue Pine Raiwala	haridwar	Bhupatwala	searched: Booking.com, MakeMyTrip, Goibibo, Agoda, Airbnb, EaseMyTrip, Hotels.com, Expedia; nothing matched [results-ag3.tsv]	retry
blue-river-hostel	Blue River Hostel	rishikesh	Tapovan	searched: Booking.com, MakeMyTrip, Goibibo, Agoda, Airbnb, EaseMyTrip, Hotels.com, Expedia; nothing matched [results-ag2.tsv]	retry
blue-sky	Hotel Blue Sky	haridwar	Upper Road & Mayapur	searched: Booking.com, MakeMyTrip, Goibibo, Agoda, Airbnb, EaseMyTrip, Hotels.com, Expedia; nothing matched [results-ag3.tsv]	retry
bnb-rest	Rishikesh Rest Bed & Breakfast	rishikesh	Dehradun Road	searched: Booking.com, MakeMyTrip, Goibibo, Agoda, Airbnb, EaseMyTrip, Hotels.com, Expedia; nothing matched [results-ag4.tsv]	retry
bonfire-hostels	Bonfire Hostels	rishikesh	Tapovan	searched: Booking.com, MakeMyTrip, Goibibo, Agoda, Airbnb, EaseMyTrip, Hotels.com, Expedia; nothing matched [antigravity unfound list]	retry
budget-stay-in-the-city-center	Budget Stay in the City Center	rishikesh	Dehradun Road	searched: Booking.com, MakeMyTrip, Goibibo, Agoda, Airbnb, EaseMyTrip, Hotels.com, Expedia; nothing matched [results-ag2.tsv]	retry
by-petals-inn	Rishikesh Inn by Petals	rishikesh	Tapovan	searched: Booking.com, MakeMyTrip, Goibibo, Agoda, Airbnb, EaseMyTrip, Hotels.com, Expedia; nothing matched [results-ag4.tsv]	retry
city-empire	Hotel La Meridian Managed by Sitara Group	haridwar	Kharkhari	searched: Booking.com, MakeMyTrip, Goibibo, Agoda, Airbnb, EaseMyTrip, Hotels.com, Expedia; nothing matched [results-ag2.tsv]	retry
city-heritage-haridwar	Hotel City Heritage	haridwar	Upper Road & Mayapur	searched: Booking.com, MakeMyTrip, Goibibo, Agoda, Airbnb, EaseMyTrip, Hotels.com, Expedia; nothing matched [results-ag3.tsv]	retry
crystal	Hotel Crystal	haridwar	Shantikunj & Saptrishi	antigravity link rejected by the name rule: Booking.com "Hotel Crystal Ganga Heights 5 Min from Har Ki Pauri, Haridwār (updated prices 2027)" [results-ag1.tsv]	retry
devoy-1	Hotel Devoy Inn	rishikesh	Ram Jhula	searched: Booking.com, MakeMyTrip, Goibibo, Agoda, Airbnb, EaseMyTrip, Hotels.com, Expedia; nothing matched [results-ag2.tsv]	retry
dreamland	Hotel Dreamland	haridwar	Delhi Road	searched: Booking.com, MakeMyTrip, Goibibo, Agoda, Airbnb, EaseMyTrip, Hotels.com, Expedia; nothing matched [results-ag3.tsv]	retry
elevate-nirvana	Hotel Elevate Nirvana	rishikesh	Laxman Jhula	searched: Booking.com, MakeMyTrip, Goibibo, Agoda, Airbnb, EaseMyTrip, Hotels.com, Expedia; nothing matched [results-ag2.tsv]	retry
foothill-by-around-stays-tapovan	Hotel Foothill by Around Stays Tapovan	rishikesh	Tapovan	searched: Booking.com, MakeMyTrip, Goibibo, Agoda, Airbnb, EaseMyTrip, Hotels.com, Expedia; nothing matched [antigravity unfound list]	retry
fortune-ganga	Hotel Fortune Ganga	haridwar	Ranipur & BHEL	antigravity link rejected by the name rule: Booking.com "Hotel Crystal Ganga Heights 5 Min from Har Ki Pauri, Haridwār (updated prices 2027)" [results-ag1.tsv]	retry
gagandeep	Hotel Gagandeep	haridwar	Har Ki Pauri	searched: Booking.com, MakeMyTrip, Goibibo, Agoda, Airbnb, EaseMyTrip, Hotels.com, Expedia; nothing matched [results-ag3.tsv]	retry
ganga-aamantran	Hotel Ganga Aamantran	haridwar	Railway Station	antigravity link rejected by the name rule: Booking.com "Hotel Crystal Ganga Heights 5 Min from Har Ki Pauri, Haridwār (updated prices 2027)" [results-ag1.tsv]	retry
ganga-amrit-near-railway-station	Hotel Ganga Amrit	haridwar	Railway Station	antigravity link rejected by the name rule: Booking.com "Hotel Crystal Ganga Heights 5 Min from Har Ki Pauri, Haridwār (updated prices 2027)" [results-ag1.tsv]	retry
ganga-view	Hotel Ganga View	haridwar	Ranipur & BHEL	antigravity link rejected by the name rule: Booking.com "Hotel Crystal Ganga Heights 5 Min from Har Ki Pauri, Haridwār (updated prices 2027)" [results-ag1.tsv]	retry
gange-a-luxuries-stay-haridwar	Hotel Gange – A Luxuries Stay	haridwar	Rishikesh Road & Motichur	searched: Booking.com, MakeMyTrip, Goibibo, Agoda, Airbnb, EaseMyTrip, Hotels.com, Expedia; nothing matched [results-ag2.tsv]	retry
gopi-dham-ashram-near-shanti-kunj	Hotel Gopi Dham Ashram Haridwar near Shanti Kunj	haridwar	Shantikunj & Saptrishi	searched: Booking.com, MakeMyTrip, Goibibo, Agoda, Airbnb, EaseMyTrip, Hotels.com, Expedia; nothing matched [results-ag3.tsv]	retry
greenland-swiss-cottage	Greenland Swiss Cottage	rishikesh	Tapovan	antigravity link rejected by the name rule: Booking.com "Swiss Cottage and Spa by Salvus, Rishīkesh (updated prices 2027)" [results-ag1.tsv]	retry
grey-castle	Hotel Grey Castle	haridwar	Railway Station	searched: Booking.com, MakeMyTrip, Goibibo, Agoda, Airbnb, EaseMyTrip, Hotels.com, Expedia; nothing matched [results-ag3.tsv]	retry
grg-pardesi	Grg Pardesi Hotel	haridwar	Upper Road & Mayapur	antigravity link rejected by the name rule: Booking.com "Hotel Pardesi,Har ki pauri Road Haridwar, Haridwār (updated prices 2027)" [results-ag1.tsv]	retry
har-ki-pauri-by-around-stays	Hotel Har Ki Pauri by Around Stays	haridwar	Har Ki Pauri	searched: Booking.com, MakeMyTrip, Goibibo, Agoda, Airbnb, EaseMyTrip, Hotels.com, Expedia; nothing matched [results-ag3.tsv]	retry
haven	Hotel Haven	rishikesh	Tapovan	antigravity link rejected by the name rule: Booking.com "Arista Haven Hotel, Rishīkesh (updated prices 2027)" [results-ag1.tsv]	retry
himalaya-rishikesh	Hotel Himalaya	rishikesh	Dehradun Road	searched: Booking.com, MakeMyTrip, Goibibo, Agoda, Airbnb, EaseMyTrip, Hotels.com, Expedia; nothing matched [results-ag2.tsv]	retry
holiday-home	Rishikesh Holiday Home	rishikesh	Tapovan	searched: Booking.com, MakeMyTrip, Goibibo, Agoda, Airbnb, EaseMyTrip, Hotels.com, Expedia; nothing matched [results-ag4.tsv]	retry
hostel-hide-in-rishikesh-laxman-jhula	Hide – In Rishikesh, Laxman Jhula Hostel	rishikesh	Tapovan	searched: Booking.com, MakeMyTrip, Goibibo, Agoda, Airbnb, EaseMyTrip, Hotels.com, Expedia; nothing matched [antigravity unfound list]	retry
hostel-namaste-by-karwaanlife	Namaste by Karwaanlife, Rishikesh Hostel	rishikesh	Tapovan	searched: Booking.com, MakeMyTrip, Goibibo, Agoda, Airbnb, EaseMyTrip, Hotels.com, Expedia; nothing matched [antigravity unfound list]	retry
hotel-haridwar-26	Hotel City Ganga Kusha Ghat	haridwar	Har Ki Pauri	searched: Booking.com, MakeMyTrip, Goibibo, Agoda, Airbnb, EaseMyTrip, Hotels.com, Expedia; nothing matched [results-ag2.tsv]	retry
hotel-haridwar-3	Hotel Grey Castle near Haridwar Railway Station by Perfect Stayz	haridwar	Railway Station	searched: Booking.com, MakeMyTrip, Goibibo, Agoda, Airbnb, EaseMyTrip, Hotels.com, Expedia; nothing matched [results-ag3.tsv]	retry
hotel-rishikesh-271	Hotel Arti Cottage	rishikesh	Triveni Ghat	antigravity link rejected by the name rule: Booking.com "Arti cottage feel like home, Rishīkesh (updated prices 2027)" [results-ag1.tsv]	retry
hotel-rishikesh-31	Breakfree Backpacker Panda	rishikesh	Tapovan	searched: Booking.com, MakeMyTrip, Goibibo, Agoda, Airbnb, EaseMyTrip, Hotels.com, Expedia; nothing matched [results-ag3.tsv]	retry
hotel-rishikesh-41	Bmg Serviced Suites	rishikesh	Veerbhadra Temple	searched: Booking.com, MakeMyTrip, Goibibo, Agoda, Airbnb, EaseMyTrip, Hotels.com, Expedia; nothing matched [results-ag3.tsv]	retry
house-gayatri-near-railway-station-ganga-ghat-best-hotel-in	Hotel Gayatri Guest House Haridwar near Railway Station – Ganga Ghat – Best Hotel in Haridwar	haridwar	Railway Station	searched: Booking.com, MakeMyTrip, Goibibo, Agoda, Airbnb, EaseMyTrip, Hotels.com, Expedia; nothing matched [results-ag3.tsv]	retry
house-maa-vaibhav-laxmi-rishikesh	Maa Vaibhav Laxmi Guest House	rishikesh	Tapovan	antigravity link rejected by the name rule: Agoda "Maa Vaibhav Laxmi Guest House" [results-ag1.tsv]	retry
house-rajasthan	Rajasthan Guest House	rishikesh	Laxman Jhula	searched: Booking.com, MakeMyTrip, Goibibo, Agoda, Airbnb, EaseMyTrip, Hotels.com, Expedia; nothing matched [results-ag4.tsv]	retry
laxmi	Hotel Laxmi Inn	haridwar	Har Ki Pauri	searched: Booking.com, MakeMyTrip, Goibibo, Agoda, Airbnb, EaseMyTrip, Hotels.com, Expedia; nothing matched [results-ag2.tsv]	retry
luxury-property	Rishikesh Luxury Property	rishikesh	Ram Jhula	searched: Booking.com, MakeMyTrip, Goibibo, Agoda, Airbnb, EaseMyTrip, Hotels.com, Expedia; nothing matched [results-ag4.tsv]	retry
midtown	Hotel Midtown	haridwar	Upper Road & Mayapur	searched: Booking.com, MakeMyTrip, Goibibo, Agoda, Airbnb, EaseMyTrip, Hotels.com, Expedia; nothing matched [results-ag6.tsv]	retry
mm	Hotel Mm Inn	rishikesh	Dehradun Road	searched: Booking.com, MakeMyTrip, Goibibo, Agoda, Airbnb, EaseMyTrip, Hotels.com, Expedia; nothing matched [results-ag2.tsv]	retry
montreal-by-madhuban-inn	Montreal by Madhuban Inn	rishikesh	Veerbhadra Temple	searched: Booking.com, MakeMyTrip, Goibibo, Agoda, Airbnb, EaseMyTrip, Hotels.com, Expedia; nothing matched [antigravity unfound list]	retry
namay-by-t-and-m-hotels-inn	Namay Inn by T and M Hotels	haridwar	Railway Station	searched: Booking.com, MakeMyTrip, Goibibo, Agoda, Airbnb, EaseMyTrip, Hotels.com, Expedia; nothing matched [results-ag2.tsv]	retry
ndbl-a-four-star-luxury-hotel-resort-near-har-ke	Hotel the Pacific Paradise, Opposite Shantikunj	haridwar	Shantikunj & Saptrishi	searched: 3 searches (google/bing/brave), opened up to 3 booking-site links per page; nothing matched [results-cl0.tsv]	none
perfect-stayz-premium-forest-valley-near-waterfall	Perfectstayz Value Forest Valley near Waterfall	rishikesh	Tapovan	searched: Booking.com, MakeMyTrip, Goibibo, Agoda, Airbnb, EaseMyTrip, Hotels.com, Expedia; nothing matched [antigravity unfound list]	retry
prayag	Hotel Prayag Inn	haridwar	Bhupatwala	searched: Booking.com, MakeMyTrip, Goibibo, Agoda, Airbnb, EaseMyTrip, Hotels.com, Expedia; nothing matched [antigravity unfound list]	retry
quick-hotels-shreekanth	Quick Hotels Shreekanth	rishikesh	Tapovan	searched: Booking.com, MakeMyTrip, Goibibo, Agoda, Airbnb, EaseMyTrip, Hotels.com, Expedia; nothing matched [results-ag2.tsv]	retry
raahi-the-travellers-nest	Raahi the Travellers Nest Hotel	rishikesh	Tapovan	antigravity link rejected by the name rule: Booking.com "Ivory Nest, Rishīkesh (updated prices 2027)" [results-ag1.tsv]	retry
rama-best-selling-property-in	Hotel Rama – Best Selling Property in Haridwar	haridwar	Har Ki Pauri	earlier none came from the faulty 2-worker run (mixed-up tabs, too-strict name rule): search again after all new stays [results-cl0.tsv]	retry
ramawati-top-rated-most-awarded-hotel-in	Sitara Premium the Royal Dot, Haridwar Hotel	haridwar	Rishikesh Road & Motichur	searched: Booking.com, MakeMyTrip, Goibibo, Agoda, Airbnb, EaseMyTrip, Hotels.com, Expedia; nothing matched [results-ag2.tsv]	retry
ramaya-stay	Ramaya Stay	rishikesh	Haridwar Road	searched: Booking.com, MakeMyTrip, Goibibo, Agoda, Airbnb, EaseMyTrip, Hotels.com, Expedia; nothing matched [results-ag4.tsv]	retry
resort-gardenia-spa	Gardenia Hotel Spa & Resort	haridwar	Ranipur & BHEL	antigravity link rejected by the name rule: Booking.com "Garden View Hotel And Spa, Haridwār (updated prices 2027)" [results-ag1.tsv]	retry
resort-hill-view-by-first-time-hotelsand	Hotel Hill View by First Time Hotelsand Resort	haridwar	Shantikunj & Saptrishi	searched: Booking.com, MakeMyTrip, Goibibo, Agoda, Airbnb, EaseMyTrip, Hotels.com, Expedia; nothing matched [results-ag3.tsv]	retry
resort-himalayan	Himalayan Resort	rishikesh	Tapovan	searched: Booking.com, MakeMyTrip, Goibibo, Agoda, Airbnb, EaseMyTrip, Hotels.com, Expedia; nothing matched [results-ag4.tsv]	retry
resort-pride-luxury-by-hospitality-essantials	Pride Inn Luxury Resort by Hospitality Essantials	rishikesh	Neelkanth Road	antigravity link rejected by the name rule: Agoda "Pride Inn Luxury Resort" [results-ag1.tsv]	retry
resort-raj-rishikesh	Raj Resort	rishikesh	Tapovan	searched: Booking.com, MakeMyTrip, Goibibo, Agoda, Airbnb, EaseMyTrip, Hotels.com, Expedia; nothing matched [results-ag4.tsv]	retry
resort-rattapani	Rattapani Resort	rishikesh	Elsewhere in Rishikesh	searched: Booking.com, MakeMyTrip, Goibibo, Agoda, Airbnb, EaseMyTrip, Hotels.com, Expedia; nothing matched [results-ag4.tsv]	retry
resort-sitara-premium-ndbl-a-four-star-luxury-hotel-near	Hotel Ramawati Classic near Ganga Ghat	haridwar	Kankhal	earlier none came from the faulty 2-worker run (mixed-up tabs, too-strict name rule): search again after all new stays [results-cl0.tsv]	retry
rudraksh-haridwar	Hotel Rudraksh	haridwar	Railway Station	searched: Booking.com, MakeMyTrip, Goibibo, Agoda, Airbnb, EaseMyTrip, Hotels.com, Expedia; nothing matched [results-ag2.tsv]	retry
sadan-a-yoga-and-spritual-retreat	Rishikesh Sadan A Yoga and Spritual Retreat Hotel	rishikesh	Laxman Jhula	searched: Booking.com, MakeMyTrip, Goibibo, Agoda, Airbnb, EaseMyTrip, Hotels.com, Expedia; nothing matched [results-ag4.tsv]	retry
sailani-lostels	Sailani Lostels	rishikesh	Tapovan	searched: Booking.com, MakeMyTrip, Goibibo, Agoda, Airbnb, EaseMyTrip, Hotels.com, Expedia; nothing matched [results-ag4.tsv]	retry
samadhi-ashram	Samadhi Ashram Hotel	rishikesh	Laxman Jhula	searched: Booking.com, MakeMyTrip, Goibibo, Agoda, Airbnb, EaseMyTrip, Hotels.com, Expedia; nothing matched [results-ag4.tsv]	retry
samani-homestay	Samani Homestay	rishikesh	Tapovan	searched: Booking.com, MakeMyTrip, Goibibo, Agoda, Airbnb, EaseMyTrip, Hotels.com, Expedia; nothing matched [results-ag4.tsv]	retry
sarwatma-dham-ashram	Sarwatma Dham Ashram Hostel	rishikesh	Dehradun Road	searched: Booking.com, MakeMyTrip, Goibibo, Agoda, Airbnb, EaseMyTrip, Hotels.com, Expedia; nothing matched [results-ag2.tsv]	retry
shanti-pacific-jamb	Hotel Royal Dot	haridwar	Kharkhari	earlier none came from the faulty 2-worker run (mixed-up tabs, too-strict name rule): search again after all new stays [results-cl0.tsv]	retry
shiv-by-hotelist	Hotel Shiv Inn by Hotelist	haridwar	Railway Station	antigravity link rejected by the name rule: MakeMyTrip "Hotel Shiv Inn by T and M Hotels Haridwar" [results-ag1.tsv]	retry
shiv-dham-homestay	Rishikesh Shiv Dham Homestay	rishikesh	Elsewhere in Rishikesh	searched: Booking.com, MakeMyTrip, Goibibo, Agoda, Airbnb, EaseMyTrip, Hotels.com, Expedia; nothing matched [results-ag4.tsv]	retry
shiva-haridwar	Hotel Shiva	haridwar	Upper Road & Mayapur	antigravity link rejected by the name rule: Booking.com "Hotel Grand Shiva Haridwar Near Ganges, Haridwār (updated prices 2027)" [results-ag1.tsv]	retry
sitara-premium-the-ramawati	Sitara Premium the Ramawati, Walking Distance from Ganga Ghat	haridwar	Kankhal	earlier none came from the faulty 2-worker run (mixed-up tabs, too-strict name rule): search again after all new stays [results-cl0.tsv]	retry
skyard-premium-tapovan	Skyard Premium, Tapovan	rishikesh	Tapovan	searched: 3 searches (google/bing/brave), opened up to 3 booking-site links per page; nothing matched (Skyard Hostel is a different unit) [results-cl0.tsv]	none
soh-sound-of-himalayas-rishikesh	Soh Sound of Himalayas Hotel	rishikesh	Tapovan	searched: Booking.com, MakeMyTrip, Goibibo, Agoda, Airbnb, EaseMyTrip, Hotels.com, Expedia; nothing matched [results-ag2.tsv]	retry
spot-on-74956-dev-ganga-homestay	Spot on 74956 Dev Ganga Homestay	haridwar	Rishikesh Road & Motichur	searched: Booking.com, MakeMyTrip, Goibibo, Agoda, Airbnb, EaseMyTrip, Hotels.com, Expedia; nothing matched [results-ag8.tsv]	retry
the-for-u-a-luxury-stay	The for U – A Luxury Stay	rishikesh	Tapovan	earlier none came from the faulty 2-worker run (mixed-up tabs, too-strict name rule): search again after all new stays [results-cl0.tsv]	retry
the-hosteller-rishikesh-upper-tapovan	The Hosteller Rishikesh, Upper Tapovan	rishikesh	Tapovan	antigravity link rejected by the name rule: Booking.com "The Hosteller Rishikesh, Ganges, Rishīkesh (updated prices 2027)" [results-ag1.tsv]	retry
the-ramawati-a-four-star-luxury-near-ganga-ghat	The Ramawati – A Four Star Luxury Hotel near Ganga Ghat	haridwar	Har Ki Pauri	earlier none came from the faulty 2-worker run (mixed-up tabs, too-strict name rule): search again after all new stays [results-cl0.tsv]	retry
the-reo-lodge-haridwar	Sitara Premium Royal Dot, Haridwar Hotel	haridwar	Rishikesh Road & Motichur	searched: Booking.com, MakeMyTrip, Goibibo, Agoda, Airbnb, EaseMyTrip, Hotels.com, Expedia; nothing matched [antigravity unfound list]	retry
the-reo-twist-haridwar	Haridwar Hotel	haridwar	Bhupatwala	searched: Booking.com, MakeMyTrip, Goibibo, Agoda, Airbnb, EaseMyTrip, Hotels.com, Expedia; nothing matched [antigravity unfound list]	retry
travellers-paradise-mountain-view-by-around-stays	Around Stays – Shanti Villas, Tapovan	rishikesh	Tapovan	earlier none came from the faulty 2-worker run (mixed-up tabs, too-strict name rule): search again after all new stays [results-cl0.tsv]	retry
villa-rustic-charm	Rustic Charm Villa	rishikesh	Haridwar Road	searched: Booking.com, MakeMyTrip, Goibibo, Agoda, Airbnb, EaseMyTrip, Hotels.com, Expedia; nothing matched [results-ag4.tsv]	retry
wild-mountain-homestay	Wild Mountain Homestay	rishikesh	Elsewhere in Rishikesh	searched: Booking.com, MakeMyTrip, Goibibo, Agoda, Airbnb, EaseMyTrip, Hotels.com, Expedia; nothing matched [results-ag2.tsv]	retry
yogasthali-tapovan	Around Stays – Rising Hills, Tapovan	rishikesh	Tapovan	earlier none came from the faulty 2-worker run (mixed-up tabs, too-strict name rule): search again after all new stays [results-cl0.tsv]	retry
around-stays-rishikesh-tapovan	Around Stays Rishikesh, Tapovan	rishikesh	Tapovan	earlier link rejected by the stricter name rule: Booking.com "Around Stays-Hotel Tapovan Retreat, Tapovan, Rishikesh, Rishīkesh (updated prices 2027)" (kind-clash adds stays,hotel,retreat)	retry
hotel-haridwar-24	Hotel La Costa, By Sitara Premium	haridwar	Upper Road & Mayapur	earlier link rejected by the stricter name rule: Booking.com "Hotel LA Costa, A Luxury Hotel In Haridwar, Haridwār (updated prices 2027)" (extra-words luxury)	retry
hotel-haridwar-62	Hotel Dev	haridwar	Upper Road & Mayapur	earlier link rejected by the stricter name rule: Booking.com "HOTEL DEV GANGA, Haridwār (updated prices 2027)" (extra-words ganga)	retry
perfectstayz-alpine-near-laxman-jhula	Perfectstayz Value Alpine near Laxman Jhula	rishikesh	Laxman Jhula	earlier link rejected by the stricter name rule: Agoda "Perfectstayz Alpine Retreat Hotel (Rishikesh) - Deals, Photos & Reviews" (kind-clash adds retreat,hotel)	retry
prithvi-rishikesh	Prithvi Hotel Rishikesh – Aesthetic Rooms in Upper Tapovan with Aircon, Smart TV and Free Airport Pickup for 7 Or More Nights Booking	rishikesh	Tapovan	earlier link rejected by the stricter name rule: Booking.com "Prithvi Hotel Rishikesh - Aesthetic Rooms With Smart TV, Aircon in Upper Tapovan with free airport pickup for 7 or more nights bookings, Rishīkesh (updated prices 2027)" (core-word-missing upper)	retry
india-1	Hotel India	haridwar	Elsewhere in Haridwar	name too generic to identify on a booking site (core "Hotel India"); check by hand	manual
navira-hills-domes-rishikesh-shivpuri	Navira Hills Domes Rishikesh Hotel	rishikesh	Shivpuri & rafting belt	links found on search 1 (opera/search.brave); opened 3 booking-site link(s), none was this stay	none
mirana-house-a-tasteful-4bhk-condo-with-views	Mirana House – Tasteful, 4BHK Condo near Ram Jhula	rishikesh	Ram Jhula	links found on search 1 (chrome/search.brave); opened 2 booking-site link(s), none was this stay	none
soul-haven-on-main	Soul Haven on Main Hotel	rishikesh	Tapovan	links found on search 1 (brave/search.brave); opened 3 booking-site link(s), none was this stay	none
shiva-palace-at-mayapur-road	Hotel Shiva Palace near Railway Station and Bus Stand	haridwar	Upper Road & Mayapur	links found on search 1 (chrome/google.es); opened 3 booking-site link(s), none was this stay	none
hotel-rishikesh-16	Prithvi Yatra	rishikesh	Dehradun Road	links found on search 1 (opera/bing(us)); opened 1 booking-site link(s), none was this stay	none
la-casa-bonita-boutique-home-in-tapovan	La Casa Bonita – Boutique Homestay	rishikesh	Tapovan	links found on search 1 (opera/bing(in)); opened 1 booking-site link(s), none was this stay	none
hotel-kankhal-7	Hotel O Shauryam	haridwar	Har Ki Pauri	links found on search 1 (edge/bing(ca)); opened 2 booking-site link(s), none was this stay; pages would not load: Booking.com	retry
the-pacific-paradise	Hotel the Pacific Paradise	haridwar	Shantikunj & Saptrishi	links found on search 1 (edge/search.brave); opened 2 booking-site link(s), none was this stay	none
shivaay	Hotel Shivaay	haridwar	Bhupatwala	links found on search 1 (chrome/google.co.in); opened 3 booking-site link(s), none was this stay	none
fabhotel-uv	Fabhotel Uv	rishikesh	Tapovan	links found on search 2 (chrome/google.de); opened 1 booking-site link(s), none was this stay	none
royal-respite-best-awarded-property-in-with-open	Hotel Rishikesh Paradise – Best Stay in Tapovan, Guests Favourite, Travellers Delight !!	rishikesh	Tapovan	links found on search 2 (edge/search.brave); opened 3 booking-site link(s), none was this stay	none
hotel-haridwar-11	Prithvi Yatra Shri Krishna Residency	haridwar	Rishikesh Road & Motichur	links found on search 1 (edge/bing(ca)); opened 1 booking-site link(s), none was this stay	none
extended-stay	Extended Stay	rishikesh	Nirmal Bagh near Ganges	links found on search 2 (opera/search.brave); opened 1 booking-site link(s), none was this stay	none
treebo-tropical-roots-bhupatwala	Treebo Royal Mirage, Bhoopatwala Hotel	haridwar	Bhupatwala	searched: 3 searches (google/bing/brave), no booking-site links on any results page	none
resort-the-waterfront	The Waterfront Resort	rishikesh	Shivpuri & rafting belt	links found on search 1 (opera/bing(in)); opened 1 booking-site link(s), none was this stay	none
alaknanda	Hotel Alaknanda	haridwar	Upper Road & Mayapur	links found on search 1 (webkit/bing(de)); opened 1 booking-site link(s), none was this stay	none
keshav-haridwar	Keshav Hotel	haridwar	Rishikesh Road & Motichur	links found on search 1 (brave/bing(ca)); opened 1 booking-site link(s), none was this stay	none
best-stay-by-hariganga	Hotel Best Stay by Hariganga	haridwar	Upper Road & Mayapur	links found on search 1 (opera/bing(in)); opened 2 booking-site link(s), none was this stay	none
mantra	Hotel Mantra Inn	haridwar	Kharkhari	links found on search 1 (opera/search.brave); opened 3 booking-site link(s), none was this stay	none
prithvi-aesthetic-room-in-upper-tapovan-with-tv	Prithvi Hotel – Aesthetic Room in Upper Tapovan with TV, AC and Free Airport Pickup for 7 Or More Nights Bookings	rishikesh	Tapovan	links found on search 3 (chrome/google.co.uk); opened 3 booking-site link(s), none was this stay	none
the-reo-palace	Hotel the Reo Palace	haridwar	Railway Station	searched: 3 searches (google/bing/brave), no booking-site links on any results page	none
hotel-haridwar-14	The Meridian	haridwar	Railway Station	links found on search 1 (opera/bing(ca)); opened 1 booking-site link(s), none was this stay	none
tara-bliss	Hotel Tara Bliss	haridwar	Rishikesh Road & Motichur	links found on search 2 (webkit/bing(us)); opened 1 booking-site link(s), none was this stay	none
hotel-rishikesh-84	Cohost Laxman Jhula Regency Resort	rishikesh	Laxman Jhula	links found on search 2 (chrome/google.com.au); opened 3 booking-site link(s), none was this stay	none
4-you-with-open-rooftop-cafe	Hotel 4 You – With Open Rooftop Cafe	rishikesh	Tapovan	links found on search 2 (opera/search.brave); opened 2 booking-site link(s), none was this stay	none
hotel-rishikesh-42	Shantimakaan – Price Include Accomodation & Panchakarma and Yoga	rishikesh	Laxman Jhula	links found on search 1 (opera/bing(ca)); opened 1 booking-site link(s), none was this stay	none
cozy-corner-at-tapovan-c4	Cozy Corner at Tapovan, C4	rishikesh	Tapovan	searched: 3 searches (google/bing/brave), no booking-site links on any results page	none
dev-palace-by-wb	Hotel Dev Palace by Wb Inn	rishikesh	Tapovan	links found on search 1 (opera/search.brave); opened 3 booking-site link(s), none was this stay; pages would not load: Booking.com, Agoda, MakeMyTrip	retry
the-narayana-palace-by-salvus	The Narayana Palace by Salvus Hotel	rishikesh	Tapovan	searched: 3 searches (google/bing/brave), no booking-site links on any results page	none
bnb-the-see-some	The See Some Bed & Breakfast	rishikesh	Tapovan	links found on search 2 (brave/search.brave); opened 1 booking-site link(s), none was this stay	none
vasundhara	Hotel Vasundhara	haridwar	Har Ki Pauri	links found on search 1 (brave/search.brave); opened 3 booking-site link(s), none was this stay	none
oyo-22301-sound-sleep	OYO 22301 Hotel Sound Sleep	rishikesh	Veerbhadra Temple	searched: 3 searches (google/bing/brave), no booking-site links on any results page	none
budget-friendly-modern-1bhk-flat-lift-parking-kitchen	Budget Friendly Modern 1BHK Flat Lift Parking Kitchen Nr Laxman Jhulla and Beach	rishikesh	Tapovan	links found on search 2 (webkit/search.brave); opened 3 booking-site link(s), none was this stay	none
navgrah-palace	Fabhotel Nakshatra Palace	haridwar	Shantikunj & Saptrishi	links found on search 1 (chrome/search.brave); opened 3 booking-site link(s), none was this stay	none
fabhotel-dev-palace	Fabhotel Dev Palace	haridwar	Rishikesh Road & Motichur	links found on search 1 (chrome/search.brave); opened 3 booking-site link(s), none was this stay	none
ima-ganga-aesthetic-quite-mountain-view-rooms-rishikesh	Ima Ganga Hotel – Aesthetic, Quite Mountain View Rooms with Netflix, Free Airport Pickup for 7 Or More Nights Booking, Elevator and Backup in Upper Tapovan	rishikesh	Tapovan	links found on search 1 (chrome/search.brave); opened 3 booking-site link(s), none was this stay	none
la-meridian-near-harkepauri-road	Sitara Premium La Meridian	haridwar	Har Ki Pauri	links found on search 1 (webkit/bing(us)); opened 1 booking-site link(s), none was this stay	none
river-heaven-by-tnt-ventures	Hotel River Heaven by Tnt Ventures	rishikesh	Haridwar Road	links found on search 1 (opera/bing(de)); opened 3 booking-site link(s), none was this stay; pages would not load: Agoda	retry
apt-divine-lookout	Divine Lookout Apartment	rishikesh	Laxman Jhula	links found on search 3 (edge/google.co.uk); opened 3 booking-site link(s), none was this stay	none
sitara-resorts-a-luxury-hotel-on-road-haridwar	Sitara Hotel & Resorts – A Luxury Hotel on Rishikesh Road Haridwar	rishikesh	Haridwar Road	searched: 3 searches (google/bing/brave), no booking-site links on any results page	none
siya-ram-by-dp-hotels	Hotel Siya Ram by Dp Hotels	haridwar	Bhupatwala	links found on search 2 (brave/search.brave); opened 3 booking-site link(s), none was this stay	none
divya	Hotel Divya	rishikesh	Laxman Jhula	links found on search 1 (opera/bing(de)); opened 3 booking-site link(s), none was this stay	none
damini	Damini Hotel	rishikesh	Tapovan	links found on search 1 (brave/search.brave); opened 3 booking-site link(s), none was this stay	none
hotel-rishikesh-192	Roots & Peaks Wellness Hotel	rishikesh	Tapovan	searched: 3 searches (google/bing/brave), no booking-site links on any results page	none
hariom-vidya-stays-at	Hariom Vidya Stays at Rishikesh	rishikesh	Tapovan	links found on search 1 (edge/google.co.uk); opened 1 booking-site link(s), none was this stay	none
hari-ganga-haridwar	Hari Ganga Hotel	haridwar	Rishikesh Road & Motichur	links found on search 1 (brave/search.brave); opened 3 booking-site link(s), none was this stay	none
treepie-resorts	Treepie Resorts	rishikesh	Neelkanth Road	links found on search 1 (edge/google.co.uk); opened 3 booking-site link(s), none was this stay	none
himalayan-stayz	Himalayan Stayz	rishikesh	Laxman Jhula	links found on search 1 (opera/bing(de)); opened 2 booking-site link(s), none was this stay	none
divine-ganga-luxury-comfort-travellers-delight-budget	Divine Ganga – Luxury Comfort ! Travellers Delight ! Budget Friendly ! Prime Location ! Guest Favourite	haridwar	Bhupatwala	searched: 3 searches (google/bing/brave), no booking-site links on any results page	none
kothli-hills	Kothli Hills Hotel	rishikesh	Elsewhere in Rishikesh	links found on search 1 (opera/bing(de)); opened 1 booking-site link(s), none was this stay	none
bnb-healing-house	Healing House Haridwar Bed & Breakfast	haridwar	Kankhal	links found on search 1 (brave/search.brave); opened 2 booking-site link(s), none was this stay	none
karuni	Hotel Karuni	haridwar	Har Ki Pauri	searched: 3 searches (google/bing/brave), no booking-site links on any results page	none
vb-hotels	Vb Hotels	haridwar	Rishikesh Road & Motichur	links found on search 1 (brave/search.brave); opened 2 booking-site link(s), none was this stay	none
keshav	Hotel Conifer	haridwar	Bhupatwala	links found on search 1 (brave/search.brave); opened 2 booking-site link(s), none was this stay	none
q-saina-s-k-regency	Q Saina S K Regency Rishikesh Hotel	rishikesh	Tapovan	links found on search 1 (edge/google.co.uk); opened 3 booking-site link(s), none was this stay	none
khushi-wedding-banquet-garden	Hotel Khushi & Wedding Banquet Garden	rishikesh	AIIMS Rishikesh	links found on search 1 (brave/search.brave); opened 3 booking-site link(s), none was this stay	none
resort-tree-house-cottage-by-sarvottam	Tree House Cottage by Sarvottam Resort	rishikesh	Laxman Jhula	links found on search 2 (opera/bing(de)); opened 3 booking-site link(s), none was this stay; pages would not load: Agoda	retry
hotel-rishikesh-249306	G Village Resort & Spa by Beyond Stay	rishikesh	Elsewhere in Rishikesh	links found on search 1 (opera/bing(de)); opened 1 booking-site link(s), none was this stay	none
gayatri-niwas	Gayatri Niwas Hotel	rishikesh	Tapovan	searched: 3 searches (google/bing/brave), no booking-site links on any results page	none
krishna-1	Hotel Krishna	haridwar	Bhupatwala	links found on search 1 (edge/google.co.uk); opened 3 booking-site link(s), none was this stay	none
aarogya-residency	Nouse Hotel	rishikesh	Tapovan	links found on search 1 (edge/google.co.uk); opened 1 booking-site link(s), none was this stay	none
hotel-rishikesh-147	Le Sejour Ganga View Cottage	rishikesh	Tapovan	searched: 3 searches (google/bing/brave), no booking-site links on any results page	none
luxury-shri-shyam-a-peaceful-stay-near-har-ki-paudi	Prime Park Top Rated Property in Haridwar	haridwar	Har Ki Pauri	links found on search 2 (opera/bing(de)); opened 1 booking-site link(s), none was this stay	none
apt-indrangan-near-ganga-ji-3bhk	Indrangan 3BHK By Grihasaarthi Apartment	rishikesh	Veerbhadra Temple	links found on search 1 (edge/google.co.uk); opened 3 booking-site link(s), none was this stay	none
resort-the-lily-rishikesh	The Lily Resort	rishikesh	Tapovan	searched: 3 searches (google/bing/brave), no booking-site links on any results page	none
tribe-aqua-a-nature-retreat-above-neer-waterfall	Tribe Aqua A Nature Retreat Above Neer Waterfall Hotel	rishikesh	Elsewhere in Rishikesh	links found on search 1 (opera/bing(de)); opened 1 booking-site link(s), none was this stay	none
prasanna	Hotel Prasanna Inn	rishikesh	Muni Ki Reti	links found on search 2 (edge/bing(us)); opened 1 booking-site link(s), none was this stay	none
gj-wellness-stay	Gj Wellness & Stay	rishikesh	Tapovan	links found on search 1 (opera/bing(de)); opened 2 booking-site link(s), none was this stay	none
hostel-serendipity-cats-cafe	Serendipity Hostel & Cats Cafe	rishikesh	Laxman Jhula	links found on search 1 (opera/bing(de)); opened 3 booking-site link(s), none was this stay	none
house-ramsakha	Ramsakha Guest House	haridwar	Shantikunj & Saptrishi	links found on search 3 (edge/bing(us)); opened 1 booking-site link(s), none was this stay	none
o-dev-raj	Hotel O Dev Raj	rishikesh	Laxman Jhula	links found on search 1 (edge/bing(au)); opened 2 booking-site link(s), none was this stay; pages would not load: Agoda	retry
shoolin-suites-boutique	Hotel Shoolin Suites Boutique	haridwar	Rishikesh Road & Motichur	links found on search 1 (edge/bing(au)); opened 1 booking-site link(s), none was this stay	none
around-stays-mystara-hotels-tapovan	Around Stays – Mystara Hotels, Tapovan	rishikesh	Tapovan	links found on search 1 (edge/bing(au)); opened 3 booking-site link(s), none was this stay	none
gloria	Hotel Gloria	rishikesh	Laxman Jhula	links found on search 1 (opera/bing(us)); opened 1 booking-site link(s), none was this stay	none
kedar-valley-resorts	Kedar Valley Resorts	rishikesh	Outside Rishikesh	links found on search 1 (brave/bing(gb)); opened 3 booking-site link(s), none was this stay	none
xomotel-evana-on-the-ganges	Xomotel Evana on the Ganges	rishikesh	Tapovan	links found on search 1 (edge/bing(au)); opened 3 booking-site link(s), none was this stay	none
ganga-ram-lodge	Ganga Ram Lodge	haridwar	Railway Station	links found on search 1 (edge/bing(au)); opened 2 booking-site link(s), none was this stay	none
hotel-rishikesh-260	The Divine Garden Hotel	rishikesh	Tapovan	links found on search 1 (edge/bing(au)); opened 1 booking-site link(s), none was this stay	none
goroomgo-heaven	Goroomgo Hotel Heaven	haridwar	Jwalapur	searched: 3 searches (google/bing/brave), no booking-site links on any results page	none
hotstel-rishikesh-tapovan	Hotstel Rishikesh, Tapovan	rishikesh	Tapovan	links found on search 1 (opera/bing(au)); opened 2 booking-site link(s), none was this stay	none
the-gange-hill-by-green-bird-hospitality	The Gange Hill by Green Bird Hospitality	rishikesh	Tapovan	links found on search 1 (opera/bing(au)); opened 3 booking-site link(s), none was this stay; pages would not load: Goibibo, Trip.com	retry
hotel-haridwar-27	Hotel Dua	haridwar	Railway Station	searched: 3 searches (google/bing/brave), no booking-site links on any results page	none
hostel-shanti-and-garden-cafe	Shanti Hostel and Garden Cafe	rishikesh	Tapovan	links found on search 1 (opera/bing(au)); opened 3 booking-site link(s), none was this stay	none
resort-shiv	Shiv Resort	rishikesh	Tapovan	searched: 3 searches (google/bing/brave), no booking-site links on any results page	none
olive-inn	Hotel Olive Inn	haridwar	Bhupatwala	links found on search 1 (brave/google.co.in); opened 3 booking-site link(s), none was this stay	none
hostel-annapurna-niwas	Annapurna Niwas Hostel	haridwar	Elsewhere in Haridwar	links found on search 1 (opera/bing(au)); opened 2 booking-site link(s), none was this stay	none
hill-heritage	Hill Heritage Hotel	rishikesh	Tapovan	links found on search 1 (brave/google.co.in); opened 3 booking-site link(s), none was this stay	none
hotel-rishikesh-108	Hippies' Dream	rishikesh	Laxman Jhula	links found on search 2 (edge/bing(au)); opened 2 booking-site link(s), none was this stay	none
bhagirathi-by-reet	Hotel Bhagirathi by Reet	rishikesh	Laxman Jhula	links found on search 1 (edge/bing(au)); opened 2 booking-site link(s), none was this stay	none
oasis-international-1	Hotel Oasis International	haridwar	Rishikesh Road & Motichur	links found on search 1 (opera/bing(au)); opened 3 booking-site link(s), none was this stay	none
blizz-stayz-trishul-express	Blizz Stayz – Trishul Express	haridwar	Elsewhere in Haridwar	links found on search 1 (opera/bing(ca)); opened 2 booking-site link(s), none was this stay	none
the-holiday-home-rishikesh-249192	Hotel the Holiday Home	rishikesh	Tapovan	links found on search 1 (edge/google.ae); opened 2 booking-site link(s), none was this stay	none
gange-a-comfortable-stay	Hotel Gange – A Comfortable Stay	haridwar	Kharkhari	links found on search 1 (chrome/search.brave); opened 3 booking-site link(s), none was this stay; pages would not load: Agoda	retry
ssk-periwal	Hotel Ssk Periwal	haridwar	Bhupatwala	links found on search 1 (chrome/search.brave); opened 3 booking-site link(s), none was this stay; pages would not load: Agoda	retry
jasmine	Hotel Jasmine	haridwar	SIDCUL	links found on search 1 (chrome/search.brave); opened 3 booking-site link(s), none was this stay	none
hari-ganga-harkipauri-road	Hotel Hari Ganga – Harkipauri Road	haridwar	Har Ki Pauri	links found on search 1 (chrome/search.brave); opened 3 booking-site link(s), none was this stay	none
premium-suv-idha-near-railway-station-and-temple	Hotel Premium Suv # Idha near Railway Station and Temple – Fully Air Conditioned Rooms with WiFi – Lift and Restaurant – A Luxuary Hotel	haridwar	Railway Station	searched: 3 searches (google/bing/brave), no booking-site links on any results page	none
osho-vision	Osho Vision Hotel	haridwar	Bhupatwala	links found on search 1 (webkit/bing(gb)); opened 1 booking-site link(s), none was this stay	none
resort-midway	Midway Resort	rishikesh	Raiwala & Shyampur	links found on search 1 (chrome/search.brave); opened 3 booking-site link(s), none was this stay; pages would not load: Agoda	retry
the-pacific-grand-haridwar	The Pacific Grand Haridwar Hotel	haridwar	Shantikunj & Saptrishi	searched: 3 searches (google/bing/brave), no booking-site links on any results page	none
sitara-resorts-road-haridwar	Sitara Hotel & Resorts – Rishikesh Road, Haridwar	rishikesh	Elsewhere in Rishikesh	links found on search 1 (webkit/bing(gb)); opened 1 booking-site link(s), none was this stay	none
shivanta-residency-by-wb	Hotel Shivanta Residency by Wb Inn	rishikesh	Tapovan	searched: 3 searches (google/bing/brave), no booking-site links on any results page	none
sangam-palace	Sangam Palace	rishikesh	Tapovan	links found on search 1 (chrome/search.brave); opened 3 booking-site link(s), none was this stay	none
hotel-haridwar-25	Hotel Paradise Inn & Banquet	haridwar	Rishikesh Road & Motichur	searched: 3 searches (google/bing/brave), no booking-site links on any results page	none
budget-g-a-n-g-a-a-m-r-i-t-near-park-and-railway	Haridwar Budget Hotel – G-A-N-G-A – A M R I T – Near Park and Railway Station – Full Air Conditioning and Free Wi-Fi – Parking – Hygiene & Spacious Room – Best Budget Hotel in Haridwar	haridwar	Railway Station	searched: 3 searches (google/bing/brave), no booking-site links on any results page	none
hindustan-royal-inn	Hindustan Royal Inn	haridwar	Shantikunj & Saptrishi	links found on search 1 (chrome/search.brave); opened 3 booking-site link(s), none was this stay	none
hotel-alpine	Hotel Hotel Alpine	haridwar	Upper Road & Mayapur	searched: 3 searches (google/bing/brave), no booking-site links on any results page	none
happy-place	Happy Place	rishikesh	Veerbhadra Temple	links found on search 1 (chrome/search.brave); opened 3 booking-site link(s), none was this stay	none
aashiyana-and-banquet-hall	Hotel Aashiyana and Banquet Hall	haridwar	Elsewhere in Haridwar	links found on search 3 (opera/google.ae); opened 1 booking-site link(s), none was this stay	none
fabhotel-agk-haridwar	Fabhotel Agk	haridwar	Rishikesh Road & Motichur	links found on search 1 (edge/bing(au)); opened 1 booking-site link(s), none was this stay	none
house-2-bedroom-in-tapovan	2 Bedroom Guest House in Tapovan	rishikesh	Tapovan	searched: 3 searches (google/bing/brave), no booking-site links on any results page	none
o-the-kailash	Hotel O the Kailash	haridwar	Elsewhere in Haridwar	links found on search 1 (chrome/search.brave); opened 3 booking-site link(s), none was this stay	none
shree-shyam	Hotel Raj – Shree Shyam	haridwar	Railway Station	links found on search 1 (edge/bing(au)); opened 2 booking-site link(s), none was this stay	none
divine-ganga-free-pickup-from-bus-stand-and	Hotel Divine Ganga – Free Pickup from Bus Stand and Railway Staition	haridwar	Bhupatwala	links found on search 1 (chrome/search.brave); opened 3 booking-site link(s), none was this stay	none
guru-residency-rishikesh	Guru Residency Hotel	rishikesh	Tapovan	links found on search 1 (webkit/bing(gb)); opened 2 booking-site link(s), none was this stay; pages would not load: Agoda	retry
aura-homes-a-boho-green-escape	Aura Homes – A Boho Green Escape	rishikesh	Tapovan	links found on search 1 (edge/bing(au)); opened 3 booking-site link(s), none was this stay	none
the-bamboo-stay	The Bamboo Stay	rishikesh	Tapovan	links found on search 2 (opera/google.ae); opened 3 booking-site link(s), none was this stay; pages would not load: Goibibo	retry
neel-ganga-at-shanti-kunj	Hotel Neel Ganga at Shanti Kunj	haridwar	Shantikunj & Saptrishi	links found on search 1 (webkit/bing(gb)); opened 1 booking-site link(s), none was this stay; pages would not load: Trip.com	retry
shaurya-249407	Hotel Shaurya by Sharma 0Nline Solution	haridwar	Ranipur & BHEL	searched: 3 searches (google/bing/brave), no booking-site links on any results page	none
the-house	The House Hotel	rishikesh	Tapovan	links found on search 1 (edge/bing(au)); opened 2 booking-site link(s), none was this stay	none
resort-around-stays-prana-wellness	Around Stays – Prana Wellness Resort	rishikesh	Tapovan	links found on search 1 (chrome/search.brave); opened 3 booking-site link(s), none was this stay	none
hr-rama-palace	Hr Rama Palace	haridwar	Rishikesh Road & Motichur	searched: 3 searches (google/bing/brave), no booking-site links on any results page	none
hostel-spontrail-laxman-jhula	Spontrail Laxman Jhula Hostel	rishikesh	Laxman Jhula	links found on search 1 (webkit/bing(gb)); opened 1 booking-site link(s), none was this stay	none
divine-ganga-bhupatwala	Hotel Divine Ganga, Bhupatwala	haridwar	Bhupatwala	links found on search 1 (chrome/search.brave); opened 3 booking-site link(s), none was this stay	none
agk-alaknanda-vatika-a-luxury-stay	Hotel the Prime, Har Ki Pauri	haridwar	Har Ki Pauri	links found on search 1 (edge/bing(au)); opened 1 booking-site link(s), none was this stay	none
hotel-rishikesh-96	The Himalayan Inn Inn	rishikesh	Tapovan	links found on search 1 (opera/google.ae); opened 3 booking-site link(s), none was this stay	none
resort-valley-king	Valley King Resort	rishikesh	Elsewhere in Rishikesh	links found on search 1 (chrome/search.brave); opened 3 booking-site link(s), none was this stay	none
aanandam-haveli-har-ki-podi-road	Aanandam Haveli Har Ki Podi Road Hotel	haridwar	Bhupatwala	links found on search 1 (chrome/search.brave); opened 3 booking-site link(s), none was this stay	none
taposthalam-sacred-retreat-in	Taposthalam Sacred Retreat Hotel in Rishikesh	rishikesh	Tapovan	links found on search 1 (edge/bing(au)); opened 2 booking-site link(s), none was this stay	none
hotel-rishikesh-49	Hotel Deep Ganga	rishikesh	Tapovan	links found on search 2 (opera/google.ae); opened 1 booking-site link(s), none was this stay	none
resort-ezzenza-mahayana-spa	Ezzenza Mahayana Resort & Spa	rishikesh	Neelkanth Road	searched: 3 searches (google/bing/brave), no booking-site links on any results page	none
the-hikari-stays	The Hikari Stays	rishikesh	AIIMS Rishikesh	links found on search 1 (webkit/bing(gb)); opened 1 booking-site link(s), none was this stay	none
economical-rooms-at-mukti-dham	Economical Rooms at Mukti Dham	rishikesh	Swarg Ashram	links found on search 1 (chrome/search.brave); opened 1 booking-site link(s), none was this stay	none
zox-haridwar	Zox Haridwar Hotel	haridwar	SIDCUL	links found on search 1 (chrome/search.brave); opened 1 booking-site link(s), none was this stay	none
foothill-by-around-stays	Hotel Foothill by Around Stays	rishikesh	Tapovan	searched: 3 searches (google/bing/brave), no booking-site links on any results page	none
hostel-hashtagg-and	Hashtagg Hostel and Hotel	rishikesh	Tapovan	links found on search 1 (webkit/bing(gb)); opened 2 booking-site link(s), none was this stay	none
oyo-72441-dwarika-puri-dham	OYO 72441 Hotel Dwarika Puri Dham	haridwar	Har Ki Pauri	links found on search 1 (chrome/search.brave); opened 1 booking-site link(s), none was this stay	none
hotel-rishikesh-277	Hotel O Townhouse	rishikesh	Haridwar Road	links found on search 1 (chrome/search.brave); opened 3 booking-site link(s), none was this stay	none
premium-s-d-near-railwary-station-maa-mansa-devi	Premium Hotel S D near Railwary Station Maa Mansa Devi Temple – Fully Air Conditioned Room – Lift and Parking Available – Best Hotel in Haridwar	haridwar	Upper Road & Mayapur	searched: 3 searches (google/bing/brave), no booking-site links on any results page	none
ganga-river-cozy-stay-by-the-nirvanaa-blues	Ganga River Cozy Stay by the Nirvanaa Blues	rishikesh	Nirmal Bagh near Ganges	links found on search 1 (edge/bing(au)); opened 1 booking-site link(s), none was this stay	none
bliss-ganga-uttarakhand	Bliss Ganga Rishikesh, Uttarakhand	rishikesh	Tapovan	links found on search 2 (webkit/bing(gb)); opened 3 booking-site link(s), none was this stay	none
govind-palace-near-ganga	Hotel Govind Palace near – By the Ganges at Triveni Ghat	rishikesh	Triveni Ghat	links found on search 1 (webkit/bing(gb)); opened 3 booking-site link(s), none was this stay	none
apt-spatii-studio	Spatii Studio Apartment	rishikesh	Nirmal Bagh near Ganges	searched: 3 searches (google/bing/brave), no booking-site links on any results page	none
mj	Hotel Mj Inn	rishikesh	Dehradun Road	links found on search 1 (firefox/search.brave); opened 3 booking-site link(s), none was this stay; pages would not load: Agoda	retry
spot-on-43453-yuvraj	Spot on 43453 Hotel Yuvraj	rishikesh	Laxman Jhula	links found on search 2 (edge/bing(au)); opened 3 booking-site link(s), none was this stay; pages would not load: Agoda	retry
around-stays-rising-hills-tapovan	Around Stays Plus, Tapovan	rishikesh	Tapovan	searched: 3 searches (google/bing/brave), no booking-site links on any results page	none
ima-ganga-aesthetic-quite-mountain-view-rooms	Ima Ganga Hotel – Aesthetic, Quite Mountain View Rooms with Netflix, Free Airport Pickup for Booking More Than 7 Nights, Elevator, Backup, Room Heater in Upper Tapovan	rishikesh	Tapovan	links found on search 1 (edge/bing(au)); opened 1 booking-site link(s), none was this stay	none
reo-classic-near-railway-station-bus-stand	Reo Classic, Near Haridwar Railway Station & Bus Stand	haridwar	Har Ki Pauri	links found on search 2 (webkit/bing(gb)); opened 2 booking-site link(s), none was this stay	none
darshan-homestay	Darshan Homestay	rishikesh	Dehradun Road	links found on search 1 (brave/bing(au)); opened 3 booking-site link(s), none was this stay; pages would not load: Agoda	retry
neer-ganga-and-restaurant	Neer Ganga Hotel and Restaurant	rishikesh	Tapovan	links found on search 1 (firefox/search.brave); opened 3 booking-site link(s), none was this stay	none
the-lodge-gayatri-kunj	The Lodge Gayatri Kunj	rishikesh	Swarg Ashram	links found on search 1 (edge/bing(au)); opened 3 booking-site link(s), none was this stay	none
hotel-rishikesh-206	The Shivoham	rishikesh	Tapovan	searched: 3 searches (google/bing/brave), no booking-site links on any results page	none
hostel-og-life	Tatsat Hostel & Cafe	rishikesh	Laxman Jhula	links found on search 1 (firefox/search.brave); opened 3 booking-site link(s), none was this stay; pages would not load: Agoda	retry
the-anand-by-the-ganges	Himalaya Stay by the Anand on the Ganges	rishikesh	Tapovan	links found on search 2 (webkit/bing(gb)); opened 1 booking-site link(s), none was this stay	none
gk-niwas-homestay	Gk Niwas Homestay near Ramjhula	rishikesh	Swarg Ashram	links found on search 1 (chrome/search.brave); opened 3 booking-site link(s), none was this stay; pages would not load: Agoda	retry
ghumo-ghumao-travel	Ghumo Ghumao Travel Hotel	rishikesh	AIIMS Rishikesh	links found on search 1 (webkit/bing(gb)); opened 2 booking-site link(s), none was this stay	none
collection-o-divine-ganges	Collection O Hotel Divine Ganges	haridwar	Ranipur & BHEL	links found on search 1 (firefox/search.brave); opened 3 booking-site link(s), none was this stay; pages would not load: Agoda	retry
camp-aqua-forest	Camp Aqua Forest Hotel	rishikesh	Neelkanth Road	links found on search 1 (chrome/search.brave); opened 3 booking-site link(s), none was this stay	none
resort-anandvan-jungle-by-rfh	Anandvan Jungle Resort by Rfh	rishikesh	Neelkanth Road	links found on search 1 (edge/bing(au)); opened 3 booking-site link(s), none was this stay	none
hotal-badri-palace	Hotal Badri Palace	rishikesh	AIIMS Rishikesh	links found on search 1 (webkit/bing(gb)); opened 3 booking-site link(s), none was this stay	none
the-himalayan	The Himalayan Inn Hotel	rishikesh	Tapovan	links found on search 1 (firefox/search.brave); opened 3 booking-site link(s), none was this stay	none
hotel-rishikesh-129	Triveni Cottage	rishikesh	Triveni Ghat	links found on search 1 (chrome/search.brave); opened 2 booking-site link(s), none was this stay; pages would not load: Agoda	retry
hotel-rishikesh-142	Hotel the Pipal Inn	rishikesh	Haridwar Road	links found on search 1 (chrome/search.brave); opened 1 booking-site link(s), none was this stay	none
goroomgo-the-aradhya-gange-residency	Goroomgo the Aradhya Gange Residency	rishikesh	Tapovan	links found on search 1 (chrome/search.brave); opened 3 booking-site link(s), none was this stay	none
trishakti	Trishakti Hotel	rishikesh	Tapovan	links found on search 1 (edge/bing(au)); opened 1 booking-site link(s), none was this stay; pages would not load: Booking.com	retry
the-reo-lodge	The Reo Lodge	haridwar	Railway Station	links found on search 1 (webkit/bing(gb)); opened 1 booking-site link(s), none was this stay; pages would not load: Booking.com	retry
ganges-abode	Ganges Abode Apartment	haridwar	Kankhal	links found on search 2 (webkit/bing(gb)); opened 1 booking-site link(s), none was this stay; pages would not load: Booking.com	retry
mango-hotels	Mango Hotels	haridwar	Rishikesh Road & Motichur	links found on search 1 (webkit/bing(gb)); opened 1 booking-site link(s), none was this stay; pages would not load: Agoda	retry
house-maa-vaibhav-laxmi-yellow	Maa Vaibhav Laxmi Yellow Guest House	rishikesh	Tapovan	links found on search 1 (webkit/bing(gb)); opened 2 booking-site link(s), none was this stay; pages would not load: Trip.com, Agoda	retry
the-pacific-best-selling-hotel-in	Sitara Economy the Pacific, Haridwar Hotel	haridwar	Shantikunj & Saptrishi	links found on search 1 (webkit/bing(gb)); opened 2 booking-site link(s), none was this stay; pages would not load: MakeMyTrip, Goibibo	retry
sanat-samridhi-haridwar	Hotel Sanat Samridhi	haridwar	Upper Road & Mayapur	links found on search 1 (webkit/bing(gb)); opened 2 booking-site link(s), none was this stay; pages would not load: Agoda, Trip.com	retry
fusion-retreat	Fusion Retreat Hotel	rishikesh	Laxman Jhula	links found on search 3 (opera/google.ae); opened 2 booking-site link(s), none was this stay; pages would not load: MakeMyTrip	retry
relax-ganga-rishikesh	Hotel Relax Inn Ganga – 100M From Ganga Ghat	rishikesh	AIIMS Rishikesh	links found on search 1 (chrome/search.brave); opened 3 booking-site link(s), none was this stay; pages would not load: Agoda	retry
hotel-haridwar-8	Prithvi Yatra	haridwar	Bhupatwala	links found on search 1 (webkit/bing(gb)); opened 1 booking-site link(s), none was this stay; pages would not load: Booking.com	retry
la-kailasha-regency-by-da-alohas	2BHK Tapovan Retreat | Parking + Lift I Da Alohas	rishikesh	Tapovan	links found on search 1 (edge/bing(gb)); opened 1 booking-site link(s), none was this stay	none
ved-varuna-ayurveda-sadan	Ved Varuna Ayurveda Sadan Hotel	rishikesh	Ram Jhula	links found on search 1 (chrome/search.brave); opened 2 booking-site link(s), none was this stay; pages would not load: Trip.com, Agoda	retry
trimurti-palace	Trimurti Palace	haridwar	Bhupatwala	links found on search 1 (webkit/bing(gb)); opened 3 booking-site link(s), none was this stay; pages would not load: Booking.com, MakeMyTrip, Agoda	retry
resort-nature-on-the-rocks-glamping	Nature on the Rocks Glamping Resort	rishikesh	Elsewhere in Rishikesh	links found on search 1 (webkit/bing(gb)); opened 1 booking-site link(s), none was this stay; pages would not load: Booking.com	retry
tapovan-lightning-room	Tapovan Lightning Room by Yog Tapovan	rishikesh	Tapovan	links found on search 1 (edge/bing(gb)); opened 3 booking-site link(s), none was this stay; pages would not load: Agoda	retry
regenta-on-the-ganges-inn	Regenta Inn on the Ganges	rishikesh	Tapovan	links found on search 1 (chrome/search.brave); opened 3 booking-site link(s), none was this stay	none
madhuban-stays	Madhuban Stays	rishikesh	AIIMS Rishikesh	links found on search 1 (opera/google.ae); opened 3 booking-site link(s), none was this stay; pages would not load: MakeMyTrip, Goibibo	retry
oyo-pride-by-crazy-door	OYO Hotel Rishikesh Pride by Crazy Door	rishikesh	Tapovan	links found on search 1 (edge/bing(gb)); opened 2 booking-site link(s), none was this stay; pages would not load: Agoda	retry
apt-ananta-square-1bhk	Ananta Square – Rishikesh 1BHK Apartment	rishikesh	Veerbhadra Temple	links found on search 1 (edge/bing(gb)); opened 2 booking-site link(s), none was this stay	none
aroha-by-rishikesh-swimming-pool-spa	Aroha by Rishikesh – Swimming Pool & Spa	rishikesh	Neelkanth Road	links found on search 1 (edge/bing(gb)); opened 2 booking-site link(s), none was this stay	none
kwik-stay-tapovan	Kwik Stay Tapovan	rishikesh	Tapovan	searched: 3 searches (google/bing/brave), no booking-site links on any results page	none
shiv-murti-grand	Shiv Murti Grand	haridwar	Elsewhere in Haridwar	links found on search 1 (edge/bing(gb)); opened 2 booking-site link(s), none was this stay	none
resort-river-valley-rishikesh	River Valley Resort	rishikesh	Shivpuri & rafting belt	links found on search 1 (opera/google.ae); opened 3 booking-site link(s), none was this stay; pages would not load: MakeMyTrip, Goibibo	retry
maheshwari-home-stay	Error Apartment	rishikesh	Muni Ki Reti	searched: 3 searches (google/bing/brave), no booking-site links on any results page	none
fabhotel-hi-by-madras	Fabhotel Hi by Madras	rishikesh	Triveni Ghat	links found on search 1 (edge/bing(gb)); opened 1 booking-site link(s), none was this stay	none
manglam-kusha-ghat	Hotel Manglam Kusha Ghat	haridwar	Upper Road & Mayapur	links found on search 1 (chrome/search.brave); opened 3 booking-site link(s), none was this stay; pages would not load: Agoda	retry
g-ChIJl8d1ripJCTkRo6jATAV7D74	Komal Rawat	haridwar		quick pass: 1 search(es) (google/bing/brave), no booking-site link that looks like this stay	retry
g-ChIJP_H_vxlHCTkRRukhSChr88c	Rockwood 94 Guest House - Double Room	haridwar		quick pass: 1 search(es) (google/bing/brave), no booking-site link that looks like this stay	retry
g-ChIJOVUiNhwjCTkRpNmDuiWSBX8	Up Pradhan Gadu L	rishikesh		quick pass: 1 search(es) (google/bing/brave), no booking-site link that looks like this stay	retry
g-ChIJ5UvRov49CTkRim37TXpkzEQ	The Neeraj Ganga Divine Stays with Ganga View Glasshouse Villa , 2 BHK Pvt Pool Lift - Two-Bedroom Apartment	rishikesh		quick pass: links found on search 1 (opera/google.ae); opened 2 booking-site link(s), none was this stay; pages would not load: MakeMyTrip, Goibibo	retry
sk-international	Hotel Sk International	rishikesh	Tapovan	quick pass: 1 search(es) (google/bing/brave), no booking-site link that looks like this stay	retry
g-ChIJAwAAmwRHCTkRHAv5YWAjGDA	Hotel Nature Bliss	haridwar		quick pass: links found on search 1 (opera/google.ae); opened 2 booking-site link(s), none was this stay; pages would not load: MakeMyTrip, Goibibo	retry
g-ChIJxzK0mMZBCTkR-wMkDke4lyQ	Jungle Cafe by Rajaji Retreat-Rajaji National Park	rishikesh		quick pass: links found on search 1 (edge/bing(gb)); opened 2 booking-site link(s), none was this stay	retry
g-ChIJuanPXgBLCTkRzjMsz7FIS8I	Dinesh	haridwar		quick pass: 1 search(es) (google/bing/brave), no booking-site link that looks like this stay	retry
lakshay	Hotel Lakshay	haridwar	Har Ki Pauri	quick pass: links found on search 1 (opera/google.ae); opened 2 booking-site link(s), none was this stay; pages would not load: MakeMyTrip, Goibibo	retry
g-ChIJIXX1PiAWCTkR-h0o4918a4Y	Shri Hari residency - Two-Bedroom Apartment	rishikesh		quick pass: 1 search(es) (google/bing/brave), no booking-site link that looks like this stay	retry
g-ChIJf1ZRJ_wXCTkR8EgBak4JVL4	Monal Adventure	rishikesh		quick pass: links found on search 1 (edge/bing(gb)); opened 1 booking-site link(s), none was this stay	retry
g-ChIJv6WIZABHCTkReUHGXYILCIY	Dharamshala Sardar Nanki Devi	haridwar		quick pass: 1 search(es) (google/bing/brave), no booking-site link that looks like this stay	retry
g-ChIJGRM6QgA7CTkRMdPNri9lx5A	Aranyaka farm stay	rishikesh		quick pass: 1 search(es) (google/bing/brave), no booking-site link that looks like this stay	retry
g-ChIJRSZmV0QWCTkRa9BhP9BFknk	Sukoon homes - Two-Bedroom Apartment	rishikesh		quick pass: 1 search(es) (google/bing/brave), no booking-site link that looks like this stay	retry
g-ChIJG3opQABHCTkRCBIvvMpTRng	Mata pita haridwar	haridwar		quick pass: 1 search(es) (google/bing/brave), no booking-site link that looks like this stay	retry
g-ChIJa2drzStJCTkRLX-goLmLwqE	BLS The Elite Club Haridwar	haridwar		quick pass: links found on search 1 (edge/bing(gb)); opened 1 booking-site link(s), none was this stay	retry
bnb-rajendra-bhawan-haridwar	Rajendra Bhawan Bed & Breakfast	haridwar	Jwalapur	quick pass: links found on search 1 (edge/bing(gb)); opened 2 booking-site link(s), none was this stay	retry
g-ChIJf9lqkk1GCTkR2WyGwcVb2Ik	Bhavya PG	haridwar		quick pass: 1 search(es) (google/bing/brave), no booking-site link that looks like this stay	retry
g-ChIJjZ2TZABJCTkRwo0EvswQoLQ	Hotel Project_Ashish Kumar Mittal	haridwar		quick pass: 1 search(es) (google/bing/brave), no booking-site link that looks like this stay	retry
g-ChIJGQknvesXCTkRdVWAcEpTIhE	Neerville-Riohills.	rishikesh		quick pass: links found on search 1 (opera/google.ae); opened 2 booking-site link(s), none was this stay	retry
g-ChIJT7nKFAFHCTkRbJJMQB9T--Y	Hotel sweety City	haridwar		quick pass: 1 search(es) (google/bing/brave), no booking-site link that looks like this stay	retry
shiva-nearby-bus-and-railway-station	Hotel Shiva Palace Haridwar – Nearby Bus and Railway Station	haridwar	Railway Station	quick pass: links found on search 1 (opera/google.ae); opened 2 booking-site link(s), none was this stay; pages would not load: Agoda	retry
g-ChIJ-1zAGzhGCTkR39cVPYArc9M	Capital O HRD345 Hotel Red C	haridwar		quick pass: links found on search 1 (edge/bing(gb)); opened 2 booking-site link(s), none was this stay	retry
g-ChIJ20pURPERCTkRGim3YEjBVnA	Krishana cottage	rishikesh		quick pass: links found on search 1 (edge/bing(gb)); opened 1 booking-site link(s), none was this stay	retry
g-ChIJjbsQszolCTkRM5f15c6Dvew	Hotel Abhinandan Residency	rishikesh		quick pass: links found on search 1 (opera/google.ae); opened 1 booking-site link(s), none was this stay; pages would not load: Goibibo	retry
bnb-qube-house	Qube House BnB	rishikesh	Laxman Jhula	quick pass: 1 search(es) (google/bing/brave), no booking-site link that looks like this stay	retry
g-ChIJ94KNk0kWCTkRjpH_Io9wML4	Rabha Homes 1bhk service apartments - One-Bedroom Apartment	rishikesh		quick pass: links found on search 1 (edge/bing(gb)); opened 1 booking-site link(s), none was this stay	retry
g-ChIJxRmIQQpJCTkRxQTgdhR8ImY	Habeeb Hotel	haridwar		quick pass: 1 search(es) (google/bing/brave), no booking-site link that looks like this stay	retry
g-ChIJx84PCztHCTkRFoMUBD1p_k0	Hotel Arihant By DLS Hotels	haridwar		quick pass: links found on search 1 (edge/bing(gb)); opened 2 booking-site link(s), none was this stay	retry
g-ChIJ18MMTABJCTkRV3AmKoa741k	Prashant Mishra	haridwar		quick pass: 1 search(es) (google/bing/brave), no booking-site link that looks like this stay	retry
g-ChIJhWOGzskXCTkRkL3iJoter_0	Rishikesh forest resort,	rishikesh		quick pass: 1 search(es) (google/bing/brave), no booking-site link that looks like this stay	retry
g-ChIJ9X6q-zs-CTkRMhkqzTmCK3k	The Grace residence - Four-Bedroom Luxury Apartment	rishikesh		quick pass: links found on search 1 (opera/google.ae); opened 2 booking-site link(s), none was this stay	retry
hotel-haridwar-249411	Dev Plaza	haridwar	Bhupatwala	quick pass: links found on search 1 (edge/bing(gb)); opened 2 booking-site link(s), none was this stay	retry
g-ChIJPYxDAkYWCTkRAW2W3Ow5ICU	Camp Hi Wall By Indus - Tent	rishikesh		quick pass: 1 search(es) (google/bing/brave), no booking-site link that looks like this stay	retry
g-ChIJCy44FwBFCTkR_D-YaxgZzPw	Sapar	haridwar		quick pass: 1 search(es) (google/bing/brave), no booking-site link that looks like this stay	retry
g-ChIJJSZihUYWCTkR0SbmNZypUiM	R D HomeStay	rishikesh		quick pass: 1 search(es) (google/bing/brave), no booking-site link that looks like this stay	retry
the-wraveler-tapovan-rooms-and-dorms	The Wraveler Tapovan Rooms and Dorms	rishikesh	Tapovan	quick pass: 1 search(es) (google/bing/brave), no booking-site link that looks like this stay	retry
g-ChIJX8NM1HoNCTkReBlOkn1V8yU	Alpine Nature Resorts	rishikesh		quick pass: 1 search(es) (google/bing/brave), no booking-site link that looks like this stay	retry
g-ChIJq22ZEwA5CTkR-mI0coNYx00	Cozymantra Homestay	haridwar		quick pass: 1 search(es) (google/bing/brave), no booking-site link that looks like this stay	retry
g-ChIJsXTwpl5HCTkR4kHzVnnIBgY	Luxe 1 BR. hideaway Apartment by the ManStays	haridwar		quick pass: 1 search(es) (google/bing/brave), no booking-site link that looks like this stay	retry
g-ChIJ1WwblGwlCTkR5W11La7o-ws	Doon valley Guest House	rishikesh		quick pass: links found on search 1 (edge/bing(gb)); opened 1 booking-site link(s), none was this stay	retry
g-ChIJC5we3BkWCTkRkTYxbVEztlg	Harihar Guest house	rishikesh		quick pass: links found on search 1 (edge/bing(gb)); opened 1 booking-site link(s), none was this stay	retry
g-ChIJqw0OMwA_CTkRrRWdEjNgVps	Yaung Chi Hostel	rishikesh		quick pass: 1 search(es) (google/bing/brave), no booking-site link that looks like this stay	retry
g-ChIJA1fvcL8TCTkR1ya_Z5kkllM	Kingfisher River Resort	rishikesh		quick pass: links found on search 1 (opera/google.ae); opened 2 booking-site link(s), none was this stay; pages would not load: MakeMyTrip, Goibibo	retry
g-ChIJY3NISt0XCTkR5veFLbwcu3A	Turegair	rishikesh		quick pass: 1 search(es) (google/bing/brave), no booking-site link that looks like this stay	retry
g-ChIJf_FsewA_CTkRfjKllailIRY	Whispering Birds Homestay | 2BHK Home in Rishikesh	rishikesh		quick pass: 1 search(es) (google/bing/brave), no booking-site link that looks like this stay	retry
collection-o-star-ganges	Collection O Hotel Star Ganges	haridwar	Har Ki Pauri	quick pass: links found on search 1 (edge/bing(gb)); opened 2 booking-site link(s), none was this stay	retry
g-ChIJeeLfzQRHCTkR3RroixdEULQ	Shri Guru Gorakhnath	haridwar		quick pass: 1 search(es) (google/bing/brave), no booking-site link that looks like this stay	retry
g-ChIJEYGzPVNJCTkRukfdUurlp7A	Rise and Shine Homestay	haridwar		quick pass: links found on search 1 (edge/bing(gb)); opened 1 booking-site link(s), none was this stay	retry
g-ChIJdVvSLwAXCTkR_uP8l-6i3hA	NEER LUXURY VILLAS	rishikesh		quick pass: 1 search(es) (google/bing/brave), no booking-site link that looks like this stay	retry
dostel	Dostel	rishikesh	Tapovan	quick pass: links found on search 1 (edge/bing(gb)); opened 2 booking-site link(s), none was this stay	retry
narayana-sanctuary-suites-by-salvus	Narayana Sanctuary Suites by Salvus	rishikesh	Tapovan	quick pass: links found on search 1 (opera/google.ae); opened 2 booking-site link(s), none was this stay; pages would not load: MakeMyTrip	retry
g-ChIJe8M7SgdHCTkRCoLpcdnBVy0	Sarvanand Ashram	haridwar		quick pass: 1 search(es) (google/bing/brave), no booking-site link that looks like this stay	retry
g-ChIJxbXmYDlHCTkRlvZ7i3ghrdo	Nature plaza hotel	haridwar		quick pass: 1 search(es) (google/bing/brave), no booking-site link that looks like this stay	retry
g-ChIJFxwAHw9JCTkROwXgwODdzKQ	Karm kand pooja path	haridwar		quick pass: 1 search(es) (google/bing/brave), no booking-site link that looks like this stay	retry
g-ChIJPUJNt79HCTkRA75g05MxvUI	Saraswat Brahmin Dharamsala	haridwar		quick pass: 1 search(es) (google/bing/brave), no booking-site link that looks like this stay	retry
g-ChIJVVVVFGdICTkRCsNv2v1rALw	Rainbow Resorts & Spa	haridwar		quick pass: links found on search 1 (edge/bing(gb)); opened 1 booking-site link(s), none was this stay	retry
resort-vna-riverside-camp-and	Vna Riverside Camp and Resort	rishikesh	Elsewhere in Rishikesh	quick pass: links found on search 1 (edge/bing(gb)); opened 2 booking-site link(s), none was this stay	retry
resort-glampers	Glampers Resort	rishikesh	Neelkanth Road	quick pass: links found on search 1 (edge/bing(gb)); opened 2 booking-site link(s), none was this stay	retry
g-ChIJSVpgMFhHCTkRkZCQvbEJ0Wc	Shri Chitra Gupt Dharamshala	haridwar		quick pass: links found on search 1 (edge/bing(gb)); opened 2 booking-site link(s), none was this stay	retry
g-ChIJZRlWTGVHCTkRXOi5coFOur8	Piyush kumar	haridwar		quick pass: 1 search(es) (google/bing/brave), no booking-site link that looks like this stay	retry
royal-dots-a-four-star-luxury-hotel-in	Hotel Royal Dots, A Four Star Luxury Hotel in Haridwar	haridwar	Har Ki Pauri	quick pass: 1 search(es) (google/bing/brave), no booking-site link that looks like this stay	retry
g-ChIJ5bFYDwAVCTkRu0w-xBQQNV8	Payaal ji homestay and general store	rishikesh		quick pass: 1 search(es) (google/bing/brave), no booking-site link that looks like this stay	retry
hotal-glory-ganga	Hotal Glory Ganga Hotel	haridwar	Kankhal	quick pass: links found on search 1 (edge/bing(gb)); opened 2 booking-site link(s), none was this stay	retry
o-skaga	Hotel O Skaga	haridwar	Ranipur & BHEL	quick pass: 1 search(es) (google/bing/brave), no booking-site link that looks like this stay	retry
g-ChIJ5Wq1cgAlCTkRec_bLmdXTWk	Mannat Bhawan Malik 3	rishikesh		quick pass: links found on search 1 (edge/bing(gb)); opened 2 booking-site link(s), none was this stay	retry
g-ChIJf8TcsPBHCTkR_kPBmOIAUCk	Mewara Kalal Samaj Bhawan Haridwar	haridwar		quick pass: links found on search 1 (edge/bing(gb)); opened 1 booking-site link(s), none was this stay	retry
g-ChIJQSt5hmhJCTkRMbqlEX8FyS4	Pushpa Gautam Home	haridwar		quick pass: 1 search(es) (google/bing/brave), no booking-site link that looks like this stay	retry
g-ChIJGcxnK3MRCTkRdHhMPLG9QKU	Ganga Forest Camp	rishikesh		quick pass: links found on search 1 (opera/google.ae); opened 1 booking-site link(s), none was this stay	retry
g-ChIJ6YU93ilHCTkR5a8lBASTRqg	Shri Shyam jalpan grah	haridwar		quick pass: links found on search 1 (edge/bing(gb)); opened 2 booking-site link(s), none was this stay	retry
g-ChIJbflFNkJHCTkR6NqjYMGhEDI	Nishkam Sewa Trust	haridwar		quick pass: 1 search(es) (google/bing/brave), no booking-site link that looks like this stay	retry
g-ChIJy8LTXQAhCTkR7lz1FbKQfno	Prana Wellness Resort	rishikesh		quick pass: 1 search(es) (google/bing/brave), no booking-site link that looks like this stay	retry
g-ChIJrfG1hosXCTkRaD5Wd3Tw7ZA	Vimoksha Cottage	rishikesh		quick pass: links found on search 1 (opera/bing(au)); opened 2 booking-site link(s), none was this stay; pages would not load: MakeMyTrip, Goibibo	retry
g-ChIJ64hx9NI_CTkRI4SgJzjoq6E	BFKR Stay	rishikesh		quick pass: links found on search 1 (edge/bing(de)); opened 2 booking-site link(s), none was this stay	retry
g-ChIJ44Wsb2oXCTkRcwzKwSRdTUY	kanpur walli dharamshala	rishikesh		quick pass: 1 search(es) (google/bing/brave), no booking-site link that looks like this stay	retry
g-ChIJ67PwNQQ7CTkRTRv4npAIY80	Hotel Surprise Restaurant	rishikesh		quick pass: 1 search(es) (google/bing/brave), no booking-site link that looks like this stay	retry
g-ChIJW7x0VTIRCTkRSg_6VXQKfBQ	Camp Cross Fire	rishikesh		quick pass: links found on search 1 (opera/bing(au)); opened 1 booking-site link(s), none was this stay; pages would not load: MakeMyTrip	retry
g-ChIJfYzh1wM-CTkR_YMdStT_gY8	Boho ghar 2bhk Near Ganges - Two-Bedroom Apartment	rishikesh		quick pass: 1 search(es) (google/bing/brave), no booking-site link that looks like this stay	retry
g-ChIJ88QYOUZHCTkRzZKdBkZCBi8	Hotel Yash	haridwar		quick pass: 1 search(es) (google/bing/brave), no booking-site link that looks like this stay	retry
g-ChIJJzxUB_Q9CTkRoJeQiMYf0lk	Hotel Utsav Guest House	rishikesh		quick pass: links found on search 1 (edge/bing(de)); opened 2 booking-site link(s), none was this stay	retry
collection-o-kedar-in	Collection O Kedar in Hotel	rishikesh	Tapovan	quick pass: 1 search(es) (google/bing/brave), no booking-site link that looks like this stay	retry
hotel-rishikesh-44	Himalayan Babaji Retreats	rishikesh	Tapovan	quick pass: 1 search(es) (google/bing/brave), no booking-site link that looks like this stay	retry
g-ChIJ12TrIgAlCTkRuvrRrnoUI-Y	VYAS (Vyas Yoga Ashram Society)	rishikesh		quick pass: 1 search(es) (google/bing/brave), no booking-site link that looks like this stay	retry
g-ChIJj77Bf7AXCTkRZLgyF4sDNHk	Engineers stay and hostel	rishikesh		quick pass: 1 search(es) (google/bing/brave), no booking-site link that looks like this stay	retry
g-ChIJxRSn4NElCTkRFOTo90fZ_fc	Bhardwaj Farmhouse uttarakhand	rishikesh		quick pass: 1 search(es) (google/bing/brave), no booking-site link that looks like this stay	retry
moksh-ganga	Moksh Ganga Hotel	rishikesh	Laxman Jhula	quick pass: links found on search 1 (edge/bing(de)); opened 2 booking-site link(s), none was this stay	retry
g-ChIJ_2KxzD8WCTkR7NnHAtXBmvU	Family Studio Apartment	rishikesh		quick pass: 1 search(es) (google/bing/brave), no booking-site link that looks like this stay	retry
oyo-townhouse-853-the-royal-aroma	OYO Townhouse 853 Hotel the Royal Aroma	haridwar	Bhupatwala	quick pass: 1 search(es) (google/bing/brave), no booking-site link that looks like this stay	retry
g-ChIJJRR0igNHCTkRt4maLcKgADg	Seth Khushiram Charitable Trust	haridwar		quick pass: 1 search(es) (google/bing/brave), no booking-site link that looks like this stay	retry
g-ChIJ_7fseuQvCTkR3AdY112rbcc	Hotel Pine N Peak	rishikesh		quick pass: 1 search(es) (google/bing/brave), no booking-site link that looks like this stay	retry
g-ChIJcToiDnBICTkRry916PRXTPs	Nilgiri Guest House	haridwar		quick pass: 1 search(es) (google/bing/brave), no booking-site link that looks like this stay	retry
hotel-haridwar-145	Ganges Blossom Luxury Stay	haridwar	Elsewhere in Haridwar	quick pass: links found on search 1 (webkit/bing(de)); opened 2 booking-site link(s), none was this stay	retry
g-ChIJ678AFoETCTkRuqpKZhBubB0	Vyash Ganga Hotel & Restaurant	rishikesh		quick pass: 1 search(es) (google/bing/brave), no booking-site link that looks like this stay	retry
g-ChIJ4y_KYSw7CTkRijIIrXTH29I	Hotel SK Grand Comfy Nature Stay	rishikesh		quick pass: 1 search(es) (google/bing/brave), no booking-site link that looks like this stay	retry
g-ChIJDeH4WwgXCTkR-bQNeFZLRmU	Uddibaba Farm Camps & CAFE	rishikesh		quick pass: 1 search(es) (google/bing/brave), no booking-site link that looks like this stay	retry
g-ChIJo-UmDGpHCTkRNCckO8JimMg	Kshatriy Sargra Smaaj Dharmshala	haridwar		quick pass: links found on search 1 (opera/bing(au)); opened 1 booking-site link(s), none was this stay	retry
shri-hari-ganga	Hotel Shri Hari Ganga	haridwar	Bhupatwala	quick pass: 1 search(es) (google/bing/brave), no booking-site link that looks like this stay	retry
g-ChIJ41LvcPsWCTkR7AzkQGFsruA	RATAN PALACE GUEST HOUSE - Standard King Room	rishikesh		quick pass: 1 search(es) (google/bing/brave), no booking-site link that looks like this stay	retry
g-ChIJKyuYKwBHCTkRjitAXAQj39o	Hotel Ganga Aamantaran	haridwar		quick pass: links found on search 1 (edge/bing(de)); opened 2 booking-site link(s), none was this stay	retry
g-ChIJo2e8xcg7CTkR3uDBqwq2Uek	Rainforest Resort	rishikesh		quick pass: links found on search 1 (opera/bing(au)); opened 1 booking-site link(s), none was this stay	retry
g-ChIJf9oaqk09CTkRSJJNOctKmuw	Shivay Adventure	rishikesh		quick pass: 1 search(es) (google/bing/brave), no booking-site link that looks like this stay	retry
g-ChIJEQp2jj8WCTkRvHm9rLGuo_g	One Earth Elegant	rishikesh		quick pass: 1 search(es) (google/bing/brave), no booking-site link that looks like this stay	retry
g-ChIJsaAGSUQWCTkR7gzSyLNNm9o	White World Expeditions	rishikesh		quick pass: 1 search(es) (google/bing/brave), no booking-site link that looks like this stay	retry
g-ChIJp1wuOeUXCTkRhzcWBWZOP8I	Chamoli Homestay	rishikesh		quick pass: links found on search 1 (edge/bing(de)); opened 2 booking-site link(s), none was this stay	retry
hotel-haridwar-149	Bunk Bed in Haridwar Hostel	haridwar	Railway Station	quick pass: 1 search(es) (google/bing/brave), no booking-site link that looks like this stay	retry
g-ChIJAd7dvWgVCTkR-Q2HWV_FePA	Raleith Hilltop Retreat Rishikesh	rishikesh		quick pass: 1 search(es) (google/bing/brave), no booking-site link that looks like this stay	retry
g-ChIJ3618KwAlCTkR8HFNIfOSB3g	Hotel Tara	rishikesh		quick pass: 1 search(es) (google/bing/brave), no booking-site link that looks like this stay	retry
g-ChIJv8NQfAA_CTkRvXkOy2zX5cM	श्री गंगानगर धर्मशाला	rishikesh		name too generic to identify on a booking site (core "श्री गंगानगर धर्मशाला"); check by hand	manual
g-ChIJF-PT-TQ9CTkR2N2PSXYdNQ0	Matoshree Apartment	rishikesh		quick pass: links found on search 1 (opera/bing(au)); opened 2 booking-site link(s), none was this stay; pages would not load: MakeMyTrip, Goibibo	retry
g-ChIJA42hz6pHCTkRdWGPJnoyjCw	Hotel Ashoka	haridwar		quick pass: links found on search 1 (edge/bing(de)); opened 2 booking-site link(s), none was this stay	retry
g-ChIJ9fSExkgWCTkRrvxKrBxhqsc	Kedar Residency Luxury 1 2 Bedroom Flat in Tapovan Rishikesh - One-Bedroom Apartment	rishikesh		quick pass: 1 search(es) (google/bing/brave), no booking-site link that looks like this stay	retry
samridhhi-retreat	Hotel Samridhhi Retreat	rishikesh	Tapovan	quick pass: 1 search(es) (google/bing/brave), no booking-site link that looks like this stay	retry
g-ChIJy3gAsZ5LCTkRIq3yDq6ruPY	Peaceful Homestay in Haridwar | Balcony View	haridwar		quick pass: 1 search(es) (google/bing/brave), no booking-site link that looks like this stay	retry
g-ChIJm7Xgf_wVCTkRmo1y3R77tn8	The Rockeerz Camp	rishikesh		quick pass: 1 search(es) (google/bing/brave), no booking-site link that looks like this stay	retry
g-ChIJ_VqieelHCTkRVyOZwZt6vHI	MAA GANGA HAVELI, HOMESTAY-Acept only on line Tourist	haridwar		quick pass: links found on search 1 (opera/bing(au)); opened 2 booking-site link(s), none was this stay; pages would not load: MakeMyTrip, Agoda	retry
g-ChIJ78hfHAA_CTkR-lOs-ceDAls	The Hideout Villa	haridwar		quick pass: 1 search(es) (google/bing/brave), no booking-site link that looks like this stay	retry
g-ChIJDUYeNgA_CTkRoGfNo8xyqxE	Madhav Seva Vishram Sadan	rishikesh		quick pass: 1 search(es) (google/bing/brave), no booking-site link that looks like this stay	retry
g-ChIJd0xSsTERCTkRZPOTk-gorNA	Riverside Camps in Shivpuri Rishikesh	rishikesh		quick pass: 1 search(es) (google/bing/brave), no booking-site link that looks like this stay	retry
bhatia-by-stayapart	Hotel Bhatia Inn by Stayapart	haridwar	Upper Road & Mayapur	quick pass: links found on search 1 (firefox/bing(au)); opened 2 booking-site link(s), none was this stay	retry
g-ChIJ3eof17oXCTkRnMsqvPIP1P4	Bisht Home Stay Laxman jhula	rishikesh		quick pass: 1 search(es) (google/bing/brave), no booking-site link that looks like this stay	retry
g-ChIJhfow4aMNCTkRUhwIhqt55sg	Club 1947	rishikesh		quick pass: 1 search(es) (google/bing/brave), no booking-site link that looks like this stay	retry
g-ChIJEZDIHiQ-CTkRYNur7gy10Bo	Labhanshu homestay - Double Room	rishikesh		quick pass: 1 search(es) (google/bing/brave), no booking-site link that looks like this stay	retry
g-ChIJ36SMhosVCTkRv6iE_MN8zcE	Valencia River Resort	rishikesh		quick pass: 1 search(es) (google/bing/brave), no booking-site link that looks like this stay	retry
serenity-home	Serenity Home	rishikesh	Tapovan	quick pass: links found on search 1 (opera/bing(au)); opened 2 booking-site link(s), none was this stay	retry
g-ChIJWaAGQhsWCTkRTaPbvn2QfBU	Uttranchal	rishikesh		quick pass: 1 search(es) (google/bing/brave), no booking-site link that looks like this stay	retry
g-ChIJPdvpeORtCTkRpnjKIZC_nC8	Sanjay Barthwal	rishikesh		quick pass: 1 search(es) (google/bing/brave), no booking-site link that looks like this stay	retry
g-ChIJdTb9yJ4jCTkRTG52iejyEkc	Mera Gaon Meri Sadak Simlat Kemath	rishikesh		quick pass: 1 search(es) (google/bing/brave), no booking-site link that looks like this stay	retry
g-ChIJ765leYclCTkR7MXyljHeGLc	Uniyals	rishikesh		quick pass: links found on search 1 (opera/bing(au)); opened 1 booking-site link(s), none was this stay	retry
g-ChIJpUHzyhMjCTkRJiAUaMrTVQM	Anandism	rishikesh		quick pass: 1 search(es) (google/bing/brave), no booking-site link that looks like this stay	retry
g-ChIJ5X2WRxFHCTkR3K_By3CpjzE	Shri Multan Seva Simiti Dharmsala	haridwar		quick pass: 1 search(es) (google/bing/brave), no booking-site link that looks like this stay	retry
g-ChIJd-mk7loWCTkRKRU5zG2tzl8	Aloha Service Apartments - Two-Bedroom Apartment	rishikesh		quick pass: 1 search(es) (google/bing/brave), no booking-site link that looks like this stay	retry
g-ChIJycuNYkJHCTkRCRyRR1W7Qk0	Lala Ved Parkash Mehta Dharamshala - Double Room	haridwar		quick pass: links found on search 1 (chrome/search.brave); opened 1 booking-site link(s), none was this stay	retry
g-ChIJR1Dn-wk_CTkR6J8GTWG3FsE	PRAKASH HOMESTAY	rishikesh		quick pass: links found on search 1 (opera/bing(au)); opened 1 booking-site link(s), none was this stay; pages would not load: Agoda	retry
g-ChIJcXNq7cITCTkRD8PXEZTKktA	Kia Resort | Rishikesh	rishikesh		quick pass: 1 search(es) (google/bing/brave), no booking-site link that looks like this stay	retry
g-ChIJJ6_DJlo_CTkRu5qupSWpWA8	Amma ka Dhaba	rishikesh		quick pass: 1 search(es) (google/bing/brave), no booking-site link that looks like this stay	retry
g-ChIJNZJFalEXCTkR_MdP69WM7Wo	TREKS 365	rishikesh		quick pass: 1 search(es) (google/bing/brave), no booking-site link that looks like this stay	retry
luxury-room-with-1-double-bed	Kanta Sant Ram Aashram	haridwar	Rishikesh Road & Motichur	quick pass: 1 search(es) (google/bing/brave), no booking-site link that looks like this stay	retry
g-ChIJMWDh_toTCTkRdDQZLzoZU_Q	Soultree Camps and Resort	rishikesh		quick pass: links found on search 1 (opera/bing(au)); opened 1 booking-site link(s), none was this stay	retry
g-ChIJ8fZJ-DIlCTkRAxGsGDvryzA	BASERA HOMESTAY	rishikesh		quick pass: 1 search(es) (google/bing/brave), no booking-site link that looks like this stay	retry
g-ChIJ5eTfpDM_CTkRZQMp2TN0jBM	Shiv Ganga Homestay - Apartment	haridwar		quick pass: links found on search 1 (edge/bing(de)); opened 1 booking-site link(s), none was this stay	retry
g-ChIJVVVVhfQ9CTkRVbLu0ymPlig	Ojas Resorts and Hotels	rishikesh		quick pass: 1 search(es) (google/bing/brave), no booking-site link that looks like this stay	retry
g-ChIJ4yHWpFAXCTkRTEUAeMKTSzs	Maasa retreat and Resort	rishikesh		quick pass: links found on search 1 (opera/bing(au)); opened 2 booking-site link(s), none was this stay; pages would not load: MakeMyTrip, Goibibo	retry
the-greenview-homestay	The Greenview Homestay	rishikesh	Tapovan	quick pass: 1 search(es) (google/bing/brave), no booking-site link that looks like this stay	retry
g-ChIJxXbkWjoRCTkRlVSyDE_mVUg	6 planet resort shivpuri	rishikesh		quick pass: links found on search 1 (chrome/search.brave); opened 2 booking-site link(s), none was this stay	retry
g-ChIJwcnbv08VCTkRLmyQA5eb4hw	Graystone River Resort	rishikesh		quick pass: 1 search(es) (google/bing/brave), no booking-site link that looks like this stay	retry
g-ChIJMYmz5mE_CTkRm5yNAnSWe_U	Hotel Bhuvaneshwari	rishikesh		quick pass: 1 search(es) (google/bing/brave), no booking-site link that looks like this stay	retry
apt-rasa-penthouse-rishikesh	Rasa Penthouse, Rishikesh Elevated Luxury Stay with Scenic Views	rishikesh	Ram Jhula	quick pass: 1 search(es) (google/bing/brave), no booking-site link that looks like this stay	retry
g-ChIJw_MjtnlHCTkRsG3enlRLA-Q	Sanjeev dham	haridwar		quick pass: links found on search 1 (chrome/search.brave); opened 2 booking-site link(s), none was this stay	retry
g-ChIJB0KNTwA_CTkRR-z2pEk5zlk	Hotel Om Namami	rishikesh		quick pass: links found on search 1 (opera/bing(au)); opened 2 booking-site link(s), none was this stay	retry
g-ChIJS4ZUWgAXCTkR_xxLhloqoOo	The Riverside Paradise	rishikesh		quick pass: links found on search 1 (firefox/bing(au)); opened 2 booking-site link(s), none was this stay	retry
raj-niketan-homestay-rishikesh	Raj Niketan Homestay	rishikesh	Tapovan	quick pass: 1 search(es) (google/bing/brave), no booking-site link that looks like this stay	retry
g-ChIJJRNH6R0XCTkRk0IvfU592vw	Sheetal HomeStay	rishikesh		quick pass: links found on search 1 (brave/search.brave); opened 2 booking-site link(s), none was this stay	retry
g-ChIJhyVQRQAXCTkRQMz1_bUbc5Q	Hotel whispering ganga , D/9 cafe and restaurant	rishikesh		quick pass: links found on search 1 (chrome/search.brave); opened 2 booking-site link(s), none was this stay	retry
g-ChIJJeSgXTdGCTkRLTOuGLKAu8Y	Beautiful condo with AC - One-Bedroom Apartment	haridwar		quick pass: links found on search 1 (edge/bing(de)); opened 2 booking-site link(s), none was this stay	retry
g-ChIJP64KKm0TCTkR0ijPA53RUFg	Aqua Splash Camp	rishikesh		quick pass: links found on search 1 (opera/bing(au)); opened 2 booking-site link(s), none was this stay; pages would not load: MakeMyTrip	retry
g-ChIJUbpjSgBHCTkRGzYCAPA6fSI	Hotel mhare wala	haridwar		quick pass: 1 search(es) (google/bing/brave), no booking-site link that looks like this stay	retry
g-ChIJR8c7zKI_CTkRgfVt_NbcyLI	Cozy Bnb By the Ganges	rishikesh		quick pass: 1 search(es) (google/bing/brave), no booking-site link that looks like this stay	retry
townhouse-ranipur-mor	Super Townhouse Ranipur Mor Formerly Parmila Inn	haridwar	Ranipur & BHEL	quick pass: links found on search 1 (firefox/bing(au)); opened 2 booking-site link(s), none was this stay	retry
g-ChIJhxERRABJCTkR2yTXAc20yGY	Ojasvi inn Hotel	haridwar		quick pass: 1 search(es) (google/bing/brave), no booking-site link that looks like this stay	retry
g-ChIJHQMg1j8-CTkRIIX2q842akA	Tulsi near ganga barrage - One-Bedroom Apartment	rishikesh		quick pass: links found on search 1 (opera/bing(au)); opened 2 booking-site link(s), none was this stay; pages would not load: MakeMyTrip	retry
g-ChIJZ89VfTwWCTkRNWirPVzcEj8	Aarohan by Ganga kripa - Apartment	rishikesh		quick pass: links found on search 1 (edge/bing(de)); opened 2 booking-site link(s), none was this stay	retry
g-ChIJH9EuyEgWCTkRaME-fuCwX7o	Exclusive 1 Bhk Apartment in Rishikesh - One-Bedroom Apartment	rishikesh		quick pass: links found on search 1 (brave/search.brave); opened 2 booking-site link(s), none was this stay	retry
sukhdham-yatri-bhavan	Sukhdham Yatri Bhavan	haridwar	Upper Road & Mayapur	quick pass: links found on search 1 (chrome/search.brave); opened 2 booking-site link(s), none was this stay	retry
g-ChIJtazM-Cg_CTkR5wITj8uZ13I	Shivaasa hotels leasing & brand tie-ups	rishikesh		quick pass: 1 search(es) (google/bing/brave), no booking-site link that looks like this stay	retry
g-ChIJRTxBqPgTCTkReVQs616GthM	The Nature Inn	rishikesh		quick pass: 1 search(es) (google/bing/brave), no booking-site link that looks like this stay	retry
g-ChIJA6YULaEXCTkReyToqcdWobQ	Ganga View Cottage	rishikesh		quick pass: links found on search 1 (opera/bing(au)); opened 2 booking-site link(s), none was this stay	retry
g-ChIJr82AbABLCTkRkriwbaiRW0A	Pratap Home Stay Hotel	haridwar		quick pass: 1 search(es) (google/bing/brave), no booking-site link that looks like this stay	retry
g-ChIJh9QuqDMXCTkRaJKpBL9lM9U	RishikeshStay	rishikesh		quick pass: 1 search(es) (google/bing/brave), no booking-site link that looks like this stay	retry
g-ChIJSd4Z1OY_CTkRtAZZ2XxnZIk	Modern Hill View Hideout	rishikesh		quick pass: links found on search 1 (chrome/search.brave); opened 2 booking-site link(s), none was this stay	retry
g-ChIJC1fxBAAXCTkRC6J1Hxaa_h8	House number 04 Buddha homestay balaknath road near bodhi cafe tapovan pincode 249192	rishikesh		quick pass: links found on search 1 (opera/bing(au)); opened 1 booking-site link(s), none was this stay; pages would not load: MakeMyTrip	retry
g-ChIJlxFjpFINCTkRPOmhnGuNnkg	Ecoterra Solace by Adventuremania	rishikesh		quick pass: 1 search(es) (google/bing/brave), no booking-site link that looks like this stay	retry
g-ChIJV6szV3pHCTkRmQSY67yX5Tk	Hotel gauri shankar	haridwar		quick pass: links found on search 1 (brave/search.brave); opened 2 booking-site link(s), none was this stay	retry
marc-blu-tapovan	Hotel Marc Blu Tapovan	rishikesh	Tapovan	quick pass: links found on search 1 (firefox/bing(au)); opened 2 booking-site link(s), none was this stay	retry
g-ChIJf9ZigAQWCTkREStr5FQt4_A	RAGHUNATH DHARAMSHALA	rishikesh		quick pass: 1 search(es) (google/bing/brave), no booking-site link that looks like this stay	retry
g-ChIJ8b9QuPQTCTkRil5nWEo8ibo	Shivalik Ganga Adventure- Budhi Negi	rishikesh		quick pass: 1 search(es) (google/bing/brave), no booking-site link that looks like this stay	retry
g-ChIJnU0olw5HCTkRaMs5jBgpD-0	Hotel Neelkanth	haridwar		quick pass: links found on search 1 (chrome/search.brave); opened 2 booking-site link(s), none was this stay	retry
g-ChIJ99KoOABHCTkRamawQzNIdDI	Meghwal Samaj Dharamshala	haridwar		quick pass: 1 search(es) (google/bing/brave), no booking-site link that looks like this stay	retry
g-ChIJM2YwTABJCTkRxL840RUL-vg	Tauji PG	haridwar		quick pass: 1 search(es) (google/bing/brave), no booking-site link that looks like this stay	retry
g-ChIJ0wJazE9HCTkRgXMK6URke_w	Yellow Leaf | Hotel in Haridwar	haridwar		quick pass: links found on search 1 (brave/search.brave); opened 2 booking-site link(s), none was this stay	retry
g-ChIJ-5uzJAAXCTkRZ3y2YqdOuT4	Pahadi organic raturi bhojanalay	rishikesh		quick pass: 1 search(es) (google/bing/brave), no booking-site link that looks like this stay	retry
g-ChIJvYik3EAjCTkRN1YTvMqHqZM	Resort bhala farm	rishikesh		quick pass: links found on search 1 (chrome/search.brave); opened 2 booking-site link(s), none was this stay	retry
g-ChIJLRB9wQFHCTkRfp7qYRR2QC4	Akhil Bhartiya Jeengar Samaj Dharamsala, Haridwar	haridwar		quick pass: 1 search(es) (google/bing/brave), no booking-site link that looks like this stay	retry
g-ChIJZcyiBgA_CTkRYT8VANo4d58	Pal party point	rishikesh		quick pass: 1 search(es) (google/bing/brave), no booking-site link that looks like this stay	retry
teerth-rishikesh	Hotel Teerth Inn	rishikesh	Haridwar Road	quick pass: 1 search(es) (google/bing/brave), no booking-site link that looks like this stay	retry
g-ChIJadH7jj4VCTkRWJMddNYO7UY	Birdsong Village Cottage	rishikesh		quick pass: 1 search(es) (google/bing/brave), no booking-site link that looks like this stay	retry
veda-retreat-rishikesh	Hotel Veda Retreat	rishikesh	Tapovan	quick pass: links found on search 1 (opera/bing(au)); opened 2 booking-site link(s), none was this stay	retry
ellbee-ganga-view	Ellbee Ganga View Hotel	rishikesh	Haridwar Road	quick pass: links found on search 1 (brave/search.brave); opened 1 booking-site link(s), none was this stay	retry
g-ChIJHb6EnwFHCTkRGspaiONWjso	Uchaali Sewak Dharmshala	haridwar		quick pass: 1 search(es) (google/bing/brave), no booking-site link that looks like this stay	retry
g-ChIJS3fJCABHCTkRWFNzCP1NKlM	Hotel Haridwar	haridwar		quick pass: 1 search(es) (google/bing/brave), no booking-site link that looks like this stay	retry
g-ChIJbYVf8moRCTkR9LSqJQe_Qzc	The River Lap Camps & Resort Shivpuri	rishikesh		quick pass: links found on search 1 (opera/bing(au)); opened 1 booking-site link(s), none was this stay	retry
g-ChIJVUasiGkXCTkRFIRNyh3Fb50	Best Camp In Rishikesh	rishikesh		quick pass: 1 search(es) (google/bing/brave), no booking-site link that looks like this stay	retry
g-ChIJm1LBKZkTCTkRnFXNSSGIEb4	River Fun Forest Camps - Tent	rishikesh		quick pass: 1 search(es) (google/bing/brave), no booking-site link that looks like this stay	retry
g-ChIJgcQzXbc9CTkRzs7DGbl0xVs	Hotel service Rishikesh	rishikesh		quick pass: 1 search(es) (google/bing/brave), no booking-site link that looks like this stay	retry
g-ChIJ974Uy8dHCTkRkSPvgOk6bcQ	Hotel the white castle	haridwar		quick pass: 1 search(es) (google/bing/brave), no booking-site link that looks like this stay	retry
the-ayali-prime-tapovan	The Ayali Prime Tapovan Hotel	rishikesh	Tapovan	quick pass: links found on search 1 (brave/search.brave); opened 2 booking-site link(s), none was this stay	retry
g-ChIJH9FeVk8WCTkRTXx9qJnXCdo	Elite Heaven Retreat 1BHK Budget Home Stay Tapovan - One-Bedroom Apartment with Balcony	rishikesh		quick pass: 1 search(es) (google/bing/brave), no booking-site link that looks like this stay	retry
g-ChIJHc3uyOZHCTkRuPf9kdJa9Dw	Hotel Gayatri Inn	haridwar		quick pass: 1 search(es) (google/bing/brave), no booking-site link that looks like this stay	retry
g-ChIJ66VQf6pHCTkRYRAm9HsTb6M	2-bedroom apartment in enjoyable Haridwar with AC	haridwar		quick pass: 1 search(es) (google/bing/brave), no booking-site link that looks like this stay	retry
g-ChIJGfeRBCxECTkRQItnRsr5ui8	VEDIC THE ISLAND RETREAT	haridwar		quick pass: 1 search(es) (google/bing/brave), no booking-site link that looks like this stay	retry
g-ChIJ92bBPuo_CTkRzndJy1K1VFw	OM Residency	rishikesh		quick pass: links found on search 1 (edge/bing(de)); opened 2 booking-site link(s), none was this stay	retry
g-ChIJkaLhoIlHCTkRJDrqIUGE-Xg	Sukoon the guest house	haridwar		quick pass: 1 search(es) (google/bing/brave), no booking-site link that looks like this stay	retry
g-ChIJp8HRUXBLCTkRx6MXjWOv5kg	Veos Villa	haridwar		quick pass: 1 search(es) (google/bing/brave), no booking-site link that looks like this stay	retry
resort-divine-ganga	Divine Ganga Resort	rishikesh	Ram Jhula	quick pass: 1 search(es) (google/bing/brave), no booking-site link that looks like this stay	retry
g-ChIJ7b1EjHtHCTkRlHdQ_jBF5tY	Nanda Residency by Desire Hospitality	haridwar		quick pass: 1 search(es) (google/bing/brave), no booking-site link that looks like this stay	retry
g-ChIJt3iriNATCTkR2oNrKwV76Yk	Camp Bagheera- Luxury camps in Rishikesh	rishikesh		quick pass: links found on search 1 (brave/search.brave); opened 2 booking-site link(s), none was this stay	retry
g-ChIJhbfN0P9GCTkRCYQl7HJh8bI	Shri Harihar Bhawan	haridwar		quick pass: links found on search 1 (firefox/bing(au)); opened 2 booking-site link(s), none was this stay	retry
oyo-mg-residency	OYO Hotel Mg Residency	rishikesh	Muni Ki Reti	quick pass: 1 search(es) (google/bing/brave), no booking-site link that looks like this stay	retry
g-ChIJ8dPa8xpHCTkRijlpwPBZiPY	Hotel Nilanchal	haridwar		quick pass: links found on search 1 (edge/bing(de)); opened 2 booking-site link(s), none was this stay	retry
g-ChIJm0Pe64BHCTkRfDUZJhXLaU8	Adhya Shri Holidays	haridwar		quick pass: 1 search(es) (google/bing/brave), no booking-site link that looks like this stay	retry
g-ChIJXa9p2zsXCTkRl7ETeXHv4GA	Hotel Samrat	rishikesh		quick pass: 1 search(es) (google/bing/brave), no booking-site link that looks like this stay	retry
g-ChIJw6tRxypHCTkRtaoEiqiVg60	Time Stays Hotels in Haridwar	haridwar		quick pass: 1 search(es) (google/bing/brave), no booking-site link that looks like this stay	retry
g-ChIJT9EX4OUXCTkRSvdcefRd1iU	Rishikesh Paradise	rishikesh		quick pass: links found on search 1 (brave/search.brave); opened 2 booking-site link(s), none was this stay	retry
g-ChIJi5bvYTwWCTkR1TO4PQw6W-8	Luxury 3 Bedroom's Apartment	rishikesh		quick pass: links found on search 1 (opera/bing(au)); opened 1 booking-site link(s), none was this stay	retry
g-ChIJe4XuppNLCTkRdfwUSKV4v_4	Maharishi Balmiki Ashram	haridwar		quick pass: 1 search(es) (google/bing/brave), no booking-site link that looks like this stay	retry
g-ChIJ4dsZCqRJCTkRUR7XAz_yC-w	Hero Gharaunda Peaceful 2BHK in Gated Community - Two-Bedroom Apartment	haridwar		quick pass: links found on search 1 (edge/bing(de)); opened 1 booking-site link(s), none was this stay	retry
fabhotel-madhuban-inn	Fabhotel Madhuban Inn	rishikesh	Haridwar Road	quick pass: links found on search 1 (brave/search.brave); opened 2 booking-site link(s), none was this stay	retry
divine-haridwar	Hotel Divine Inn	haridwar	Kharkhari	quick pass: 1 search(es) (google/bing/brave), no booking-site link that looks like this stay	retry
blessed-cottages	Blessed Cottages	rishikesh	Laxman Jhula	quick pass: links found on search 1 (opera/bing(au)); opened 1 booking-site link(s), none was this stay	retry
the-pacific-grand	Hotel the Pacific Grand	haridwar	Shantikunj & Saptrishi	quick pass: links found on search 1 (brave/search.brave); opened 2 booking-site link(s), none was this stay	retry
g-ChIJHfWjthkjCTkRrR79WOojcVQ	Sparsh Himalayan shivir lekhak gaon	rishikesh		quick pass: links found on search 1 (firefox/bing(au)); opened 2 booking-site link(s), none was this stay	retry
shubhra-heights-near-laxman-jhulla-near-bus-stand	Shubhra Heights Rishikesh !! Near Laxman Jhulla # Near Bus Stand & Railway Station # Prime Location Tapovan	rishikesh	Tapovan	quick pass: links found on search 1 (opera/bing(au)); opened 2 booking-site link(s), none was this stay; pages would not load: Agoda, MakeMyTrip	retry
g-ChIJ1QHot0RGCTkRag5X0iPN3Hw	Balmiki Ashram, Kankhal	haridwar		quick pass: 1 search(es) (google/bing/brave), no booking-site link that looks like this stay	retry
g-ChIJ1WNiPwBJCTkRqNtimoQ4mfE	Priyanshu home	haridwar		quick pass: links found on search 1 (edge/bing(de)); opened 2 booking-site link(s), none was this stay; pages would not load: Agoda	retry
g-ChIJVaqXq_oiCTkR5QJkVLi6JLQ	Itharana VijayRaaj Homestay - Double Room	rishikesh		quick pass: 1 search(es) (google/bing/brave), no booking-site link that looks like this stay	retry
g-ChIJPfrlf0U5CTkR3uu09fCY1AA	Sandy butola	rishikesh		quick pass: 1 search(es) (google/bing/brave), no booking-site link that looks like this stay	retry
g-ChIJXVK-7WwXCTkRE4w0Dj_P_xw	Camp Jugnoo | Camping in Rishikesh	rishikesh		quick pass: links found on search 1 (brave/search.brave); opened 2 booking-site link(s), none was this stay	retry
g-ChIJ602A2zgWCTkRLuX0J0d6Kyk	Ananda Hotel	rishikesh		quick pass: links found on search 1 (opera/bing(au)); opened 1 booking-site link(s), none was this stay	retry
g-ChIJyVYdmfpHCTkRnC1w8YqW7dA	Haridwar Ka Mandir	haridwar		quick pass: 1 search(es) (google/bing/brave), no booking-site link that looks like this stay	retry
villa-luxury-4-bedrooms-indepandent	Luxury 4 Bedroom's Indepandent Villa	rishikesh	Ram Jhula	quick pass: 1 search(es) (google/bing/brave), no booking-site link that looks like this stay	retry
g-ChIJB32kjlM-CTkRmD7CK1kpNks	Maikada - Apartment	rishikesh		quick pass: 1 search(es) (google/bing/brave), no booking-site link that looks like this stay	retry
g-ChIJxZRpa9ZHCTkRI2SpVkZRIA4	Hotel pali	haridwar		quick pass: 1 search(es) (google/bing/brave), no booking-site link that looks like this stay	retry
g-ChIJG0tBvBRHCTkR0LbxzsTgi2w	Jain Kutir	haridwar		quick pass: 1 search(es) (google/bing/brave), no booking-site link that looks like this stay	retry
g-ChIJ27rChPU9CTkRcPswmcxuoqM	Yamunotri Guest House	rishikesh		quick pass: 1 search(es) (google/bing/brave), no booking-site link that looks like this stay	retry
g-ChIJExG7lkUWCTkReSM34LcqMyA	Solace Homestay - Standard Family Room	rishikesh		quick pass: 1 search(es) (google/bing/brave), no booking-site link that looks like this stay	retry
g-ChIJidXJuB0WCTkR-ZNcn2ViqY0	Kailasha Ramjhula	rishikesh		quick pass: links found on search 1 (brave/search.brave); opened 2 booking-site link(s), none was this stay	retry
flagship-shivoham-palace	Flagship Hotel Shivoham Palace	rishikesh	Tapovan	quick pass: links found on search 1 (opera/bing(au)); opened 1 booking-site link(s), none was this stay	retry
g-ChIJGz02apEXCTkRrT4zaoqSP6g	Manikut Hills	rishikesh		quick pass: 1 search(es) (google/bing/brave), no booking-site link that looks like this stay	retry
g-ChIJsS2jpapHCTkRBAQyhmdKN6k	Smiley Hotels and Resorts	haridwar		quick pass: 1 search(es) (google/bing/brave), no booking-site link that looks like this stay	retry
g-ChIJg2TjY98lCTkRGk4Zqx4xEYA	The Himalayas home stay	rishikesh		quick pass: links found on search 1 (firefox/bing(au)); opened 2 booking-site link(s), none was this stay	retry
g-ChIJeydoO0dJCTkRewn1M1Ezp2s	Hotel Arti	haridwar		quick pass: 1 search(es) (google/bing/brave), no booking-site link that looks like this stay	retry
g-ChIJKwbkX6JHCTkRgLMza6HvKAg	Rohit Hotel. Haridwar. Har ki podi	haridwar		quick pass: 1 search(es) (google/bing/brave), no booking-site link that looks like this stay	retry
g-ChIJD2tClaU4CTkRvX0B5kifi6I	GGrace home stay at Haridwar - One-Bedroom Apartment	haridwar		quick pass: 1 search(es) (google/bing/brave), no booking-site link that looks like this stay	retry
g-ChIJyTO2HAAXCTkRZFaxDam8ufw	Ganga View Homestay	rishikesh		quick pass: links found on search 1 (opera/bing(au)); opened 2 booking-site link(s), none was this stay; pages would not load: MakeMyTrip	retry
siya-aarogyam-rishikesh	Siya Aarogyam Hotel	rishikesh	Muni Ki Reti	quick pass: links found on search 1 (firefox/bing(au)); opened 1 booking-site link(s), none was this stay	retry
g-ChIJ-wKathU-CTkRJS5h470TX1U	Homestay Near Triveni ghat - One-Bedroom Apartment	rishikesh		name too generic to identify on a booking site (core "Homestay"); check by hand	manual
g-ChIJe3KKQho_CTkRuKmGjuwkrtY	The Hidden Paradise	rishikesh		quick pass: links found on search 1 (edge/bing(de)); opened 1 booking-site link(s), none was this stay	retry
g-ChIJaZyvFYIXCTkRIMiVZ1pSXCA	Kaafirana Adventure | Camps and Cottages	rishikesh		quick pass: links found on search 1 (opera/bing(au)); opened 1 booking-site link(s), none was this stay	retry
g-ChIJ1yvwBAA_CTkRmXOruInu3I4	Windsor stays	haridwar		quick pass: links found on search 1 (firefox/bing(au)); opened 1 booking-site link(s), none was this stay	retry
g-ChIJvVEM_fYWCTkRhQNFeUR4WZU	Hotel Royal Tree	rishikesh		quick pass: 1 search(es) (google/bing/brave), no booking-site link that looks like this stay	retry
g-ChIJsYQWUW0VCTkR2b5VMtLj93E	Sunput Home stay	rishikesh		quick pass: 1 search(es) (google/bing/brave), no booking-site link that looks like this stay	retry
g-ChIJgf83P2sXCTkR3Cr0_pCMDBY	Camping In Rishikesh Booking | Destination wedding in Rishikesh	rishikesh		quick pass: 1 search(es) (google/bing/brave), no booking-site link that looks like this stay	retry
the-new-krishna-cottage	The New Krishna Cottage	rishikesh	Swarg Ashram	quick pass: links found on search 1 (edge/bing(de)); opened 2 booking-site link(s), none was this stay	retry
g-ChIJacp8AuM6CTkRlAi0KNN48IE	Skylight Suites 1BHK Apartment near Jolly Grant Airport - Suite Apartment	rishikesh		quick pass: 1 search(es) (google/bing/brave), no booking-site link that looks like this stay	retry
g-ChIJa5d5GyI_CTkREK_HbPIZYHw	Annu	rishikesh		quick pass: 1 search(es) (google/bing/brave), no booking-site link that looks like this stay	retry
g-ChIJT_WlWltHCTkRg9rugN39J5o	Ashish	haridwar		quick pass: 1 search(es) (google/bing/brave), no booking-site link that looks like this stay	retry
g-ChIJ48I1IgAVCTkR8oLLkWmjDts	Amritava Resorts	rishikesh		quick pass: links found on search 1 (brave/search.brave); opened 2 booking-site link(s), none was this stay	retry
fabhotel-kirti-heritage	Fabhotel Kirti Heritage	haridwar	Bhupatwala	quick pass: links found on search 1 (opera/bing(au)); opened 2 booking-site link(s), none was this stay; pages would not load: MakeMyTrip	retry
g-ChIJ7yObEQBHCTkRjBhLq5ynlx0	Hotel The Everlite	haridwar		quick pass: 1 search(es) (google/bing/brave), no booking-site link that looks like this stay	retry
g-ChIJnRrXawA7CTkRnz7hLCphGoE	Majri grant	rishikesh		quick pass: links found on search 1 (opera/bing(au)); opened 1 booking-site link(s), none was this stay	retry
g-ChIJvQndiftLCTkReH8zQo4XFv4	Adorable Stay - Haridwar	haridwar		quick pass: 1 search(es) (google/bing/brave), no booking-site link that looks like this stay	retry
g-ChIJqXj3NwAVCTkRxuXkqMp629s	PRIDE INN LUXURY RESORTS	rishikesh		quick pass: 1 search(es) (google/bing/brave), no booking-site link that looks like this stay	retry
g-ChIJQXZSrb0_CTkRSTxAGSvclvs	The Hikari Stays, Rishikesh	rishikesh		quick pass: links found on search 1 (edge/bing(de)); opened 1 booking-site link(s), none was this stay	retry
g-ChIJE8V2Ge4-CTkRzoQ6ARMuW04	Karnatak Bhavan	rishikesh		quick pass: links found on search 1 (brave/search.brave); opened 2 booking-site link(s), none was this stay	retry
g-ChIJC8gquQBHCTkR_g5EBEAptAU	Megha Yatri Niwas Guest House	haridwar		quick pass: links found on search 1 (opera/bing(au)); opened 2 booking-site link(s), none was this stay; pages would not load: Goibibo, Agoda	retry
g-ChIJbWL-RgATCTkR7E_8UCK9z-Q	The Neelkanth Resort	rishikesh		quick pass: 1 search(es) (google/bing/brave), no booking-site link that looks like this stay	retry
g-ChIJcSpmMBNHCTkRVplE3Jhz84s	HOTEL VIKAS	haridwar		quick pass: links found on search 1 (edge/bing(de)); opened 1 booking-site link(s), none was this stay	retry
g-ChIJJ-oZeWdHCTkRs-8UmHPpb5U	saraswat Dharmsala	haridwar		quick pass: 1 search(es) (google/bing/brave), no booking-site link that looks like this stay	retry
g-ChIJyXFoLgA7CTkRyWy1knnloEA	Ankush House	rishikesh		quick pass: 1 search(es) (google/bing/brave), no booking-site link that looks like this stay	retry
kala-retreat	Kala Retreat Hotel	rishikesh	Nirmal Bagh near Ganges	quick pass: links found on search 1 (opera/bing(au)); opened 2 booking-site link(s), none was this stay	retry
the-olivia	The Olivia Rishikesh Apartment	rishikesh	Tapovan	quick pass: 1 search(es) (google/bing/brave), no booking-site link that looks like this stay	retry
g-ChIJs4_oZnUVCTkR-_TWH53dPNI	Anandvan Jungle Resort by Dev Group of Hotels Rishikesh Real	rishikesh		quick pass: 1 search(es) (google/bing/brave), no booking-site link that looks like this stay	retry
g-ChIJ6Vi8zfBICTkRzcJI0tEaQus	Shiva Guest House & P.G	haridwar		quick pass: links found on search 1 (edge/bing(de)); opened 2 booking-site link(s), none was this stay	retry
g-ChIJ6_MAMgAjCTkRqzO23fSnsVc	Hul-Chal Kutir	rishikesh		quick pass: links found on search 1 (brave/search.brave); opened 1 booking-site link(s), none was this stay	retry
villa-aloha-1-bhk-with-infinity-pool	Aloha 1 & 2BHK With Infinity Pool Villa	rishikesh	Tapovan	quick pass: links found on search 1 (firefox/bing(au)); opened 2 booking-site link(s), none was this stay	retry
koteshwaram-homes	Koteshwaram by Ashkothomes	rishikesh	Elsewhere in Rishikesh	quick pass: links found on search 1 (opera/bing(au)); opened 2 booking-site link(s), none was this stay	retry
g-ChIJkTButURHCTkRrSn3YZeQOmA	BABA KHEYSNATH DHERAM SALA	haridwar		quick pass: 1 search(es) (google/bing/brave), no booking-site link that looks like this stay	retry
g-ChIJP1g9hkAWCTkRGEtXmc9slyI	Ganga Niwas Swarg Ashram	rishikesh		quick pass: 1 search(es) (google/bing/brave), no booking-site link that looks like this stay	retry
g-ChIJa-wMbjURCTkRXsWZwz5lA4Y	Hotel Nature's Nook	rishikesh		quick pass: links found on search 1 (edge/bing(de)); opened 2 booking-site link(s), none was this stay	retry
g-ChIJq6RtPkUWCTkRaimlEagdRFU	Hotel Vyas	rishikesh		quick pass: links found on search 1 (opera/bing(au)); opened 2 booking-site link(s), none was this stay; pages would not load: Goibibo, Agoda	retry
g-ChIJTdOYGABHCTkRj_bznavFB24	OYO 18267 Sunita	haridwar		quick pass: 1 search(es) (google/bing/brave), no booking-site link that looks like this stay	retry
g-ChIJraqO8KlHCTkRuoHJWTTcHso	Hotel Manokamana Palace	haridwar		quick pass: links found on search 1 (brave/search.brave); opened 2 booking-site link(s), none was this stay	retry
g-ChIJmSyf2iAkCTkRBvCBXzReSEg	The Chirping Sal Villa, by ShivStuti HomeStays - Three-Bedroom Villa	rishikesh		quick pass: links found on search 1 (opera/bing(au)); opened 1 booking-site link(s), none was this stay	retry
g-ChIJ-5gyDQANCTkRFIBphXVQIEE	Jungle Resort	rishikesh		quick pass: links found on search 1 (edge/bing(de)); opened 2 booking-site link(s), none was this stay	retry
g-ChIJDyA9bYERCTkRVfsmWd6Li70	Anand Lok, Across The Ganga	rishikesh		quick pass: 1 search(es) (google/bing/brave), no booking-site link that looks like this stay	retry
goroomgo-shiva-palace-near-railway-station-excellent	Goroomgo Shiva Palace Haridwar near Railway Station – Excellent Customer Service – Best Seller	haridwar	Railway Station	quick pass: links found on search 1 (firefox/bing(au)); opened 2 booking-site link(s), none was this stay	retry
g-ChIJqU_3nTUTCTkRInDbICBKwrs	Natures Walks/ Hotel & Camping	rishikesh		quick pass: links found on search 1 (opera/bing(au)); opened 1 booking-site link(s), none was this stay	retry
g-ChIJ3wsbOENHCTkRYvhta_1IkxU	Siyaram janki vallabh sewa sadan	haridwar		quick pass: 1 search(es) (google/bing/brave), no booking-site link that looks like this stay	retry
g-ChIJ1UOYfQAXCTkRBmXaaYrx1x4	Happy Avenue II	rishikesh		quick pass: links found on search 1 (edge/bing(de)); opened 2 booking-site link(s), none was this stay	retry
g-ChIJF0EIzHJHCTkRkwMImNAQaEc	Shri sadguru yog dham	haridwar		quick pass: 1 search(es) (google/bing/brave), no booking-site link that looks like this stay	retry
g-ChIJMzAb6aQTCTkR2HuEuWYF4cA	RiverNest Resort | Riverside Camping In Rishikesh	rishikesh		quick pass: links found on search 1 (opera/bing(au)); opened 2 booking-site link(s), none was this stay	retry
g-ChIJZ6vZegA_CTkRMmJ1hn1AoHE	Ganga Milan Home Stay	rishikesh		quick pass: 1 search(es) (google/bing/brave), no booking-site link that looks like this stay	retry
g-ChIJUaU4rgFHCTkRW6HXjW9UCGg	Hotel Dezire	haridwar		quick pass: links found on search 1 (edge/bing(de)); opened 2 booking-site link(s), none was this stay; pages would not load: Trip.com	retry
g-ChIJwVbCKDhGCTkRIyJoDNCh6E8	Hotel Rest Inn	haridwar		quick pass: 1 search(es) (google/bing/brave), no booking-site link that looks like this stay	retry
g-ChIJbT9zmnNJCTkRrjUvTZ-2rYU	Riverview Resort	haridwar		quick pass: 1 search(es) (google/bing/brave), no booking-site link that looks like this stay	retry
g-ChIJLduJsxU-CTkRHkAhBnEPEHU	Shree Jee Heights Heaven Hideout on the Ganges - One-Bedroom Apartment	rishikesh		quick pass: 1 search(es) (google/bing/brave), no booking-site link that looks like this stay	retry
g-ChIJ8y-Cy90XCTkRIpHJw0CTEBM	Camps in Rishikesh - Swimming Pool, Beach Camps, Luxury Jungle Camps, New Year Party, Holi Party in Rishikesh	rishikesh		quick pass: 1 search(es) (google/bing/brave), no booking-site link that looks like this stay	retry
g-ChIJk2dkaAFHCTkR9_5rLKl--Ds	MAIDH SWARNKARO KI DHARMSHALA , HARIDWAR	haridwar		quick pass: 1 search(es) (google/bing/brave), no booking-site link that looks like this stay	retry
g-ChIJzWbaHxY_CTkRrAaGTAUQiKw	Hotel Aghanya Pride	rishikesh		quick pass: links found on search 1 (opera/bing(au)); opened 1 booking-site link(s), none was this stay	retry
g-ChIJCzQFx9ITCTkRPfL9GCSia_s	Riversun India Holiday Resort	rishikesh		quick pass: 1 search(es) (google/bing/brave), no booking-site link that looks like this stay	retry
g-ChIJ6ZEgFgAVCTkRfWyJzl5La1E	Destination Wedding In Rishikesh	rishikesh		quick pass: 1 search(es) (google/bing/brave), no booking-site link that looks like this stay	retry
g-ChIJGbz3-UkXCTkRQf7qyG2m1fg	Devbhoomi ZoomX Rentals	rishikesh		quick pass: 1 search(es) (google/bing/brave), no booking-site link that looks like this stay	retry
g-ChIJlz2V_hNHCTkRGoPGSF9CGdc	Guru Kripa Guest House	haridwar		quick pass: links found on search 1 (opera/bing(au)); opened 2 booking-site link(s), none was this stay	retry
g-ChIJIYdkihs-CTkR-Qui7z4yUgI	Homely villa - Two-Bedroom Apartment	rishikesh		quick pass: 1 search(es) (google/bing/brave), no booking-site link that looks like this stay	retry
g-ChIJvWLuujs_CTkRopGF8r5ybbs	Mukund Madhav Kutir Homestay	rishikesh		quick pass: 1 search(es) (google/bing/brave), no booking-site link that looks like this stay	retry
g-ChIJHZ5dL6VFCTkRAtURobPuKNY	Ganga Bliss - A Riverside Homestay Style Resort In Haridwar	haridwar		quick pass: links found on search 1 (edge/bing(de)); opened 2 booking-site link(s), none was this stay	retry
g-ChIJVWa4YT0-CTkRY5VlJ_Dcu8I	Homestay Yuvraj - Two-Bedroom Apartment	rishikesh		quick pass: 1 search(es) (google/bing/brave), no booking-site link that looks like this stay	retry
g-ChIJB2qOUQBLCTkRThL7Jxnv50c	Dabur guest house	haridwar		quick pass: 1 search(es) (google/bing/brave), no booking-site link that looks like this stay	retry
g-ChIJ5Tt8rzolCTkRtSpRismmDNU	HOTEL RUDRA	rishikesh		quick pass: 1 search(es) (google/bing/brave), no booking-site link that looks like this stay	retry
g-ChIJUVvVJWUXCTkRGOVRPKtRSOQ	Pundir homestay	rishikesh		quick pass: 1 search(es) (google/bing/brave), no booking-site link that looks like this stay	retry
g-ChIJ3XaQcUNHCTkRodSpa0MYefo	Brahman Swarnkar Dharamshala	haridwar		quick pass: 1 search(es) (google/bing/brave), no booking-site link that looks like this stay	retry
g-ChIJDR5VJkE9CTkR8UF-Zj-1BdA	Gaytri Nivas	rishikesh		quick pass: 1 search(es) (google/bing/brave), no booking-site link that looks like this stay	retry
g-ChIJncEfvloWCTkR2Rm8F9XdFzc	Satya Living Spaces at Aloha by the Ganges - Two-Bedroom Apartment	rishikesh		quick pass: links found on search 1 (opera/bing(au)); opened 2 booking-site link(s), none was this stay; pages would not load: MakeMyTrip	retry
g-ChIJATKG2fg_CTkRxNxRFtUuOsE	Evara By The Ganges	rishikesh		quick pass: 1 search(es) (google/bing/brave), no booking-site link that looks like this stay	retry
g-ChIJsYUHlhBLCTkRe7drf1TwdEM	Sahiba kassar	haridwar		quick pass: 1 search(es) (google/bing/brave), no booking-site link that looks like this stay	retry
g-ChIJMz3uvgEXCTkRYgshMT47iSU	Jungle camp in rishikesh laxman jhula	rishikesh		quick pass: 1 search(es) (google/bing/brave), no booking-site link that looks like this stay	retry
g-ChIJ3ysgSgAjCTkRjlN7QelIOZA	Sheela ki Chowki (Raturi Resort)	rishikesh		quick pass: 1 search(es) (google/bing/brave), no booking-site link that looks like this stay	retry
g-ChIJGy-3dAAXCTkRyGxqLMAUKvw	Hotel Gangesh	rishikesh		quick pass: 1 search(es) (google/bing/brave), no booking-site link that looks like this stay	retry
g-ChIJbQ4ZHYEVCTkRiVRYnW3r2AY	The Calmora River Resort	rishikesh		quick pass: 1 search(es) (google/bing/brave), no booking-site link that looks like this stay	retry
g-ChIJv08y1mIjCTkR7yIMaldSGD8	Kodarna	rishikesh		quick pass: 1 search(es) (google/bing/brave), no booking-site link that looks like this stay	retry
g-ChIJZaAKWnxJCTkR8OBp2CpbeiA	Ranipur FRH Banglow	haridwar		quick pass: 1 search(es) (google/bing/brave), no booking-site link that looks like this stay	retry
g-ChIJebkVXPdJCTkRTp0-Fpq2xDY	HOTEL ANVARAT	haridwar		quick pass: 1 search(es) (google/bing/brave), no booking-site link that looks like this stay	retry
g-ChIJ33W9oJJHCTkRzJjkAnwx2WY	Moon River	haridwar		quick pass: 1 search(es) (google/bing/brave), no booking-site link that looks like this stay	retry
g-ChIJVfSluuZJCTkRVJIcs7rBHsk	Neelkanth Dham Harydwar	haridwar		quick pass: links found on search 1 (opera/bing(au)); opened 1 booking-site link(s), none was this stay; pages would not load: Agoda	retry
g-ChIJs-iE1v9GCTkReHFaZMHGYko	New Ludhiana Dharamsala Trust	haridwar		quick pass: 1 search(es) (google/bing/brave), no booking-site link that looks like this stay	retry
g-ChIJpzoJ6l0XCTkRm7qQQi-MoRA	Bablu Camp	rishikesh		quick pass: 1 search(es) (google/bing/brave), no booking-site link that looks like this stay	retry
g-ChIJP5nfXCsjCTkRIpneC76qtrs	Resort	rishikesh		name too generic to identify on a booking site (core "Resort"); check by hand	manual
g-ChIJV_8IVwAlCTkR-kfZh5gAvz4	Paradiso in	rishikesh		quick pass: 1 search(es) (google/bing/brave), no booking-site link that looks like this stay	retry
g-ChIJOV40rnsXCTkR2HISSFDbTFM	Ganga view Homestay(A unit of SGH)	rishikesh		quick pass: 1 search(es) (google/bing/brave), no booking-site link that looks like this stay	retry
g-ChIJrThL4DJLCTkR4YBaNuA2P84	Hotel O Panchayanpur Haridwar Adinath Guest House	haridwar		quick pass: 1 search(es) (google/bing/brave), no booking-site link that looks like this stay	retry
g-ChIJ70nGn3EXCTkRdz6sRlyhSIw	Jeevani Mata Dharamshala	rishikesh		quick pass: 1 search(es) (google/bing/brave), no booking-site link that looks like this stay	retry
g-ChIJC2rA8T0-CTkRP1bV4dgvcTU	Radha Krishna Homestay - One-Bedroom Apartment	rishikesh		quick pass: links found on search 1 (firefox/bing(au)); opened 2 booking-site link(s), none was this stay	retry
g-ChIJGbmXt7lACTkR36WcQUVXL-g	GMVN Chilla,Rajaji National Park,Haridwar	haridwar		quick pass: links found on search 1 (opera/bing(au)); opened 2 booking-site link(s), none was this stay	retry
budget-friendly-deecon-valley-1bhk-modern-flat-lift	Deecon Valley City Escape 1BHK Lux Flat Tapovan	rishikesh	Tapovan	quick pass: 1 search(es) (google/bing/brave), no booking-site link that looks like this stay	retry
g-ChIJiZOWEU5GCTkRljD1uy8z1bk	Seva Sadan	haridwar		quick pass: 1 search(es) (google/bing/brave), no booking-site link that looks like this stay	retry
g-ChIJG97d2YIXCTkRIhralH8E8ho	Dream View Resort	rishikesh		quick pass: links found on search 1 (firefox/bing(au)); opened 1 booking-site link(s), none was this stay	retry
house-1-bedroom-in-tehri-garhwal	1 Bedroom Guest House in Tehri – Garhwal	rishikesh	Tapovan	quick pass: links found on search 1 (edge/bing(de)); opened 2 booking-site link(s), none was this stay	retry
g-ChIJgfYRNwBJCTkRFtC_7cg2ZL4	Tower green house	haridwar		quick pass: 1 search(es) (google/bing/brave), no booking-site link that looks like this stay	retry
g-ChIJpwHyDAAlCTkRdZnCtmKVqyY	Lekhwar Homestay	rishikesh		quick pass: 1 search(es) (google/bing/brave), no booking-site link that looks like this stay	retry
g-ChIJQxUCH2pGCTkRlnYcmC4SGzM	HOTEL AMAR	haridwar		quick pass: links found on search 1 (firefox/bing(au)); opened 2 booking-site link(s), none was this stay	retry
villa-sri-chetan-jyoti-ashram	Sri Chetan Jyoti Ashram Villa	haridwar	Bhupatwala	quick pass: 1 search(es) (google/bing/brave), no booking-site link that looks like this stay	retry
g-ChIJ2WWRYhNHCTkRVBvNBcU7D0M	Multan Jot Sabha	haridwar		quick pass: 1 search(es) (google/bing/brave), no booking-site link that looks like this stay	retry
g-ChIJZ3lDdVE-CTkRP6mFepsLQ64	The Army house 6- Premium condo with mountain view - One-Bedroom Apartment	rishikesh		quick pass: links found on search 1 (opera/bing(au)); opened 2 booking-site link(s), none was this stay; pages would not load: Agoda	retry
g-ChIJOfE2wmQXCTkRcxoHR71Y5nU	Hariyali Hill Retreat Homestay	rishikesh		quick pass: 1 search(es) (google/bing/brave), no booking-site link that looks like this stay	retry
g-ChIJ_ZERRERGCTkRpa70_LcZQ_g	Hotel Pritam Bhawan	haridwar		quick pass: 1 search(es) (google/bing/brave), no booking-site link that looks like this stay	retry
g-ChIJM49O4DMRCTkRIChGnj9ObJs	Camping in Rishikesh	rishikesh		quick pass: 1 search(es) (google/bing/brave), no booking-site link that looks like this stay	retry
g-ChIJ1YcWAUcXCTkR-kXLlY8rDxU	Shangrie-La Cascade	rishikesh		quick pass: links found on search 1 (opera/bing(au)); opened 1 booking-site link(s), none was this stay	retry
g-ChIJYWAzmjYUCTkRyx9G7UI1wzE	Aureva Shaantam Resort Rishikesh	rishikesh		quick pass: links found on search 1 (firefox/bing(au)); opened 2 booking-site link(s), none was this stay	retry
g-ChIJmdu33QNHCTkR0Wt5FEbJN5g	Anand Bhairav Dharmshala Haridwar	haridwar		quick pass: 1 search(es) (google/bing/brave), no booking-site link that looks like this stay	retry
g-ChIJC13CldQXCTkRKfA5x6FzRVM	Luxury Camping in Shivpuri	rishikesh		quick pass: 1 search(es) (google/bing/brave), no booking-site link that looks like this stay	retry
g-ChIJ-6BJDGwXCTkRUx4e0W89_rs	Artist Valley Homestay	rishikesh		quick pass: links found on search 1 (firefox/bing(au)); opened 1 booking-site link(s), none was this stay	retry
g-ChIJDYSnvxRHCTkRfoOuIQIyEXY	Dharmashala S. Sundar Singh Ji Khurana Of Jammu	haridwar		quick pass: links found on search 1 (edge/bing(de)); opened 2 booking-site link(s), none was this stay	retry
the-shore-boho	The Shore Boho	rishikesh	Tapovan	quick pass: 1 search(es) (google/bing/brave), no booking-site link that looks like this stay	retry
g-ChIJY2Bg9g4XCTkRiD-Psf7eJT0	Hotel Vlax	rishikesh		quick pass: 1 search(es) (google/bing/brave), no booking-site link that looks like this stay	retry
aditya-sheraton-haridwar	Hotel Aditya Sheraton near Harki Pauri	haridwar	Upper Road & Mayapur	quick pass: 1 search(es) (google/bing/brave), no booking-site link that looks like this stay	retry
g-ChIJc3t8WVYRCTkRQrkhoz4Q4Lc	Imperial Triangle Resort	rishikesh		quick pass: 1 search(es) (google/bing/brave), no booking-site link that looks like this stay	retry
g-ChIJD2lh5jBHCTkRmEWcvE8I6IE	Hotel pandit ji	haridwar		quick pass: links found on search 1 (edge/bing(de)); opened 1 booking-site link(s), none was this stay	retry
oyo-71304-shiv-murti-classic	OYO 71304 Hotel Shiv Murti Classic	haridwar	Upper Road & Mayapur	quick pass: 1 search(es) (google/bing/brave), no booking-site link that looks like this stay	retry
g-ChIJSxky1ThECTkR2TnrgsSboQ4	SHARMA guest house near emerald riveria Haridwar gazziwali - Double Room With Balcony	haridwar		quick pass: 1 search(es) (google/bing/brave), no booking-site link that looks like this stay	retry
g-ChIJy8hgUk8WCTkRIVTETV434wk	Luxurious Mountain View Apartment - Apartment with Balcony	rishikesh		quick pass: 1 search(es) (google/bing/brave), no booking-site link that looks like this stay	retry
g-ChIJ4_xwZj0WCTkRJm1Y2s0PSFg	Youth Hostel Association	rishikesh		quick pass: 1 search(es) (google/bing/brave), no booking-site link that looks like this stay	retry
g-ChIJb4W0NQ8XCTkR5UA98wiXXRM	Rafting Camping And Cottage Rishikesh	rishikesh		quick pass: 1 search(es) (google/bing/brave), no booking-site link that looks like this stay	retry
g-ChIJhUQxqb9ICTkRZTW4T-yWvUQ	Welstays Petalwoods - One-Bedroom Apartment	haridwar		quick pass: links found on search 1 (opera/bing(au)); opened 2 booking-site link(s), none was this stay	retry
g-ChIJFdaQEJ5JCTkRMeNO_1vY4yw	Hotel Door Bell Residency	haridwar		quick pass: 1 search(es) (google/bing/brave), no booking-site link that looks like this stay	retry
g-ChIJAeihGQAVCTkRaOetm9lmXvw	Sunshine rewar resort	rishikesh		quick pass: 1 search(es) (google/bing/brave), no booking-site link that looks like this stay	retry
g-ChIJLcR2dQA_CTkRNc5zv4P3rRw	Madan hotel	haridwar		quick pass: 1 search(es) (google/bing/brave), no booking-site link that looks like this stay	retry
g-ChIJrcdHAi0XCTkR2NauoDxyp5c	Shree Saket Dham Aashram	rishikesh		quick pass: links found on search 1 (edge/bing(de)); opened 2 booking-site link(s), none was this stay	retry
g-ChIJURVDdzY5CTkRLQFt3fZaVk0	Aashram Radha mohan Ashram	haridwar		quick pass: links found on search 1 (firefox/bing(au)); opened 2 booking-site link(s), none was this stay	retry
g-ChIJeVXiQTIRCTkRZzqobyBE4mU	Wondrous Camp - Luxury Camping Resort in Rishikesh	rishikesh		quick pass: 1 search(es) (google/bing/brave), no booking-site link that looks like this stay	retry
g-ChIJV3ibGfs_CTkRthhnRGI_4Eo	Sushma's homestay-2BHK	rishikesh		quick pass: 1 search(es) (google/bing/brave), no booking-site link that looks like this stay	retry
g-ChIJ____v0UWCTkR8yUXIdPD910	Hotel NV Tapovan, Rishikesh	rishikesh		quick pass: links found on search 1 (opera/bing(au)); opened 2 booking-site link(s), none was this stay; pages would not load: Agoda	retry
g-ChIJ7xK_q0UWCTkR8sJv8SrRMP8	Ensquare Hotel - 2 Bedroom apartment near laxman jhula tapovan - Two-Bedroom Apartment with Mountain View	rishikesh		quick pass: links found on search 1 (firefox/bing(au)); opened 2 booking-site link(s), none was this stay	retry
g-ChIJ-6tcXAAXCTkRpKcs7YbXhsQ	Swarg Ashram Dharmashala	rishikesh		quick pass: links found on search 1 (edge/bing(de)); opened 2 booking-site link(s), none was this stay	retry
g-ChIJfeqMZABHCTkRo-dYBuegORA	Daramshala	haridwar		quick pass: 1 search(es) (google/bing/brave), no booking-site link that looks like this stay	retry
g-ChIJAdnC-_EXCTkR87AbqkCJ6u4	Vayu - Nivasa | Studio in tapovan	rishikesh		quick pass: links found on search 1 (opera/bing(au)); opened 2 booking-site link(s), none was this stay; pages would not load: MakeMyTrip, Goibibo	retry
g-ChIJx4luj3sUCTkRuE4pMtTwPX8	Grandeur's Tiger Estate	rishikesh		quick pass: 1 search(es) (google/bing/brave), no booking-site link that looks like this stay	retry
g-ChIJB924NgBHCTkRJaEkN4FT6Sc	Shri Nirbhayanand Ashram	haridwar		quick pass: links found on search 1 (edge/bing(de)); opened 1 booking-site link(s), none was this stay	retry
g-ChIJMUUIiEAWCTkRkrXKU0jhQ8c	Akash Ganga	rishikesh		quick pass: 1 search(es) (google/bing/brave), no booking-site link that looks like this stay	retry
moonlight-camps-by-wb-inn	Moonlight Camps by Wb Inn	rishikesh	Muni Ki Reti	quick pass: links found on search 1 (chrome/search.brave); opened 2 booking-site link(s), none was this stay	retry
g-ChIJ49CpL81JCTkRX9WaKC1F6tc	Anandam Farms and Nature Resort	haridwar		quick pass: 1 search(es) (google/bing/brave), no booking-site link that looks like this stay	retry
g-ChIJn2PlDmpHCTkREPZG4vL23vk	Lala Kishanlal Seva Kunj	haridwar		quick pass: 1 search(es) (google/bing/brave), no booking-site link that looks like this stay	retry
g-ChIJW0B4CAAXCTkR3bkwVwoMe-E	Nakshatra AB home stay	rishikesh		quick pass: links found on search 1 (edge/bing(de)); opened 1 booking-site link(s), none was this stay	retry
g-ChIJe-lVIwAjCTkRZzNsJAQ949g	HUL-CHAL KUTEER	rishikesh		quick pass: 1 search(es) (google/bing/brave), no booking-site link that looks like this stay	retry
g-ChIJoyU8iO0XCTkRGUK7pk_q3RA	Shivpuri homestay by theorangefamily	rishikesh		quick pass: 1 search(es) (google/bing/brave), no booking-site link that looks like this stay	retry
g-ChIJCVLdzok_CTkRr16R-gASa7U	Shri dev bhoomi home stay	rishikesh		quick pass: 1 search(es) (google/bing/brave), no booking-site link that looks like this stay	retry
rama-top-rated-and-most-awarded-property-in	Hotel Rama, Top Rated and Most Awarded Property in Haridwar	haridwar	Har Ki Pauri	quick pass: links found on search 1 (edge/bing(de)); opened 2 booking-site link(s), none was this stay	retry
g-ChIJhUt8rzolCTkRgpMDN40hkAw	DDN-3BHK King Size Villa Near Airport Dehradoon - Three-Bedroom Apartment	rishikesh		quick pass: links found on search 1 (opera/bing(au)); opened 2 booking-site link(s), none was this stay; pages would not load: Agoda	retry
g-ChIJXbcGxTlGCTkRvQjLunRvrNc	Basant Guest House	haridwar		quick pass: links found on search 1 (chrome/search.brave); opened 2 booking-site link(s), none was this stay	retry
g-ChIJZ6BSvgskCTkRs2fzHpcxFzU	Ashutosh Homestay Thano Dehradun - Budget Single Room	rishikesh		quick pass: links found on search 1 (edge/bing(de)); opened 1 booking-site link(s), none was this stay	retry
g-ChIJQ_GwG1sWCTkRmGNV4U-8YQ0	Aditya Homestay - Double Room With Garden View	rishikesh		quick pass: 1 search(es) (google/bing/brave), no booking-site link that looks like this stay	retry
g-ChIJibFx0IpLCTkRj7qHi8CLLxQ	Swagat guest house & home stay	haridwar		quick pass: links found on search 1 (firefox/bing(au)); opened 2 booking-site link(s), none was this stay	retry
g-ChIJKdzcFQA9CTkR5jEmv8qoC6s	Jio	rishikesh		quick pass: 1 search(es) (google/bing/brave), no booking-site link that looks like this stay	retry
g-ChIJz9ULJU8-CTkR2BlqIBVLQ3Q	The Army House 2 - A Premium condo with mountains view - One-Bedroom Apartment	rishikesh		quick pass: links found on search 1 (opera/bing(au)); opened 2 booking-site link(s), none was this stay; pages would not load: Agoda, MakeMyTrip	retry
townhouse	Hotel Townhouse	rishikesh	Haridwar Road	quick pass: links found on search 1 (chrome/search.brave); opened 2 booking-site link(s), none was this stay	retry
g-ChIJDw4SPABJCTkRg-VHESW9jQw	Chandra pal	haridwar		quick pass: 1 search(es) (google/bing/brave), no booking-site link that looks like this stay	retry
g-ChIJyYElV0ZHCTkRkUtil8r-akc	RB HOTEL GRANDSTAY	haridwar		quick pass: 1 search(es) (google/bing/brave), no booking-site link that looks like this stay	retry
g-ChIJRwnaawA5CTkRwXruy0untE4	Haryana Hotel & Restaurant	haridwar		quick pass: 1 search(es) (google/bing/brave), no booking-site link that looks like this stay	retry
g-ChIJIeiAmQVHCTkREKtQcVMzzTM	Devki sadan	haridwar		quick pass: links found on search 1 (chrome/search.brave); opened 2 booking-site link(s), none was this stay	retry
g-ChIJf1Zh0wMXCTkRVqlAlzi5YZ0	Kabir Chaura Ashram Anna Kshetra	rishikesh		quick pass: 1 search(es) (google/bing/brave), no booking-site link that looks like this stay	retry
g-ChIJR5gE7UYiCTkRfs2uYD8h1VQ	Scenic & Beautiful Cottages for self awareness, nature and healing. (Room 1)	rishikesh		quick pass: 1 search(es) (google/bing/brave), no booking-site link that looks like this stay	retry
g-ChIJh0pbwlIXCTkRNN5wQKue2_E	CampHamlet	rishikesh		quick pass: 1 search(es) (google/bing/brave), no booking-site link that looks like this stay	retry
g-ChIJTTd4H99JCTkRysEr09GP8ao	Amit Homestay Studio	haridwar		quick pass: 1 search(es) (google/bing/brave), no booking-site link that looks like this stay	retry
g-ChIJh7lGMwANCTkR79cK6_Jgy9A	Jungle Resort	rishikesh		quick pass: 1 search(es) (google/bing/brave), no booking-site link that looks like this stay	retry
g-ChIJy8U2TwBHCTkR--azKVhtCjM	Shree gujrati shmaj haridwar hotel	haridwar		quick pass: links found on search 1 (opera/bing(au)); opened 1 booking-site link(s), none was this stay	retry
g-ChIJq6qq6lxICTkRSMSI8UALbv4	Haridwar Hotel & Resorts	haridwar		quick pass: 1 search(es) (google/bing/brave), no booking-site link that looks like this stay	retry
g-ChIJ3W-YYMYTCTkRXlukO9UjyFA	The Rock project By Qintara living	rishikesh		quick pass: links found on search 1 (chrome/search.brave); opened 2 booking-site link(s), none was this stay	retry
g-ChIJi4DnPn47CTkRm5NPno5p49U	Stay Uttarakhand	rishikesh		name too generic to identify on a booking site (core "Stay Uttarakhand"); check by hand	manual
g-ChIJL25tk7MlCTkR0te_VCrK7B0	SRHU Guest House Road	rishikesh		quick pass: 1 search(es) (google/bing/brave), no booking-site link that looks like this stay	retry
aluna-homestay	Aluna Homestay	rishikesh	Tapovan	quick pass: 1 search(es) (google/bing/brave), no booking-site link that looks like this stay	retry
g-ChIJhx4g6IEVCTkRnLgTY_4vPVk	Ekantam Riverside Resort - Resort for Destination Wedding in Rishikesh	rishikesh		quick pass: links found on search 1 (edge/bing(de)); opened 2 booking-site link(s), none was this stay	retry
divine-ganga	Divine Ganga Hotel	haridwar	Upper Road & Mayapur	quick pass: 1 search(es) (google/bing/brave), no booking-site link that looks like this stay	retry
g-ChIJSaRXWwBHCTkRQpzrN0zvIgw	om charitable trust	haridwar		quick pass: 1 search(es) (google/bing/brave), no booking-site link that looks like this stay	retry
g-ChIJl18azv49CTkRPnGE2vv49yM	Govind nagar	rishikesh		quick pass: links found on search 1 (chrome/search.brave); opened 2 booking-site link(s), none was this stay	retry
g-ChIJJeyxXxc-CTkRLfB5Aiu8dag	Green valley apartments - Two-Bedroom Apartment	rishikesh		quick pass: links found on search 1 (chrome/search.brave); opened 2 booking-site link(s), none was this stay	retry
g-ChIJw3p5Djs9CTkRC6BYX67pFok	Himalayan Inn Hotel	rishikesh		quick pass: 1 search(es) (google/bing/brave), no booking-site link that looks like this stay	retry
g-ChIJoUsgTew7CTkRPy9R8eVYkis	Hotel Surya Inn	rishikesh		quick pass: links found on search 1 (chrome/search.brave); opened 2 booking-site link(s), none was this stay	retry
g-ChIJuR7N0VA-CTkR_pj_i484bY0	Cheerful 2 bedroom cottage with refreshing view ! Pet friendly !	rishikesh		quick pass: 1 search(es) (google/bing/brave), no booking-site link that looks like this stay	retry
g-ChIJj7UtxO8XCTkR_i1deEp0SrA	Nature's Walk Camp	rishikesh		quick pass: 1 search(es) (google/bing/brave), no booking-site link that looks like this stay	retry
g-ChIJ_____-9HCTkRMKHrfvapDpg	Hotel Park Prime By ANAGH	haridwar		quick pass: links found on search 1 (edge/bing(de)); opened 1 booking-site link(s), none was this stay	retry
g-ChIJpXULrV8_CTkR0PFVvkOg-yU	Neelkanth Camps Rishikesh	rishikesh		quick pass: 1 search(es) (google/bing/brave), no booking-site link that looks like this stay	retry
g-ChIJ1zXLh10XCTkR58qohNU-P2A	Hotel tripal tree	rishikesh		quick pass: links found on search 1 (chrome/search.brave); opened 2 booking-site link(s), none was this stay	retry
g-ChIJEb5KTacXCTkRQyZ9KlhhqE4	Bonita Mira Dor	rishikesh		quick pass: links found on search 1 (opera/bing(au)); opened 2 booking-site link(s), none was this stay	retry
g-ChIJPXbO65dtCTkRB6Z6CT7W0Lw	Devbhoomi tourism	rishikesh		quick pass: links found on search 1 (chrome/search.brave); opened 2 booking-site link(s), none was this stay	retry
g-ChIJHcKeBzpHCTkRJNpUgl9bxv4	Rishabh Ganga	haridwar		quick pass: 1 search(es) (google/bing/brave), no booking-site link that looks like this stay	retry
rooms-for-family-by-raj	Family Stays – Hotel Raj	haridwar	Railway Station	quick pass: links found on search 1 (opera/bing(au)); opened 1 booking-site link(s), none was this stay	retry
g-ChIJN-TMRwAXCTkRTg2fPou1SBI	Khurjawali Dharamshala	rishikesh		quick pass: links found on search 1 (chrome/search.brave); opened 2 booking-site link(s), none was this stay; pages would not load: Agoda	retry
g-ChIJwylvATARCTkRAW3tSJo9u6U	Beach Camp Shivpuri Rishikesh	rishikesh		quick pass: 1 search(es) (google/bing/brave), no booking-site link that looks like this stay	retry
the-savera-house-serenity-comfort-in-the-heart-of	The Savera House – Serenity & Comfort in the Heart of Haridwar	haridwar	Kharkhari	quick pass: links found on search 1 (opera/bing(au)); opened 1 booking-site link(s), none was this stay; pages would not load: Trip.com	retry
g-ChIJp3paFABHCTkRoFu3tCDC_LM	Hotel Rudrakash	haridwar		quick pass: links found on search 1 (chrome/search.brave); opened 2 booking-site link(s), none was this stay	retry
g-ChIJR9GR3gY-CTkR8OfPhUMXrxo	Sky Mountain View apartment in Rishikesh - One-Bedroom Apartment	rishikesh		quick pass: 1 search(es) (google/bing/brave), no booking-site link that looks like this stay	retry
g-ChIJ3XgX5iINCTkRqp6DMt5KMfM	Taj Rishikesh Resort & Spa	rishikesh		quick pass: links found on search 1 (edge/bing(de)); opened 2 booking-site link(s), none was this stay	retry
g-ChIJ-fDjl84VCTkRUj7qw4LJKqw	Earthship Homestay at Rishikesh Yogashram	rishikesh		quick pass: 1 search(es) (google/bing/brave), no booking-site link that looks like this stay	retry
g-ChIJD4xdgwcUCTkRxkBK7nuBCS0	Camp AquaForest Rishikesh	rishikesh		quick pass: links found on search 1 (chrome/search.brave); opened 2 booking-site link(s), none was this stay	retry
g-ChIJXckOQa8TCTkRPpPMzf3ZYYY	The Water Front Resort, Rishikesh	rishikesh		quick pass: links found on search 1 (chrome/search.brave); opened 1 booking-site link(s), none was this stay; pages would not load: Agoda	retry
g-ChIJYVbRDMBqCTkR39CDrdGEuxQ	V Resorts Rajaji Jungle Castle	rishikesh		quick pass: 1 search(es) (google/bing/brave), no booking-site link that looks like this stay	retry
g-ChIJv95qQkAZCTkRX8rkoKnJK1k	Ackley - An Authentic Pahadi Homestay by StayApart - Double Room	rishikesh		quick pass: links found on search 1 (chrome/search.brave); opened 1 booking-site link(s), none was this stay	retry
g-ChIJ1YNh9P9GCTkRMs3dlvWbXZ4	Marwari Panchayeti Dharamsala Haridwar	haridwar		quick pass: 1 search(es) (google/bing/brave), no booking-site link that looks like this stay	retry
g-ChIJ__UoerVHCTkRqzay6xmbXrE	SHIV OM GUEST HOUSE	haridwar		quick pass: 1 search(es) (google/bing/brave), no booking-site link that looks like this stay	retry
g-ChIJJVd0BQA7CTkRTqbbcIMPGn4	Pandey fast food	rishikesh		quick pass: 1 search(es) (google/bing/brave), no booking-site link that looks like this stay	retry
g-ChIJrWO0RAA_CTkRdd6n7eBmGwM	Samatvam reserve- homestay	rishikesh		quick pass: 1 search(es) (google/bing/brave), no booking-site link that looks like this stay	retry
g-ChIJk3u8x0gWCTkRNAG7yR-EfLg	Atullyam Apartments - One-Bedroom Apartment	rishikesh		quick pass: 1 search(es) (google/bing/brave), no booking-site link that looks like this stay	retry
g-ChIJHXOmsos_CTkRyKEIF9QDFYk	Shree Retreat	rishikesh		quick pass: 1 search(es) (google/bing/brave), no booking-site link that looks like this stay	retry
g-ChIJAee-T349CTkRrpRYChXNm9Y	Luxury Ganges view Villa Homestay (Vacaow) - Deluxe Double Room	rishikesh		quick pass: links found on search 1 (opera/bing(au)); opened 1 booking-site link(s), none was this stay	retry
g-ChIJNQQgZt5HCTkR_jnFbnqjN4s	Hotel maheshwar palace	haridwar		quick pass: 1 search(es) (google/bing/brave), no booking-site link that looks like this stay	retry
g-ChIJWwRnKAAXCTkRmKKZTEpCpcY	Baba Kalikamli dharamshala new building	rishikesh		quick pass: 1 search(es) (google/bing/brave), no booking-site link that looks like this stay	retry
g-ChIJ_8iwFgwXCTkRq1h437t8CHQ	Ganga River tour (Sapera camp)	rishikesh		quick pass: 1 search(es) (google/bing/brave), no booking-site link that looks like this stay	retry
saptrishi-rishikesh	Hotel Saptrishi	rishikesh	Tapovan	quick pass: 1 search(es) (google/bing/brave), no booking-site link that looks like this stay	retry
g-ChIJC5IPadIXCTkRjz6ugItcvMY	Stay happy	rishikesh		quick pass: 1 search(es) (google/bing/brave), no booking-site link that looks like this stay	retry
g-ChIJa-t28BtHCTkRjNrmaAtx7vM	Hotel Radhe Kunj	haridwar		quick pass: 1 search(es) (google/bing/brave), no booking-site link that looks like this stay	retry
gangadham-dhramshala	Gangadham Dhramshala Hotel	haridwar	Rishikesh Road & Motichur	quick pass: 1 search(es) (google/bing/brave), no booking-site link that looks like this stay	retry
g-ChIJh6Qul3pICTkRm64pwqnrFuQ	Trishul Guest House	haridwar		quick pass: links found on search 1 (opera/bing(au)); opened 2 booking-site link(s), none was this stay; pages would not load: Goibibo	retry
kavya	Hotel Kavya	rishikesh	Tapovan	quick pass: 1 search(es) (google/bing/brave), no booking-site link that looks like this stay	retry
g-ChIJD8M4vAcUCTkRAa2LCcl9C0Y	Junglelore camp resort retreat - Tent	rishikesh		quick pass: links found on search 1 (firefox/bing(us)); opened 1 booking-site link(s), none was this stay	retry
g-ChIJExBG6CcRCTkRzPXeLelXPLI	Himalayan Walker|Shivpuri Rishikesh camping	rishikesh		quick pass: links found on search 1 (edge/bing(de)); opened 2 booking-site link(s), none was this stay	retry
g-ChIJMRDBST8XCTkRWWpXRWp-EvU	Ayush Homestay - Best Place in Rishikesh	rishikesh		quick pass: 1 search(es) (google/bing/brave), no booking-site link that looks like this stay	retry
g-ChIJcZmomakRCTkRnUIe9HYgze0	Ganga River View Luxury Camp in Rishikesh	rishikesh		quick pass: 1 search(es) (google/bing/brave), no booking-site link that looks like this stay	retry
g-ChIJc3nmZT0WCTkR1diAkNTHQTs	Shiv Ganga Guest House	rishikesh		quick pass: 1 search(es) (google/bing/brave), no booking-site link that looks like this stay	retry
g-ChIJH0I_qF1HCTkR9x0do8YPmfU	Hotel Bliss	haridwar		quick pass: 1 search(es) (google/bing/brave), no booking-site link that looks like this stay	retry
g-ChIJy2XdtGwXCTkRDGiFz1GSpXc	Quest nature Camp Shivpuri	rishikesh		quick pass: links found on search 1 (opera/bing(au)); opened 2 booking-site link(s), none was this stay	retry
g-ChIJNdepUlc_CTkRMtV3J9FpzCI	Nature Village Homestay Rajaji National Park	rishikesh		quick pass: links found on search 1 (edge/bing(de)); opened 1 booking-site link(s), none was this stay	retry
g-ChIJt_koWNkXCTkRiA4lBjW6KFY	Tapovan Swiss Camp	rishikesh		quick pass: 1 search(es) (google/bing/brave), no booking-site link that looks like this stay	retry
g-ChIJZUZEAkYWCTkRx2uOAxMPX44	Prakruti Homestay	rishikesh		quick pass: 1 search(es) (google/bing/brave), no booking-site link that looks like this stay	retry
g-ChIJucOK6xBHCTkR83N0xscxB3s	Rajesh Bhai Jhodpur Wala	haridwar		quick pass: 1 search(es) (google/bing/brave), no booking-site link that looks like this stay	retry
g-ChIJWSffTvojCTkRM25QuzkDdGY	Blisswood Resort	rishikesh		quick pass: 1 search(es) (google/bing/brave), no booking-site link that looks like this stay	retry
oyo-22298-mannat-farms	OYO 22298 Mannat Farms Hotel	rishikesh	Raiwala & Shyampur	quick pass: links found on search 1 (firefox/bing(us)); opened 1 booking-site link(s), none was this stay; pages would not load: Trip.com	retry
ganga-tapovan-room	Ganga Tapovan Room	rishikesh	Tapovan	quick pass: 1 search(es) (google/bing/brave), no booking-site link that looks like this stay	retry
g-ChIJ44x_9LITCTkRFq_nMAmGZkk	The Girisha Riverside Resort	rishikesh		quick pass: links found on search 1 (opera/bing(au)); opened 2 booking-site link(s), none was this stay	retry
g-ChIJ6Z6yq5kXCTkRYYByTS2cBdA	Rishikesh Inn by Monty Millions Resorts	rishikesh		quick pass: 1 search(es) (google/bing/brave), no booking-site link that looks like this stay	retry
g-ChIJGVCcm69HCTkRPp_VMXIEjOI	Devi Bai Sindhi Dharamshala	haridwar		quick pass: 1 search(es) (google/bing/brave), no booking-site link that looks like this stay	retry
g-ChIJsyoU39QlCTkRpdVKEQVtt5U	Gurbani Homestay	rishikesh		quick pass: 1 search(es) (google/bing/brave), no booking-site link that looks like this stay	retry
g-ChIJlbI3Faw_CTkR1A75vIOW1Bc	ABHAYAM ASHRAM	rishikesh		quick pass: links found on search 1 (webkit/bing(de)); opened 1 booking-site link(s), none was this stay; pages would not load: Agoda	retry
abhayam-ashram	Abhayam Ashram Hotel	rishikesh	Haridwar Road	quick pass: 1 search(es) (google/bing/brave), no booking-site link that looks like this stay	retry
g-ChIJfWJyuwNHCTkRUq591EwllAI	Sri Sri Bholagiri Dharmashala	haridwar		quick pass: 1 search(es) (google/bing/brave), no booking-site link that looks like this stay	retry
secret-stay	Secret Stay	rishikesh	Tapovan	quick pass: links found on search 1 (webkit/bing(de)); opened 1 booking-site link(s), none was this stay	retry
g-ChIJ9TCyV2tHCTkRN0trhclI3dE	Dharmashala Mata Jagi Devi	haridwar		quick pass: 1 search(es) (google/bing/brave), no booking-site link that looks like this stay	retry
g-ChIJPceNBl0XCTkRkP9FkZp2jq4	Hotel Rishikesh vna	rishikesh		quick pass: 1 search(es) (google/bing/brave), no booking-site link that looks like this stay	retry
g-ChIJnSImKgBHCTkR1bmqBGSZeDI	Rudra atithi grah(mukhiya gali Bhupatwala)	haridwar		quick pass: 1 search(es) (google/bing/brave), no booking-site link that looks like this stay	retry
g-ChIJpTWCVkFJCTkRheBK8jU9MNE	KD Guest House & PG	haridwar		quick pass: 1 search(es) (google/bing/brave), no booking-site link that looks like this stay	retry
g-ChIJ9QTQo9g_CTkR41PtbTbhlcc	Hotel Comfort Inn Rishikesh	rishikesh		quick pass: links found on search 1 (webkit/bing(de)); opened 2 booking-site link(s), none was this stay; pages would not load: Agoda	retry
g-ChIJqUhJ_VdHCTkREhlfsJfBdEQ	jagdhari agrawal Bhawan	haridwar		quick pass: links found on search 1 (firefox/bing(us)); opened 1 booking-site link(s), none was this stay	retry
luxury-aloha-majestic-apartments	Luxury Aloha Majestic Apartments	rishikesh	Tapovan	quick pass: 1 search(es) (google/bing/brave), no booking-site link that looks like this stay	retry
g-ChIJoT8dEAA9CTkRNRlcOuC2ngE	aAshoka Hotel	rishikesh		quick pass: 1 search(es) (google/bing/brave), no booking-site link that looks like this stay	retry
g-ChIJmZ3zHgAjCTkRd97N4ApxQ3w	THE Farm Stay	rishikesh		quick pass: links found on search 1 (webkit/bing(de)); opened 2 booking-site link(s), none was this stay	retry
g-ChIJ8YjsLABLCTkRvg9bDjdSFSM	HOTEL GRAND PACIFIC & RESTAURANT	haridwar		quick pass: 1 search(es) (google/bing/brave), no booking-site link that looks like this stay	retry
g-ChIJX4kY68ZHCTkRrBpZHQa47x8	Swami Shiv Swaroop Atma Nadi Par Kurali Walo Ki Dharamshala	haridwar		quick pass: links found on search 1 (opera/bing(au)); opened 2 booking-site link(s), none was this stay	retry
g-ChIJG_ZaPrs_CTkRrDj_StZDNao	Indra Homestay	rishikesh		quick pass: links found on search 1 (firefox/bing(us)); opened 1 booking-site link(s), none was this stay	retry
hotel-haridwar-249410	Matrineer Residency	haridwar	Bhupatwala	quick pass: 1 search(es) (google/bing/brave), no booking-site link that looks like this stay	retry
g-ChIJDS3U1JE_CTkRsazgLAjsjkQ	Radha Krishna Homestay	rishikesh		quick pass: links found on search 1 (edge/bing(de)); opened 2 booking-site link(s), none was this stay	retry
g-ChIJ20I5yDoXCTkReCu9U9G936E	Camp Rishikesh- Rafting & Adventure Sports/Camping in Rishikesh	rishikesh		quick pass: 1 search(es) (google/bing/brave), no booking-site link that looks like this stay	retry
hostel-the	The Hostel	rishikesh	Tapovan	name too generic to identify on a booking site (core "The Hostel"); check by hand	manual
g-ChIJoe3HNQs_CTkR0aOZHg7QPXM	Sushma's Homestay	rishikesh		quick pass: links found on search 1 (webkit/bing(de)); opened 2 booking-site link(s), none was this stay	retry
g-ChIJIYKCCiFHCTkRF9O28NQsIJc	ShriJi Inn Hotel & Prem Bhoj Restaurant	haridwar		quick pass: links found on search 1 (brave/search.brave); opened 2 booking-site link(s), none was this stay	retry
aggarwal-bhawan-haridwar	Aggarwal Bhawan Hotel	haridwar	Rishikesh Road & Motichur	quick pass: links found on search 1 (opera/bing(au)); opened 2 booking-site link(s), none was this stay	retry
g-ChIJJSWH-NslCTkR4bg2UKR_NA8	Utsav Hotel	rishikesh		quick pass: links found on search 1 (firefox/bing(us)); opened 1 booking-site link(s), none was this stay	retry
g-ChIJyflw1JRHCTkRWpRSFnKA2Zk	Jagat Dhatri Ashram	haridwar		quick pass: 1 search(es) (google/bing/brave), no booking-site link that looks like this stay	retry
g-ChIJ35e0TH8lCTkRNg5_vNrEAkQ	Nandini homestay near jollygrant airport	rishikesh		quick pass: links found on search 1 (webkit/bing(de)); opened 2 booking-site link(s), none was this stay	retry
g-ChIJB284YnlHCTkRzUObyU6OHnU	Gujarat Bhawan	haridwar		quick pass: 1 search(es) (google/bing/brave), no booking-site link that looks like this stay	retry
g-ChIJQ6eLoe0RCTkRbR4r1NWrF5s	Cradle of Life Camp by La Foret	rishikesh		quick pass: links found on search 1 (brave/search.brave); opened 2 booking-site link(s), none was this stay	retry
g-ChIJf1ntwldHCTkRlPKFcUc2NUE	Chandigarh Bhawan	haridwar		quick pass: 1 search(es) (google/bing/brave), no booking-site link that looks like this stay	retry
g-ChIJMYWr6kgWCTkRNYl088S-NP8	Ma bhuvneswari yog apartment - Two-Bedroom Apartment	rishikesh		quick pass: 1 search(es) (google/bing/brave), no booking-site link that looks like this stay	retry
g-ChIJVcYEYgA_CTkRcQTxVs2fxAw	Aryavan Resort/Hotel Entry Exit	haridwar		quick pass: 1 search(es) (google/bing/brave), no booking-site link that looks like this stay	retry
g-ChIJoR55f7pHCTkRlS-QTU-AAZM	New Kalikamli Dharamshala	haridwar		quick pass: links found on search 1 (brave/search.brave); opened 1 booking-site link(s), none was this stay	retry
g-ChIJ3Xn0NO4jCTkRCRDbHmjvz2o	Kaudasi	rishikesh		quick pass: 1 search(es) (google/bing/brave), no booking-site link that looks like this stay	retry
the-hosteller-rishikesh-tapovan	The Hosteller Rishikesh, Tapovan	rishikesh	Tapovan	quick pass: 1 search(es) (google/bing/brave), no booking-site link that looks like this stay	retry
g-ChIJgVKFGwBHCTkRkJ-eqwJ9V9o	Haridwar Homestay	haridwar		quick pass: 1 search(es) (google/bing/brave), no booking-site link that looks like this stay	retry
vimal-ganga-rishikesh-249192	Vimal Ganga Hotel	rishikesh	Tapovan	quick pass: links found on search 1 (opera/bing(au)); opened 2 booking-site link(s), none was this stay	retry
maps-pride	Hotel Pride Inn by Maps Hospitality – Near to Lakshman Jhula & Ghat	rishikesh	Tapovan	quick pass: links found on search 1 (brave/search.brave); opened 2 booking-site link(s), none was this stay	retry
g-ChIJ1yD39U8WCTkRV7ZZmtzGo2w	Mahadev Homestay - One-Bedroom Apartment	rishikesh		quick pass: 1 search(es) (google/bing/brave), no booking-site link that looks like this stay	retry
tapovan-new-residency-5-minutes-walk-to-laxman-jhula	Tapovan New Residency – 5 Minutes Walk to Laxman Jhula	rishikesh	Tapovan	quick pass: links found on search 1 (brave/search.brave); opened 2 booking-site link(s), none was this stay	retry
g-ChIJMbxLlT4WCTkRnb9bZ_NhR3M	Sivananda Bhawan Divya Jeevan Sang	rishikesh		quick pass: 1 search(es) (google/bing/brave), no booking-site link that looks like this stay	retry
g-ChIJwboehjQTCTkRKsSjQNTm3lg	ADIT 3	rishikesh		quick pass: 1 search(es) (google/bing/brave), no booking-site link that looks like this stay	retry
sky-liner-retreat-cozy-home-stay-near-ganga-ghat	Sky Liner Retreat – Cozy Home Stay near Ganga Ghat	haridwar	Ranipur & BHEL	quick pass: links found on search 1 (edge/bing(de)); opened 1 booking-site link(s), none was this stay	retry
g-ChIJl0JUUgANCTkRYsMWOy1Gro8	Twal	rishikesh		quick pass: 1 search(es) (google/bing/brave), no booking-site link that looks like this stay	retry
g-ChIJA6m9dwBHCTkRYH6xdVKzHzA	HOTEL SRV	haridwar		quick pass: 1 search(es) (google/bing/brave), no booking-site link that looks like this stay	retry
g-ChIJVxS-cFZHCTkR4whWvfEHs6Y	Manorama Bhavan	haridwar		quick pass: links found on search 1 (brave/search.brave); opened 2 booking-site link(s), none was this stay; pages would not load: Agoda	retry
g-ChIJCagtIAAXCTkRoiO6y-M_Fvo	Hotel Mahadev Restaurant & Cafe	rishikesh		quick pass: 1 search(es) (google/bing/brave), no booking-site link that looks like this stay	retry
around-stays-hotel-rising-hills-tapovan	Around Stays – Hotel Rising Hills, Tapovan	rishikesh	Tapovan	quick pass: links found on search 1 (firefox/bing(us)); opened 1 booking-site link(s), none was this stay; pages would not load: Agoda	retry
g-ChIJo-OikGMXCTkRfHnAXXUwJqc	Arpanam Homestay	rishikesh		quick pass: 1 search(es) (google/bing/brave), no booking-site link that looks like this stay	retry
dormitory-raj	Dormitory – Hotel Raj	haridwar	Railway Station	quick pass: links found on search 1 (firefox/bing(us)); opened 1 booking-site link(s), none was this stay	retry
g-ChIJRYyxXxc-CTkRVsAw6yxG8DA	The Ganga Kinare	rishikesh		quick pass: links found on search 1 (brave/search.brave); opened 2 booking-site link(s), none was this stay	retry
g-ChIJkfP9LgMWCTkRHQd2jRoM45Q	Agarwal Dharamshala	rishikesh		quick pass: 1 search(es) (google/bing/brave), no booking-site link that looks like this stay	retry
g-ChIJd_RfzqpHCTkRNkXboKw--6k	Hajari Guljari Wale	haridwar		quick pass: 1 search(es) (google/bing/brave), no booking-site link that looks like this stay	retry
g-ChIJLS8sIk4XCTkRoMIE5JUgEqk	Ganga Tapovan Rooms	rishikesh		quick pass: links found on search 1 (brave/search.brave); opened 2 booking-site link(s), none was this stay	retry
g-ChIJ2QTCQ5w_CTkRR-ZHwlD7MpA	ROYAL APARTMENTS	rishikesh		quick pass: links found on search 1 (firefox/bing(us)); opened 1 booking-site link(s), none was this stay; pages would not load: Agoda	retry
g-ChIJqyE-tEgWCTkRBhjalHQtquM	Yogvan Holiday's 1BHK Sunrise Apartment Tapovan	rishikesh		quick pass: 1 search(es) (google/bing/brave), no booking-site link that looks like this stay	retry
g-ChIJk-bp8rlHCTkRwFhl7HWQXj4	Shri Shyam Sundar Bhawan	haridwar		quick pass: 1 search(es) (google/bing/brave), no booking-site link that looks like this stay	retry
lajja-palace-at-harki-pauri	Lajja Palace at " Harki Pauri " Hotel	haridwar	Upper Road & Mayapur	quick pass: links found on search 1 (firefox/bing(us)); opened 2 booking-site link(s), none was this stay	retry
g-ChIJdxU4qnITCTkR_OyAxZftB4g	Alpine Flow	rishikesh		quick pass: links found on search 1 (brave/search.brave); opened 2 booking-site link(s), none was this stay	retry
g-ChIJsYnKkARHCTkR7AZjB3unFcY	Dharmshala Devi Dayal Sukhdayal	haridwar		quick pass: 1 search(es) (google/bing/brave), no booking-site link that looks like this stay	retry
tapovan-retreat-rishikesh	Hotel Tapovan Retreat	rishikesh	Tapovan	quick pass: 1 search(es) (google/bing/brave), no booking-site link that looks like this stay	retry
resort-delhi-34	Delhi 34 Resort	rishikesh	Elsewhere in Rishikesh	quick pass: links found on search 1 (brave/search.brave); opened 1 booking-site link(s), none was this stay	retry
g-ChIJ00q90jlHCTkRsy3yfoJWXZc	Shashank Patel	haridwar		quick pass: 1 search(es) (google/bing/brave), no booking-site link that looks like this stay	retry
w-h-premium-a-family-hotel-near-mansa-mata-temple	Hotel W-H Premium A Family Hotel & Near Mansa Mata Temple& Railway Station Fully Air Conditioned Rooms with WiFi – Lift and Restaurant – A Premium Hotel	haridwar	Railway Station	quick pass: 1 search(es) (google/bing/brave), no booking-site link that looks like this stay	retry
g-ChIJaeWU8LYRCTkRPDil8qCQImY	Ananta Ganges by Mandothiya's Foundation	rishikesh		quick pass: links found on search 1 (brave/search.brave); opened 2 booking-site link(s), none was this stay	retry
g-ChIJgey2FrETCTkRvKY1FnNZhX0	Red Velvet Resort	rishikesh		quick pass: 1 search(es) (google/bing/brave), no booking-site link that looks like this stay	retry
hostel-dsocialz	D' Socialz Hostel	rishikesh	Tapovan	quick pass: 1 search(es) (google/bing/brave), no booking-site link that looks like this stay	retry
g-ChIJ8QkAxLdHCTkR-ivQ05vC8e8	Stay Safe Boys PG	haridwar		quick pass: 1 search(es) (google/bing/brave), no booking-site link that looks like this stay	retry
g-ChIJacByP4o9CTkR70RDK5nlItQ	HOTEL ARNIMA	rishikesh		quick pass: 1 search(es) (google/bing/brave), no booking-site link that looks like this stay	retry
g-ChIJb86bDmMjCTkRlRVz9Ztg0QQ	Mountain Village Stay - Aaranyak	rishikesh		quick pass: links found on search 1 (brave/search.brave); opened 2 booking-site link(s), none was this stay	retry
g-ChIJhyUB8gYVCTkRfLaEU41D4fc	Palm valley resort rishikesh	rishikesh		quick pass: 1 search(es) (google/bing/brave), no booking-site link that looks like this stay	retry
g-ChIJU0SnTdsWCTkR0E1xyOOnslc	Mount Abode	rishikesh		quick pass: 1 search(es) (google/bing/brave), no booking-site link that looks like this stay	retry
g-ChIJqz-6TrA7CTkRoV2hw9_Dqa0	jüSTa Nature's Nest Resort	rishikesh		quick pass: links found on search 1 (brave/search.brave); opened 2 booking-site link(s), none was this stay	retry
g-ChIJh65PD54_CTkR-z6JLImrc8M	Panwar Apartment	rishikesh		quick pass: 1 search(es) (google/bing/brave), no booking-site link that looks like this stay	retry
house-negi-4	Negi Guest House	rishikesh	AIIMS Rishikesh	quick pass: links found on search 1 (opera/bing(au)); opened 2 booking-site link(s), none was this stay; pages would not load: MakeMyTrip	retry
g-ChIJkTmyInk_CTkRpKB-Wa3obTc	Nature Trails Chilla Rishikesh	rishikesh		quick pass: 1 search(es) (google/bing/brave), no booking-site link that looks like this stay	retry
hari-ganga-near-by-bus-and-railway-station	Hari Ganga near by Bus and Railway Station Hotel	haridwar	Railway Station	quick pass: links found on search 1 (brave/search.brave); opened 2 booking-site link(s), none was this stay	retry
g-ChIJn7hnAAARCTkRWU64Q7tn9G0	Relemi. P3. 5 G	rishikesh		quick pass: 1 search(es) (google/bing/brave), no booking-site link that looks like this stay	retry
g-ChIJa3yoDUoRCTkRk60eHLlFmfE	Shivpuri Camping Booking	rishikesh		quick pass: 1 search(es) (google/bing/brave), no booking-site link that looks like this stay	retry
g-ChIJj63oIyZHCTkROP21yZA6_0g	PROJYBT	haridwar		quick pass: 1 search(es) (google/bing/brave), no booking-site link that looks like this stay	retry
g-ChIJd0MObQA5CTkRG066iI2z3xc	Shri Baba Garibnath Dharmshala	haridwar		quick pass: 1 search(es) (google/bing/brave), no booking-site link that looks like this stay	retry
g-ChIJkYhR0T8-CTkRdPgoxnHYB2M	guruji's - One-Bedroom Apartment	rishikesh		quick pass: 1 search(es) (google/bing/brave), no booking-site link that looks like this stay	retry
pocketchange-stays	Pocketchange Stays	rishikesh	Tapovan	quick pass: links found on search 1 (firefox/bing(us)); opened 1 booking-site link(s), none was this stay	retry
g-ChIJjVThrD0WCTkR8Y1rCjKMqao	Luxury 2 Bedroom's Apartment	rishikesh		quick pass: 1 search(es) (google/bing/brave), no booking-site link that looks like this stay	retry
g-ChIJZ85iteUWCTkRr6-31N6HqS4	BLISSFUL MOUNTAIN HOMESTAY	rishikesh		quick pass: links found on search 1 (brave/search.brave); opened 2 booking-site link(s), none was this stay	retry
g-ChIJP-7ZAQBJCTkREWxaVvyhA3c	Sahil	haridwar		quick pass: 1 search(es) (google/bing/brave), no booking-site link that looks like this stay	retry
heaven-vibes-stays-rishikesh	Heaven Vibes Stays Luxury 1BHK Apartment Tapovan	rishikesh	Tapovan	quick pass: 1 search(es) (google/bing/brave), no booking-site link that looks like this stay	retry
g-ChIJt4aNJNtJCTkRy0YW9y5_5NE	officer Guest house	haridwar		quick pass: 1 search(es) (google/bing/brave), no booking-site link that looks like this stay	retry
hostel-hashtag	Hashtag Hostel	rishikesh	Tapovan	quick pass: 1 search(es) (google/bing/brave), no booking-site link that looks like this stay	retry
g-ChIJY4ee6NQWCTkRz_0Qx9CtBIM	Camp Moksha	rishikesh		quick pass: 1 search(es) (google/bing/brave), no booking-site link that looks like this stay	retry
h-r-stays	H R Stays	rishikesh	Tapovan	quick pass: 1 search(es) (google/bing/brave), no booking-site link that looks like this stay	retry
rahul-palace	Rahul Palace Hotel	haridwar	Bhupatwala	quick pass: links found on search 1 (firefox/bing(us)); opened 2 booking-site link(s), none was this stay	retry
g-ChIJC-wjFwA_CTkR91Nixow2Z94	ANANTYA’s HOME	rishikesh		quick pass: 1 search(es) (google/bing/brave), no booking-site link that looks like this stay	retry
collection-o-shree	Collection O Shree Hotel	rishikesh	Haridwar Road	quick pass: links found on search 1 (brave/search.brave); opened 2 booking-site link(s), none was this stay	retry
the-namami-tapovan-by-natures-hooks	The Namami Tapovan by Natures Hooks	rishikesh	Tapovan	quick pass: links found on search 1 (firefox/bing(us)); opened 2 booking-site link(s), none was this stay	retry
o-neel-ganga	Hotel O Neel Ganga	haridwar	Bhupatwala	quick pass: links found on search 1 (opera/bing(au)); opened 2 booking-site link(s), none was this stay; pages would not load: Goibibo	retry
g-ChIJNVdFUAA9CTkRYg96QLYn0fA	Shri Radha Govind Home Stay	rishikesh		quick pass: 1 search(es) (google/bing/brave), no booking-site link that looks like this stay	retry
apt-ensquare-2bhk-with-netflix-kitchen-near-laxman	Ensquare Hotel – 2BHK Apartment with Netflix, Kitchen near Laxman Jhula Tapovan	rishikesh	Tapovan	quick pass: links found on search 1 (brave/search.brave); opened 2 booking-site link(s), none was this stay	retry
hotel-rishikesh-120	Hozello Hotel	rishikesh	Tapovan	quick pass: links found on search 1 (firefox/bing(us)); opened 1 booking-site link(s), none was this stay	retry
g-ChIJ_RphHAAZCTkRS1rkbqW3JJg	Mountain Mama Resorts	rishikesh		quick pass: 1 search(es) (google/bing/brave), no booking-site link that looks like this stay	retry
g-ChIJg74x4cNJCTkRAu6H-l2us6c	Virasat Guest House, SIDCUL,Haridwar	haridwar		quick pass: 1 search(es) (google/bing/brave), no booking-site link that looks like this stay	retry
g-ChIJlxP7oEcRCTkRKiS6H2vNblY	Peacock Valley Resort	rishikesh		quick pass: links found on search 1 (brave/search.brave); opened 2 booking-site link(s), none was this stay	retry
zee-green-palace-near-trayambakeshwar-temple-a	Hotel Zee Green Palace near Trayambakeshwar Temple – A Top Rated Hotel	rishikesh	Tapovan	quick pass: links found on search 1 (edge/bing(de)); opened 2 booking-site link(s), none was this stay	retry
g-ChIJDRRUYQAXCTkRll52-_iUIFI	La manda resort	rishikesh		quick pass: 1 search(es) (google/bing/brave), no booking-site link that looks like this stay	retry
g-ChIJk8gkgQRHCTkRqaAUn1kCuBY	Sindhi Restaurant & Hotel	haridwar		quick pass: 1 search(es) (google/bing/brave), no booking-site link that looks like this stay	retry
g-ChIJATapdC8lCTkR7_Hxw-CY8pI	HOTEL PARADISE	rishikesh		quick pass: links found on search 1 (brave/search.brave); opened 2 booking-site link(s), none was this stay	retry
g-ChIJT5eWUwBHCTkRHxojM_S2_LU	Bannu biradari bhawan trust	haridwar		quick pass: 1 search(es) (google/bing/brave), no booking-site link that looks like this stay	retry
g-ChIJD1VNZh4WCTkRVipdUuxaZ_Y	Peeple tree hotel	rishikesh		quick pass: 1 search(es) (google/bing/brave), no booking-site link that looks like this stay	retry
g-ChIJF2BcBAA_CTkRhgK0V47mlRU	Shubham kaintura	haridwar		quick pass: 1 search(es) (google/bing/brave), no booking-site link that looks like this stay	retry
g-ChIJFXZKEFZHCTkR2E8Vp9mX5rU	Vaishnav Bairagi Dharmshala	haridwar		quick pass: 1 search(es) (google/bing/brave), no booking-site link that looks like this stay	retry
g-ChIJ99XS9Mk_CTkR8wkL58rOlQ4	Hotel Shivganga Bhawan	rishikesh		quick pass: 1 search(es) (google/bing/brave), no booking-site link that looks like this stay	retry
g-ChIJbSHh73QXCTkRFOMiceq8LwM	Namastey India cottage	rishikesh		quick pass: links found on search 1 (brave/search.brave); opened 2 booking-site link(s), none was this stay	retry
best-stay-near-by-bus-and-railway-station	Hotel Best Stay near by Bus and Railway Station	haridwar	Railway Station	quick pass: 1 search(es) (google/bing/brave), no booking-site link that looks like this stay	retry
g-ChIJpetabL1ICTkRgX1p1K3s_uU	Sree ji apartament - One-Bedroom Apartment	haridwar		quick pass: 1 search(es) (google/bing/brave), no booking-site link that looks like this stay	retry
ganga-sports	Hotel Ganga Sports	haridwar	Bhupatwala	quick pass: links found on search 1 (brave/search.brave); opened 2 booking-site link(s), none was this stay	retry
g-ChIJ1cgOMCEVCTkRvgzeYujNOVU	Lavanya Hiil's Resort	rishikesh		quick pass: 1 search(es) (google/bing/brave), no booking-site link that looks like this stay	retry
navira-hills-glamping-dome-in	Navira Hills – Glamping Dome in Rishikesh Hotel	rishikesh	Elsewhere in Rishikesh	quick pass: 1 search(es) (google/bing/brave), no booking-site link that looks like this stay	retry
g-ChIJC2XCFOBJCTkRp8cRSTotsP4	Hotel The Bihar	haridwar		quick pass: links found on search 1 (edge/bing(de)); opened 2 booking-site link(s), none was this stay	retry
resort-anandam-by-opulence-hotels	Anandam Resort by Opulence Hotels	rishikesh	Laxman Jhula	quick pass: links found on search 1 (brave/search.brave); opened 2 booking-site link(s), none was this stay; pages would not load: Agoda	retry
g-ChIJ9QhKt_8TCTkR0NooX2XoEIg	CAMP OUTBOUND ADVENTURE	rishikesh		quick pass: 1 search(es) (google/bing/brave), no booking-site link that looks like this stay	retry
g-ChIJucAcb2hHCTkRQXrfANGgTSM	Hotel sharma Bhawan	haridwar		quick pass: 1 search(es) (google/bing/brave), no booking-site link that looks like this stay	retry
g-ChIJp-7zOWNHCTkR-e4-10fd_Ps	Pal Samaj Dharmarth Trust (Reg.)	haridwar		quick pass: 1 search(es) (google/bing/brave), no booking-site link that looks like this stay	retry
shreys-residency	New Ganga House Hotel	rishikesh	Laxman Jhula	quick pass: links found on search 1 (opera/bing(au)); opened 2 booking-site link(s), none was this stay	retry
g-ChIJl52-VytHCTkR70SjdWebOA4	ATITHI SNEH HOME STAY	haridwar		quick pass: links found on search 1 (firefox/bing(us)); opened 2 booking-site link(s), none was this stay	retry
g-ChIJsxPM-AcUCTkRcFzWZrMJ4TI	Antaram Resort, Rishikesh	rishikesh		quick pass: 1 search(es) (google/bing/brave), no booking-site link that looks like this stay	retry
g-ChIJ2QsFDwBLCTkRNq99w3WfTWY	Hotel NEERA HOME STAY	haridwar		quick pass: links found on search 1 (firefox/bing(us)); opened 1 booking-site link(s), none was this stay	retry
g-ChIJx3rbtwQWCTkR1hCBWS5I3hI	New Kalikamli Dharamshala	rishikesh		quick pass: 1 search(es) (google/bing/brave), no booking-site link that looks like this stay	retry
g-ChIJqz_tJgAXCTkR_mIiem8tCfY	HOBO Nature Camp	rishikesh		quick pass: 1 search(es) (google/bing/brave), no booking-site link that looks like this stay	retry
g-ChIJd1xJXTwWCTkRwoirvbeTyPI	Ganga Blessings Apartment - Two-Bedroom Apartment With River View	rishikesh		quick pass: links found on search 1 (firefox/bing(us)); opened 2 booking-site link(s), none was this stay	retry
vinayak-grand	Hotel Vinayak Grand	haridwar	Ranipur & BHEL	quick pass: 1 search(es) (google/bing/brave), no booking-site link that looks like this stay	retry
g-ChIJkTywNUg-CTkRmQQGos8NEyk	Nature Stay - One-Bedroom Apartment	rishikesh		quick pass: links found on search 1 (opera/bing(au)); opened 2 booking-site link(s), none was this stay	retry
5-elements-kaudiyala	5 Elements Kaudiyala Rishikesh Hotel	rishikesh	Shivpuri & rafting belt	quick pass: 1 search(es) (google/bing/brave), no booking-site link that looks like this stay	retry
shridhar-reesort	Shridhar Reesort Hotel	rishikesh	Laxman Jhula	quick pass: 1 search(es) (google/bing/brave), no booking-site link that looks like this stay	retry
the-tirath-view	The Baris Haridwar Hotel	haridwar	Shantikunj & Saptrishi	quick pass: 1 search(es) (google/bing/brave), no booking-site link that looks like this stay	retry
g-ChIJ5UztbgBHCTkRMCajqVrZ6wM	Hotel Samrat	haridwar		quick pass: links found on search 1 (firefox/bing(us)); opened 2 booking-site link(s), none was this stay	retry
g-ChIJQ6uFl1wWCTkRKc8M4Zi9sAg	Kothari Teerth Niwas	rishikesh		quick pass: 1 search(es) (google/bing/brave), no booking-site link that looks like this stay	retry
g-ChIJmygH6_4XCTkR6UJBoRR3hbU	Tapovan height camp	rishikesh		quick pass: 1 search(es) (google/bing/brave), no booking-site link that looks like this stay	retry
g-ChIJj8mp1BA9CTkR50LI18KI-2U	Kunjapuri Yoga,wellness & Retreat centre	rishikesh		quick pass: links found on search 1 (firefox/bing(us)); opened 1 booking-site link(s), none was this stay	retry
oyo-15643-laxmi-sadan-residency	OYO 15643 Laxmi Sadan Residency Hotel	haridwar	Shantikunj & Saptrishi	quick pass: 1 search(es) (google/bing/brave), no booking-site link that looks like this stay	retry
g-ChIJ86eEXU8WCTkRMXKVmQehOZo	Hotel Hariyali View	rishikesh		quick pass: links found on search 1 (firefox/bing(us)); opened 1 booking-site link(s), none was this stay	retry
g-ChIJaX45Jf8_CTkR7YVpsBNOEkk	Camp at Rishikesh	rishikesh		quick pass: 1 search(es) (google/bing/brave), no booking-site link that looks like this stay	retry
lavanya	Hotel Lavanya	haridwar	Har Ki Pauri	quick pass: 1 search(es) (google/bing/brave), no booking-site link that looks like this stay	retry
g-ChIJxaqqqltHCTkRNZMs8PCbyNg	ShriGo Hotel Haridwar	haridwar		quick pass: links found on search 1 (firefox/bing(us)); opened 1 booking-site link(s), none was this stay	retry
v-n-ganga	Hotel V N Ganga	rishikesh	Laxman Jhula	quick pass: 1 search(es) (google/bing/brave), no booking-site link that looks like this stay	retry
g-ChIJX9r14aMTCTkR513nQPQlMv8	The Hivel Paradise	rishikesh		quick pass: 1 search(es) (google/bing/brave), no booking-site link that looks like this stay	retry
arti-darshan	Hotel Arti Darshan	haridwar	Har Ki Pauri	quick pass: 1 search(es) (google/bing/brave), no booking-site link that looks like this stay	retry
g-ChIJ_5JhIgBHCTkRklDYMNaYi-E	HOTEL HARI GANGA	haridwar		quick pass: 1 search(es) (google/bing/brave), no booking-site link that looks like this stay	retry
g-ChIJCeeG_ws_CTkR5-NiFHUPg8Q	The Holy Ganga	rishikesh		quick pass: 1 search(es) (google/bing/brave), no booking-site link that looks like this stay	retry
g-ChIJBehcfURHCTkRLmJTZVQQBU0	Sant Vatika Ashram	haridwar		quick pass: links found on search 1 (opera/bing(au)); opened 1 booking-site link(s), none was this stay	retry
g-ChIJLccdtPA9CTkRcX_WDxZEQ2k	Rishikesh Camp	rishikesh		quick pass: 1 search(es) (google/bing/brave), no booking-site link that looks like this stay	retry
g-ChIJkXTKJmlJCTkRL5zkpd9KinA	Topovan Nagar	haridwar		quick pass: links found on search 1 (firefox/search.brave); opened 1 booking-site link(s), none was this stay	retry
natures-blessing-1bhk-studio	Nature's Blessing Rishikesh 1BHK Studio	rishikesh	Veerbhadra Temple	quick pass: 1 search(es) (google/bing/brave), no booking-site link that looks like this stay	retry
g-ChIJc0IqIENHCTkRG94_DgOkRbY	HOTEL THE GRAND	haridwar		quick pass: 1 search(es) (google/bing/brave), no booking-site link that looks like this stay	retry
g-ChIJQVibtEgWCTkReeUPhsPfj40	Budget Friendly 1 BHK 2BEDS Luxury Home Stay Tapovan Rishikesh - One-Bedroom Apartment With Balcony	rishikesh		quick pass: links found on search 1 (firefox/search.brave); opened 1 booking-site link(s), none was this stay	retry
g-ChIJA14atkgWCTkRj-6Iy93OuQg	Holiday Homes 1BHK 2Double BEDS Luxury Flats Tapovan Nr Beach - One-Bedroom Apartment with Balcony	rishikesh		quick pass: links found on search 1 (edge/bing(de)); opened 2 booking-site link(s), none was this stay	retry
g-ChIJj5CDok8WCTkRQ4gdFSvaI_Q	The Sunrise Villa Homestay	rishikesh		quick pass: 1 search(es) (google/bing/brave), no booking-site link that looks like this stay	retry
g-ChIJl4Cjpr0_CTkRUr9T_45Z5J4	Janki homestay - King Room	rishikesh		quick pass: links found on search 1 (firefox/search.brave); opened 2 booking-site link(s), none was this stay	retry
aarti-the-boutique	Aarti the Boutique Hotel	haridwar	Elsewhere in Haridwar	quick pass: 1 search(es) (google/bing/brave), no booking-site link that looks like this stay	retry
g-ChIJ0awDRwBJCTkRfnKyBB2cpj0	सत्येन्द्र चौबे जी का घर	haridwar		name too generic to identify on a booking site (core "सत्येन्द्र चौबे जी का घर"); check by hand	manual
apt-aarya-luxurious-2-bhk	Aarya Rishikesh – Luxurious 2BHK Apartment	rishikesh	Veerbhadra Temple	quick pass: 1 search(es) (google/bing/brave), no booking-site link that looks like this stay	retry
g-ChIJ6_P_vgRHCTkRZcRJlOGLgoo	Seth Karori Mal Dharmshala Charitable Trust (Registered)	haridwar		quick pass: links found on search 1 (firefox/search.brave); opened 2 booking-site link(s), none was this stay	retry
g-ChIJNym7YO9FCTkRLgmS8T_oXQs	Vidya Bhawan	haridwar		quick pass: 1 search(es) (google/bing/brave), no booking-site link that looks like this stay	retry
g-ChIJMxwr0RMXCTkRN1CfAhxfBh0	ShreeJee HOMESTAY	rishikesh		quick pass: 1 search(es) (google/bing/brave), no booking-site link that looks like this stay	retry
g-ChIJcR6b5Rc-CTkRJMer8w1Jpgs	Luxurious 2bhk with huge terrace, partial river view - Two-Bedroom Apartment	rishikesh		quick pass: 1 search(es) (google/bing/brave), no booking-site link that looks like this stay	retry
g-ChIJsTTq6L4WCTkROAEwLJzEod4	Book Camping in Rishikesh	rishikesh		quick pass: 1 search(es) (google/bing/brave), no booking-site link that looks like this stay	retry
g-ChIJTyz--BlJCTkRz53WeZUTWOg	Elysium Guest House	haridwar		quick pass: links found on search 1 (firefox/search.brave); opened 2 booking-site link(s), none was this stay; pages would not load: Trip.com	retry
g-ChIJjZYb7t1JCTkRcymet56HfMM	Hotel Radha Krishna	haridwar		quick pass: 1 search(es) (google/bing/brave), no booking-site link that looks like this stay	retry
g-ChIJl08kaFxHCTkRE_fIedDsYOw	Hotel Agastya Inn	haridwar		quick pass: 1 search(es) (google/bing/brave), no booking-site link that looks like this stay	retry
g-ChIJI1kMFT0RCTkRniJfzFI6KCM	The Camping in Rishikesh	rishikesh		quick pass: links found on search 1 (firefox/search.brave); opened 2 booking-site link(s), none was this stay	retry
jsr-residency-by-akc-hotels	Hotel Jsr Residency by Akc Hotels	rishikesh	AIIMS Rishikesh	quick pass: 1 search(es) (google/bing/brave), no booking-site link that looks like this stay	retry
g-ChIJ5SmDZzUSCTkRqVKVdVAfpTM	Camp Bagheera - Tent	rishikesh		quick pass: links found on search 1 (firefox/search.brave); opened 2 booking-site link(s), none was this stay; pages would not load: Agoda	retry
g-ChIJn1sAMAA_CTkRPJOHyBUqM5k	Ganga Hotels	rishikesh		quick pass: 1 search(es) (google/bing/brave), no booking-site link that looks like this stay	retry
g-ChIJ_RNO6jc-CTkRXIBWOtxBgA4	PENTHOUSE BY THE BASERA	rishikesh		quick pass: links found on search 1 (opera/bing(au)); opened 1 booking-site link(s), none was this stay	retry
g-ChIJL0SzFm8VCTkRl5amq7Unq-8	Amrah Resorts	rishikesh		quick pass: 1 search(es) (google/bing/brave), no booking-site link that looks like this stay	retry
g-ChIJ78Sw4h8XCTkRpZZ5l1MD5KU	360 Nature View Camp and Resort	rishikesh		quick pass: 1 search(es) (google/bing/brave), no booking-site link that looks like this stay	retry
g-ChIJn-YeaIo_CTkRvzg8aFLJ53c	Maple Green by Moksha | Luxury Three BHK with Ganga View	rishikesh		quick pass: 1 search(es) (google/bing/brave), no booking-site link that looks like this stay	retry
g-ChIJeV9XAABJCTkRPSa9crlZJUY	Uttarkashi manera stedium	haridwar		quick pass: 1 search(es) (google/bing/brave), no booking-site link that looks like this stay	retry
g-ChIJ50SU3OQ1CTkRJm5z90Ypncs	Hotel yuvraj(lily)	haridwar		quick pass: 1 search(es) (google/bing/brave), no booking-site link that looks like this stay	retry
g-ChIJm_VwAwBHCTkRSZ8_gwwBE4I	THE HOTEL CLASSIC	haridwar		quick pass: 1 search(es) (google/bing/brave), no booking-site link that looks like this stay	retry
g-ChIJ2a-8agBHCTkRFVic6DSL4MA	Hotel Tulsi Inn	haridwar		quick pass: links found on search 1 (opera/bing(au)); opened 2 booking-site link(s), none was this stay; pages would not load: Agoda	retry
g-ChIJacxPfwQWCTkRBCwZz6OW28A	Bungalow apartment in Rishikesh - Two-Bedroom Apartment	rishikesh		quick pass: 1 search(es) (google/bing/brave), no booking-site link that looks like this stay	retry
g-ChIJO494GK8VCTkRRcDfXEQCZa8	Camping Bhaiji - Adventure Camping in Rishikesh	rishikesh		quick pass: 1 search(es) (google/bing/brave), no booking-site link that looks like this stay	retry
g-ChIJk08kpMk_CTkReNoxW5warnM	Hotel Dev Nagari	rishikesh		quick pass: 1 search(es) (google/bing/brave), no booking-site link that looks like this stay	retry
oyo-5936-hermitage	OYO 5936 Hotel Hermitage	rishikesh	Tapovan	quick pass: 1 search(es) (google/bing/brave), no booking-site link that looks like this stay	retry
yoganandham	Yoganandham Hotel	rishikesh	Laxman Jhula	quick pass: 1 search(es) (google/bing/brave), no booking-site link that looks like this stay	retry
g-ChIJqxRVFkUWCTkRpNjaH-QN5YY	Happy High Stays 2bhk with terrace in tapovan	rishikesh		quick pass: 1 search(es) (google/bing/brave), no booking-site link that looks like this stay	retry
g-ChIJgXHy0tIVCTkRsF-LHdHTTTI	Himalayan Hemp Ecostay	rishikesh		quick pass: 1 search(es) (google/bing/brave), no booking-site link that looks like this stay	retry
g-ChIJlT3D4IYlCTkRpY_LEdYLW4k	Shri Balaji farm	rishikesh		quick pass: 1 search(es) (google/bing/brave), no booking-site link that looks like this stay	retry
rajasthan-by-rj-group	Rajasthan Hotel by Rj Group	rishikesh	Tapovan	quick pass: 1 search(es) (google/bing/brave), no booking-site link that looks like this stay	retry
black-pearl	Black Pearl	rishikesh	Muni Ki Reti	quick pass: 1 search(es) (google/bing/brave), no booking-site link that looks like this stay	retry
ramawati-top-rated-most-awarded-hotel-in-haridwar	Hotel Ramawati, Top Rated & Most Awarded Hotel in Haridwar	haridwar	Railway Station	quick pass: 1 search(es) (google/bing/brave), no booking-site link that looks like this stay	retry
hotel-haridwar-100	Hotel O Flagship Hotel Sg Plaza	haridwar	Kharkhari	quick pass: links found on search 1 (opera/bing(au)); opened 2 booking-site link(s), none was this stay; pages would not load: MakeMyTrip	retry
g-ChIJZ-tOx1c_CTkR-jVm5nxYaBw	Hotel Le : Icon :	rishikesh		quick pass: 1 search(es) (google/bing/brave), no booking-site link that looks like this stay	retry
relax-near-railway-station-and-ganga-ghat	Hotel Relax Inn near Railway Station and Ganga Ghat	haridwar	Railway Station	quick pass: 1 search(es) (google/bing/brave), no booking-site link that looks like this stay	retry
g-ChIJC3Gcl9g_CTkRXrqvosQS0n4	Janki Guest House	rishikesh		quick pass: 1 search(es) (google/bing/brave), no booking-site link that looks like this stay	retry
g-ChIJFS9oIQBbCTkRSQFGUFGX_9o	Kartik Rajput	haridwar		quick pass: 1 search(es) (google/bing/brave), no booking-site link that looks like this stay	retry
g-ChIJ7dDBu7BHCTkRgWMqvn_ZcEc	Hotel Sahni	haridwar		quick pass: 1 search(es) (google/bing/brave), no booking-site link that looks like this stay	retry
shree-ji-homestay	Shree Ji Homestay	rishikesh	Muni Ki Reti	quick pass: 1 search(es) (google/bing/brave), no booking-site link that looks like this stay	retry
goroomgo-anandam-home-stay-near-bus-stand-railway	Goroomgo Anandam Home Stay Rishikesh near Bus Stand – Railway Station – Best Customer Service Experience	rishikesh	Muni Ki Reti	quick pass: links found on search 1 (opera/bing(au)); opened 2 booking-site link(s), none was this stay; pages would not load: Agoda	retry
g-ChIJYcdP14drCTkRbKxY0NQ89BA	Gaurav kukreti guest house	rishikesh		quick pass: 1 search(es) (google/bing/brave), no booking-site link that looks like this stay	retry
mahadevs-mansion	Mahadevs Mansion Hotel	rishikesh	Tapovan	quick pass: 1 search(es) (google/bing/brave), no booking-site link that looks like this stay	retry
o-city-pride	Fabhotel City Pride	haridwar	Ranipur & BHEL	quick pass: 1 search(es) (google/bing/brave), no booking-site link that looks like this stay	retry
g-ChIJO6AJw9c-CTkRvbix08kdl2I	Midway Resort Lounge & Bar	rishikesh		quick pass: 1 search(es) (google/bing/brave), no booking-site link that looks like this stay	retry
g-ChIJW1AdwR8XCTkRDVDTKNmgdd8	Swiss cottage	rishikesh		quick pass: links found on search 1 (opera/bing(au)); opened 2 booking-site link(s), none was this stay	retry
g-ChIJu5dTwisXCTkRG_C3Y21dbjY	Pundir Ji Shudh Vaishno Bhojanalaya & Maggie Point Homestay	rishikesh		quick pass: 1 search(es) (google/bing/brave), no booking-site link that looks like this stay	retry
g-ChIJlfwAZdgXCTkRv_6k6E9wdg0	Santosh home stay	rishikesh		quick pass: 1 search(es) (google/bing/brave), no booking-site link that looks like this stay	retry
g-ChIJd2_qJXsVCTkRY48crStKTlc	Neel Kamal Hotel	rishikesh		quick pass: 1 search(es) (google/bing/brave), no booking-site link that looks like this stay	retry
g-ChIJMRiuSA8_CTkRVotgNSNDVls	115 The Ganges	rishikesh		quick pass: 1 search(es) (google/bing/brave), no booking-site link that looks like this stay	retry
g-ChIJ03_P6sE_CTkR5dSsH_K4BcY	Best Home Stay Rishikesh	rishikesh		quick pass: 1 search(es) (google/bing/brave), no booking-site link that looks like this stay	retry
g-ChIJ3atcTFdHCTkRHEB998mhdd8	Jampur Bhawan	haridwar		quick pass: 1 search(es) (google/bing/brave), no booking-site link that looks like this stay	retry
g-ChIJGdKABq0jCTkR1iFy9hlWi6A	Kol gaon	rishikesh		quick pass: 1 search(es) (google/bing/brave), no booking-site link that looks like this stay	retry
g-ChIJN5EUqBZNCTkRITM2DuAi1pM	Divisionism	haridwar		quick pass: 1 search(es) (google/bing/brave), no booking-site link that looks like this stay	retry
classic-stay-in	Classic Stay in Rishikesh	rishikesh	Laxman Jhula	quick pass: 1 search(es) (google/bing/brave), no booking-site link that looks like this stay	retry
g-ChIJZXPtTV1JCTkRMMId6I_kSGM	JANTA DARBAR FAMELI RSTORENT. V& N	haridwar		quick pass: 1 search(es) (google/bing/brave), no booking-site link that looks like this stay	retry
g-ChIJqaqqqvY9CTkRbuv2ohpSacM	Holidays Apartment	rishikesh		quick pass: 1 search(es) (google/bing/brave), no booking-site link that looks like this stay	retry
g-ChIJiffjMDwWCTkRu15Vg6Ul27A	Luxury Cottage by iTvara | 2 Bedrooms near Ganges	rishikesh		quick pass: links found on search 1 (edge/bing(de)); opened 1 booking-site link(s), none was this stay; pages would not load: Agoda	retry
g-ChIJDRtvrFYXCTkRblcPvlQm4Sw	Anandam Stays - Elevated Living	rishikesh		quick pass: 1 search(es) (google/bing/brave), no booking-site link that looks like this stay	retry
resort-chanakya	Chanakya Resort	rishikesh	Shivpuri & rafting belt	quick pass: 1 search(es) (google/bing/brave), no booking-site link that looks like this stay	retry
g-ChIJO9iveDgVCTkRpQY9vqLVpuo	HillsQueenResort	rishikesh		quick pass: 1 search(es) (google/bing/brave), no booking-site link that looks like this stay	retry
g-ChIJJYanSvg-CTkR8RLC3LyB6Ww	Innovative Chic Loft Style Apartment in Serene Rishikesh. Unwind. Decompress.	rishikesh		quick pass: 1 search(es) (google/bing/brave), no booking-site link that looks like this stay	retry
g-ChIJt6q3YkFHCTkRzc1AE0TYzpg	Hotel Divine Aura	haridwar		quick pass: 1 search(es) (google/bing/brave), no booking-site link that looks like this stay	retry
g-ChIJJQgDkP1GCTkRfr3SqU5lDRw	Hotel Pushp	haridwar		quick pass: 1 search(es) (google/bing/brave), no booking-site link that looks like this stay	retry
g-ChIJ0Yk9eQAXCTkRqK-vNNVJx6Q	Shree Rishi Ganga Resort	rishikesh		quick pass: 1 search(es) (google/bing/brave), no booking-site link that looks like this stay	retry
g-ChIJL0GP_9c-CTkRa5nSdpUr0VE	Marty's Exotia	rishikesh		quick pass: 1 search(es) (google/bing/brave), no booking-site link that looks like this stay	retry
g-ChIJRd0xkU8XCTkR7hq59uOSijs	After hours hostel & cafe	rishikesh		quick pass: 1 search(es) (google/bing/brave), no booking-site link that looks like this stay	retry
g-ChIJybmldZYXCTkRyEjMUcUr804	Hoa Resort - Luxury in the Village	rishikesh		quick pass: links found on search 1 (opera/bing(au)); opened 2 booking-site link(s), none was this stay; pages would not load: MakeMyTrip	retry
g-ChIJvwRzSHA-CTkRHo75wNffVio	Jungle Retreat Camp & Resort	rishikesh		quick pass: 1 search(es) (google/bing/brave), no booking-site link that looks like this stay	retry
g-ChIJa2PI37Q_CTkR7FfqD_djgqA	Adi Wellness	rishikesh		quick pass: 1 search(es) (google/bing/brave), no booking-site link that looks like this stay	retry
g-ChIJb0bojOc_CTkRP2jCOuT9QeQ	Gaur Homes	rishikesh		quick pass: 1 search(es) (google/bing/brave), no booking-site link that looks like this stay	retry
g-ChIJa6I2agBJCTkRKjKR1VS1Qj4	Birdi House	haridwar		quick pass: 1 search(es) (google/bing/brave), no booking-site link that looks like this stay	retry
g-ChIJWdLeHgAZCTkRroKa0r_jqkM	Ganpati Restrorent	rishikesh		quick pass: links found on search 1 (opera/bing(au)); opened 1 booking-site link(s), none was this stay	retry
g-ChIJ58iEGAAXCTkRU96C4MfU1Ac	Neeraj Home Stay	rishikesh		quick pass: 1 search(es) (google/bing/brave), no booking-site link that looks like this stay	retry
happy-shiva-homestay	Happy Shiva Homestay	rishikesh	Tapovan	quick pass: 1 search(es) (google/bing/brave), no booking-site link that looks like this stay	retry
g-ChIJTTkwWQAXCTkR_JSGDLdM9m0	Shivpuri expedition camping and rafting	rishikesh		quick pass: 1 search(es) (google/bing/brave), no booking-site link that looks like this stay	retry
g-ChIJ1Z4wGgFHCTkR0UW8A18p69Q	Inder Kutir haridwar	haridwar		quick pass: 1 search(es) (google/bing/brave), no booking-site link that looks like this stay	retry
o-mangal-in	Hotel O Mangal in Haridwar	haridwar	Upper Road & Mayapur	quick pass: 1 search(es) (google/bing/brave), no booking-site link that looks like this stay	retry
the-pacific-grand-249201	Hotel the Pacific Select	haridwar	Rishikesh Road & Motichur	quick pass: 1 search(es) (google/bing/brave), no booking-site link that looks like this stay	retry
g-ChIJ91b8_1QlCTkR5riI6H-nBIo	Hoztel Jollygrrant Doon (Near Dehradun Airport)	rishikesh		quick pass: links found on search 1 (edge/bing(de)); opened 1 booking-site link(s), none was this stay	retry
g-ChIJ780pBwAXCTkRhsoMsvdGwHo	TAO Rest HOUSE	rishikesh		quick pass: 1 search(es) (google/bing/brave), no booking-site link that looks like this stay	retry
second-life-resorts	Second Life Resorts	rishikesh	Elsewhere in Rishikesh	quick pass: 1 search(es) (google/bing/brave), no booking-site link that looks like this stay	retry
durga-palace-by-veda-group-of-hotels	Hotel Durga Palace by Veda Group of Hotels	rishikesh	Laxman Jhula	quick pass: links found on search 1 (opera/bing(au)); opened 2 booking-site link(s), none was this stay	retry
g-ChIJFyxOoRU-CTkRb3vO8ebs4YA	Veerbhadra Homestay Rishikesh - Double Room	rishikesh		quick pass: 1 search(es) (google/bing/brave), no booking-site link that looks like this stay	retry
g-ChIJH87rsvk9CTkRKkibuGezGlQ	Spacious 5 BR penthouse - Apartment	rishikesh		quick pass: 1 search(es) (google/bing/brave), no booking-site link that looks like this stay	retry
g-ChIJpyNJ3J9LCTkRyFfIy_tu0yo	Atulyam Girls Hostel/PG	haridwar		quick pass: 1 search(es) (google/bing/brave), no booking-site link that looks like this stay	retry
g-ChIJQZxVFwBHCTkRUAi34GgyO90	Pujya Shri Chhaganbapa Smarak Bhavan	haridwar		quick pass: 1 search(es) (google/bing/brave), no booking-site link that looks like this stay	retry
g-ChIJvduC7HdHCTkRqoPi2Ifm-NY	Murlimal Dharmshala	haridwar		quick pass: 1 search(es) (google/bing/brave), no booking-site link that looks like this stay	retry
g-ChIJSbtoHQBHCTkRvQSlZ74JJ7I	Naval Bhavan Haridwar	haridwar		quick pass: 1 search(es) (google/bing/brave), no booking-site link that looks like this stay	retry
sunshine	Hotel Sunshine	haridwar	Upper Road & Mayapur	quick pass: 1 search(es) (google/bing/brave), no booking-site link that looks like this stay	retry
g-ChIJF5WxdwAjCTkRIbekDZWGU4E	Thano MudHouse	rishikesh		quick pass: links found on search 1 (edge/bing(de)); opened 2 booking-site link(s), none was this stay	retry
ganges-view	Hotel Ganges View	rishikesh	Tapovan	quick pass: links found on search 1 (opera/bing(au)); opened 2 booking-site link(s), none was this stay	retry
great-ganga-restaurant-parking-lift-traveler	Hotel Great Ganga Inn Rishikesh # Restaurant # Parking # Lift # Traveler Choice # Open Rooftop	rishikesh	Haridwar Road	quick pass: 1 search(es) (google/bing/brave), no booking-site link that looks like this stay	retry
the-rio-lodge	The Rio Lodge	haridwar	Kharkhari	quick pass: 1 search(es) (google/bing/brave), no booking-site link that looks like this stay	retry
g-ChIJnxOpXwc-CTkRroC-kBwHmGU	Home Stay Rishikesh-2nd Flr, Aasthapath-200mtr, AIIMS-1.5km - Two-Bedroom Apartment	rishikesh		quick pass: 1 search(es) (google/bing/brave), no booking-site link that looks like this stay	retry
villa-stayvista-at-mirador-with-bbq-bonfire-wifi	Stayvista's Villa Mirador – 4BHK With Bar & BBQ	rishikesh	Elsewhere in Rishikesh	quick pass: 1 search(es) (google/bing/brave), no booking-site link that looks like this stay	retry
g-ChIJ52-5kgQWCTkRFRGKKs6anGE	Bishnoi Mandir Rishikesh	rishikesh		quick pass: 1 search(es) (google/bing/brave), no booking-site link that looks like this stay	retry
g-ChIJf62MzBcVCTkRJe66hzA_7V8	U.K. Royal Resort & Camping	rishikesh		quick pass: 1 search(es) (google/bing/brave), no booking-site link that looks like this stay	retry
nirmal-ganga-residency	Rishikesh Home Ganga View	rishikesh	Nirmal Bagh near Ganges	quick pass: 1 search(es) (google/bing/brave), no booking-site link that looks like this stay	retry
suvidha-deluxe	Suvidha Deluxe Hotel	haridwar	Railway Station	quick pass: 1 search(es) (google/bing/brave), no booking-site link that looks like this stay	retry
g-ChIJZ0roGnhHCTkRo4GRVaDLXCc	vedic stay Haridwar	haridwar		quick pass: 1 search(es) (google/bing/brave), no booking-site link that looks like this stay	retry
g-ChIJ4V_oFIlLCTkRYK7py-JTSm4	HOTEL YOGA retreat	haridwar		quick pass: links found on search 1 (brave/bing(in)); opened 2 booking-site link(s), none was this stay; pages would not load: Agoda	retry
g-ChIJtfp91pM9CTkR312aM8MTJK0	Aurumretreat	rishikesh		quick pass: 1 search(es) (google/bing/brave), no booking-site link that looks like this stay	retry
g-ChIJU5upAgA_CTkRT8FpOrxLRAM	Khadri gali no 7	rishikesh		quick pass: 1 search(es) (google/bing/brave), no booking-site link that looks like this stay	retry
g-ChIJMy0KH2kXCTkRA_3KneChZVM	LA RIQUEZA HOTELS LL	rishikesh		quick pass: 1 search(es) (google/bing/brave), no booking-site link that looks like this stay	retry
g-ChIJuX1cVAA_CTkR_kK56Vj1aOw	RBS Farm Stay	rishikesh		quick pass: 1 search(es) (google/bing/brave), no booking-site link that looks like this stay	retry
tapomay-retreat	Hotel Tapomay Retreat	rishikesh	Tapovan	quick pass: 1 search(es) (google/bing/brave), no booking-site link that looks like this stay	retry
adhiraja-palace-haridwar	Hotel Adhiraja Palace	haridwar	Railway Station	quick pass: 1 search(es) (google/bing/brave), no booking-site link that looks like this stay	retry
g-ChIJeelho5k_CTkRoJ4jf7ocAlI	DD Homes	rishikesh		quick pass: 1 search(es) (google/bing/brave), no booking-site link that looks like this stay	retry
g-ChIJJ6jpMhsWCTkRhzw7k33VTJQ	Devki Bai Gujarati Dharmshala	rishikesh		quick pass: 1 search(es) (google/bing/brave), no booking-site link that looks like this stay	retry
spatii-retreat	Spatii Apartment	rishikesh	Elsewhere in Rishikesh	quick pass: 1 search(es) (google/bing/brave), no booking-site link that looks like this stay	retry
g-ChIJyURKuQFHCTkRCjmyNhTyxr0	Adi gaur brahman samaj dharmshala jodhpur marwar	haridwar		quick pass: 1 search(es) (google/bing/brave), no booking-site link that looks like this stay	retry
g-ChIJjVHY70sXCTkR3DMSvix3MSA	CAMP SUNSHINE ADVENTURE	rishikesh		quick pass: 1 search(es) (google/bing/brave), no booking-site link that looks like this stay	retry
g-ChIJhWrn2kxHCTkRc6tGDm-iAAI	Hotel Signature Inn	haridwar		quick pass: 1 search(es) (google/bing/brave), no booking-site link that looks like this stay	retry
g-ChIJjWaT_CwXCTkRv8Ru6bD6JHM	Nature Lap Camping	rishikesh		quick pass: 1 search(es) (google/bing/brave), no booking-site link that looks like this stay	retry
g-ChIJ0xONIgBHCTkRnTHXHnyr_N4	Hotal Rathi place Bhoopatwala Haridwar	haridwar		quick pass: 1 search(es) (google/bing/brave), no booking-site link that looks like this stay	retry
g-ChIJf7_eqXFHCTkRn_K7dPi6zOU	HOTEL SURESHA	haridwar		quick pass: 1 search(es) (google/bing/brave), no booking-site link that looks like this stay	retry
g-ChIJo-isnARHCTkRiS8l40wNK24	Seth Surajmal Dharmshala	haridwar		quick pass: 1 search(es) (google/bing/brave), no booking-site link that looks like this stay	retry
g-ChIJO7Mi2dFHCTkRjBkX9W19r7Y	OYO Blue Heart Guest House	haridwar		quick pass: 1 search(es) (google/bing/brave), no booking-site link that looks like this stay	retry
g-ChIJE7h3XnckCTkRP9HzTyg6dqA	The jungle view guest house - Four-Bedroom House	rishikesh		quick pass: 1 search(es) (google/bing/brave), no booking-site link that looks like this stay	retry
g-ChIJz_UBhktpCTkRUSesxeCgtKg	bpcl pom saini dhaba	haridwar		quick pass: 1 search(es) (google/bing/brave), no booking-site link that looks like this stay	retry
hotel-haridwar-67	Hotel Classic Heritage	haridwar	Ranipur & BHEL	quick pass: 1 search(es) (google/bing/brave), no booking-site link that looks like this stay	retry
g-ChIJdcVN6rolCTkR-gEFf-qnDg4	Gaharwar Home Stay & Guest House	rishikesh		quick pass: 1 search(es) (google/bing/brave), no booking-site link that looks like this stay	retry
country-haridwar-inn	Country Inn	haridwar	Elsewhere in Haridwar	quick pass: links found on search 1 (opera/bing(au)); opened 2 booking-site link(s), none was this stay; pages would not load: Agoda, Trip.com	retry
the-shore-travelista	The Shore Travelista	rishikesh	Tapovan	quick pass: 1 search(es) (google/bing/brave), no booking-site link that looks like this stay	retry
resort-sunrise-rishikesh	Sunrise Resort	rishikesh	Shivpuri & rafting belt	quick pass: 1 search(es) (google/bing/brave), no booking-site link that looks like this stay	retry
collection-o-86254-oaktel	Collection O 86254 Oaktel Hotel	haridwar	Ranipur & BHEL	quick pass: 1 search(es) (google/bing/brave), no booking-site link that looks like this stay	retry
g-ChIJkWF_S0g-CTkRSsivLxxWglk	Organic Stay - One-Bedroom Apartment	rishikesh		quick pass: 1 search(es) (google/bing/brave), no booking-site link that looks like this stay	retry
g-ChIJq22R-AUXCTkRaod5PwaQZ4g	Himalayan Nature camp	rishikesh		quick pass: 1 search(es) (google/bing/brave), no booking-site link that looks like this stay	retry
g-ChIJq8EXxAQWCTkRSZHJ0eiHCD4	Shree Kali Kamliwala Panchayat Shetra (Pradhan Pith)	rishikesh		quick pass: 1 search(es) (google/bing/brave), no booking-site link that looks like this stay	retry
g-ChIJC1rfHzMRCTkRPO86uJZC8ck	Kosmos Boutique Stay	rishikesh		quick pass: 1 search(es) (google/bing/brave), no booking-site link that looks like this stay	retry
g-ChIJkxJ0MABJCTkRdx7HO0QMyxg	Hotel shivalik	haridwar		quick pass: 1 search(es) (google/bing/brave), no booking-site link that looks like this stay	retry
g-ChIJP-yesUBHCTkRdggvvvMBW8I	Baroda wali Dharamshala	haridwar		quick pass: 1 search(es) (google/bing/brave), no booking-site link that looks like this stay	retry
premium-k-p-near-mansa-mata-temple-and-railway-haridwar	Premium Hotel Haridwar K P – Near Mansa Mata Temple and Railway Station Haridwar – Fully Air Conditioned – Free WiFi and Parking Facilities – Best Family Hotel in Haridwar	haridwar	Railway Station	quick pass: 1 search(es) (google/bing/brave), no booking-site link that looks like this stay	retry
sukoon-by-the-ganges-a-unit-of-perfectstayz	Sukoon by the Ganges – A Unit of Perfectstayz	haridwar	Kankhal	quick pass: links found on search 1 (opera/bing(au)); opened 2 booking-site link(s), none was this stay; pages would not load: MakeMyTrip, Goibibo	retry
g-ChIJQWANpDBGCTkRzgyzDNKwHCI	Hotel Suvidha Deluxe A Unit Of Hotels 4 U	haridwar		quick pass: 1 search(es) (google/bing/brave), no booking-site link that looks like this stay	retry
g-ChIJ3TVMKzYXCTkRDlaL1kCWQbw	Sukoon – A Cozy Luxury 2BHK near Triveni Ghat	rishikesh		quick pass: 1 search(es) (google/bing/brave), no booking-site link that looks like this stay	retry
g-ChIJzTeM6_cTCTkR85ed2OBSeA8	Badhakholi rawat niwas nail	rishikesh		quick pass: 1 search(es) (google/bing/brave), no booking-site link that looks like this stay	retry
aloha-2-bedroom-ganges-room	Aloha Rishikesh – 2 Bedroom – Ganges Room	rishikesh	Tapovan	quick pass: links found on search 1 (edge/bing(de)); opened 1 booking-site link(s), none was this stay	retry
g-ChIJXb5vqeEXCTkRVeqna1wzH7U	AYM Hotel & Resort	rishikesh		quick pass: 1 search(es) (google/bing/brave), no booking-site link that looks like this stay	retry
g-ChIJe5_JBgBJCTkRL5dPlM55ZQw	Chhavi	haridwar		quick pass: 1 search(es) (google/bing/brave), no booking-site link that looks like this stay	retry
resort-ganges-blossam-a-four-star-luxury	Ganges Blossam – A Four Star Luxury Hotel & Resort	haridwar	Elsewhere in Haridwar	quick pass: links found on search 1 (opera/bing(au)); opened 2 booking-site link(s), none was this stay; pages would not load: Trip.com	retry
hostel-shanti	Shanti Hostel	rishikesh	Tapovan	quick pass: 1 search(es) (google/bing/brave), no booking-site link that looks like this stay	retry
spacious-5-bedroom-penthouse	Spacious 5 Bedroom Penthouse	rishikesh	Haridwar Road	quick pass: 1 search(es) (google/bing/brave), no booking-site link that looks like this stay	retry
ecko-antarman-on-the-ganges	Ecko Antarman on the Ganges Hotel	haridwar	Upper Road & Mayapur	quick pass: 1 search(es) (google/bing/brave), no booking-site link that looks like this stay	retry
g-ChIJo8eyTU8WCTkRST6UeD5rwLk	Elite Heaven Retreat 1BHK Budget Home Stay Tapovan - One-Bedroom Apartment with Balcony	rishikesh		quick pass: 1 search(es) (google/bing/brave), no booking-site link that looks like this stay	retry
g-ChIJaV4ZewBHCTkRRBByaJC2Riw	Harbhaj rai ashram haridwar	haridwar		quick pass: 1 search(es) (google/bing/brave), no booking-site link that looks like this stay	retry
g-ChIJQbH1fD1HCTkRNsIwRTVnvds	HOTEL RELAX INN	haridwar		quick pass: 1 search(es) (google/bing/brave), no booking-site link that looks like this stay	retry
g-ChIJs9Ibu1oWCTkRdmkJf-KGqpE	Aloha apartments by alka - One-Bedroom Apartment with Balcony and Mountain View	rishikesh		quick pass: 1 search(es) (google/bing/brave), no booking-site link that looks like this stay	retry
g-ChIJ09tS0H0SCTkRiV-71VNvdeI	Shankar Hotel	rishikesh		quick pass: 1 search(es) (google/bing/brave), no booking-site link that looks like this stay	retry
gateway-2heaven-modern-lux-2bhk-flat-terrace-view-tapovan	The Signature Modern Luxury 1BHK Flats in Tapovan	rishikesh	Tapovan	quick pass: 1 search(es) (google/bing/brave), no booking-site link that looks like this stay	retry
g-ChIJO2BbUURHCTkRBDi6eq3TBPg	Mata Sachidananda Nirmal Kutia	haridwar		quick pass: 1 search(es) (google/bing/brave), no booking-site link that looks like this stay	retry
g-ChIJVx0IjrM5CTkR0yHcRMoAWgM	SRI SAI GRACE INN	haridwar		quick pass: 1 search(es) (google/bing/brave), no booking-site link that looks like this stay	retry
g-ChIJ5wz4GwA1CTkRLcKSUrJD0Tw	Maharishi Kurtis 130	haridwar		quick pass: 1 search(es) (google/bing/brave), no booking-site link that looks like this stay	retry
g-ChIJDSzvfhU-CTkRIVSMn-8lRGk	Cosy Comfort BB - One-Bedroom Apartment	rishikesh		quick pass: 1 search(es) (google/bing/brave), no booking-site link that looks like this stay	retry
g-ChIJ__bsLns-CTkRj0rdOCbzMSU	Hotel mannat	rishikesh		quick pass: 1 search(es) (google/bing/brave), no booking-site link that looks like this stay	retry
hotel-haridwar-16	Hotel Chautivala	haridwar	Rishikesh Road & Motichur	quick pass: 1 search(es) (google/bing/brave), no booking-site link that looks like this stay	retry
g-ChIJnT7TqdIXCTkR5T4zNgWm87c	Hotel Shivoham by Trailing Himalayas	rishikesh		quick pass: links found on search 1 (edge/bing(de)); opened 2 booking-site link(s), none was this stay	retry
g-ChIJpbfNW18VCTkRuX2F9MMBV6g	Rivera beach camp	rishikesh		quick pass: 1 search(es) (google/bing/brave), no booking-site link that looks like this stay	retry
g-ChIJm-u5DQAXCTkRgXXKPZw_MJw	The Dancing Leaves	rishikesh		quick pass: 1 search(es) (google/bing/brave), no booking-site link that looks like this stay	retry
g-ChIJOwqXfkUWCTkRnizaFMrBEBM	Luxurious 1BHK Flat in Hills Tapovan Parking Lift - Apartment with Mountain View	rishikesh		quick pass: links found on search 1 (firefox/bing(in)); opened 2 booking-site link(s), none was this stay	retry
g-ChIJVR0qEfEXCTkRSrCDeFUX8bg	Shri Hari ganga	rishikesh		quick pass: 1 search(es) (google/bing/brave), no booking-site link that looks like this stay	retry
g-ChIJAyffRQA_CTkRf510jwnTg0w	Swati	rishikesh		quick pass: 1 search(es) (google/bing/brave), no booking-site link that looks like this stay	retry
g-ChIJf9sQoxc7CTkRX4BnhmcRHbc	Holy hills homestay	rishikesh		quick pass: 1 search(es) (google/bing/brave), no booking-site link that looks like this stay	retry
g-ChIJqyysJW1HCTkRGAsLlsCLS9k	Haryana Bairagi Dharamsala Haridwar	haridwar		quick pass: 1 search(es) (google/bing/brave), no booking-site link that looks like this stay	retry
g-ChIJO7WiyLMXCTkRDRrmzEVYGkE	Rishikesh Riverside Camping Booking	rishikesh		quick pass: 1 search(es) (google/bing/brave), no booking-site link that looks like this stay	retry
g-ChIJP1SdCicXCTkRH8tnWLkpbNg	The Rudraksh Food and Stay	rishikesh		quick pass: 1 search(es) (google/bing/brave), no booking-site link that looks like this stay	retry
g-ChIJO4ghxEQWCTkR_OAoSXhHyb8	Roller Coaster Adventure	rishikesh		quick pass: 1 search(es) (google/bing/brave), no booking-site link that looks like this stay	retry
g-ChIJR-11kkcXCTkRkC5Y1HC5WB4	Ima Sadhana Hotel	rishikesh		quick pass: 1 search(es) (google/bing/brave), no booking-site link that looks like this stay	retry
g-ChIJ22XhmD8WCTkRc0t8JwqfGe8	Mitra Niwas Guest House	rishikesh		quick pass: 1 search(es) (google/bing/brave), no booking-site link that looks like this stay	retry
prl-comfortable-stay-travel-dsek	Hotel Haridwar Prl Inn – Comfortable Stay – Travel Dsek	haridwar	Upper Road & Mayapur	quick pass: 1 search(es) (google/bing/brave), no booking-site link that looks like this stay	retry
g-ChIJKW-53j5GCTkRJLV_9AbX_aE	Gopal Dham	haridwar		quick pass: links found on search 1 (firefox/bing(in)); opened 1 booking-site link(s), none was this stay	retry
g-ChIJ51JzvEQWCTkRJiibsgJFOGU	Mahan Paradise Homestay - Apartment with Balcony	rishikesh		quick pass: 1 search(es) (google/bing/brave), no booking-site link that looks like this stay	retry
g-ChIJtYWwgxglCTkRy0EwHLg2nCk	The Bougainvillea Cottage - Private 2BR Farm-Stay with Hill and Orchard Views - Family Room	rishikesh		quick pass: 1 search(es) (google/bing/brave), no booking-site link that looks like this stay	retry
g-ChIJvVpS0T8-CTkR5Z0zx4HvZXM	Residenza by Akhilesh - Apartment	rishikesh		quick pass: 1 search(es) (google/bing/brave), no booking-site link that looks like this stay	retry
g-ChIJBSXkk_A-CTkR2_lwPiUBbrU	Innovative Chic Loft Style Apartment in Serene Rishikesh. Unwind. Decompress.	rishikesh		quick pass: links found on search 1 (firefox/bing(in)); opened 1 booking-site link(s), none was this stay; pages would not load: Trip.com	retry
g-ChIJ2U3NevcTCTkR07CKRqORsyo	Foramountain Riverside Resort	rishikesh		quick pass: 1 search(es) (google/bing/brave), no booking-site link that looks like this stay	retry
g-ChIJa-taHXhHCTkRpvrDFWmPN50	Shivanta by Ektham Hotels	haridwar		quick pass: 1 search(es) (google/bing/brave), no booking-site link that looks like this stay	retry
g-ChIJ4wcHpcwlCTkRDypeBP7uVbw	Airport Plaza Pahadi Zaika	rishikesh		quick pass: links found on search 1 (firefox/bing(in)); opened 2 booking-site link(s), none was this stay	retry
vishnu-yoga-shala	Vishnu Yoga Shala Hotel	rishikesh	Laxman Jhula	quick pass: 1 search(es) (google/bing/brave), no booking-site link that looks like this stay	retry
devi-ghar	Devi Ghar Hotel	rishikesh	Tapovan	quick pass: links found on search 1 (firefox/bing(in)); opened 1 booking-site link(s), none was this stay	retry
g-ChIJVVVVVdwkCTkR36MofiURBzY	Sun N Soil Backpacker Homestay	rishikesh		quick pass: 1 search(es) (google/bing/brave), no booking-site link that looks like this stay	retry
g-ChIJ-27vlE8WCTkRj_k-7efCIB0	River Rangers Rishikesh	rishikesh		quick pass: 1 search(es) (google/bing/brave), no booking-site link that looks like this stay	retry
g-ChIJSfOzwRNJCTkRwS4RxE-7POg	HOTEL IMPERIAL BLUE	haridwar		quick pass: 1 search(es) (google/bing/brave), no booking-site link that looks like this stay	retry
shivmurti-classic	Hotel Shivmurti Classic	haridwar	Upper Road & Mayapur	quick pass: 1 search(es) (google/bing/brave), no booking-site link that looks like this stay	retry
g-ChIJ8ehQKkVHCTkRRA__NoYWNms	Shri Anandpur Satsang Bhawan	haridwar		quick pass: 1 search(es) (google/bing/brave), no booking-site link that looks like this stay	retry
yatri-niwas	Hotel Yatri Niwas	haridwar	Har Ki Pauri	quick pass: 1 search(es) (google/bing/brave), no booking-site link that looks like this stay	retry
g-ChIJtcwCTgAXCTkRKFLvECVyASY	Rushikesh Stay	rishikesh		quick pass: 1 search(es) (google/bing/brave), no booking-site link that looks like this stay	retry
g-ChIJ1W-sC5E_CTkRznybAUin3d4	Now and Nature BNB	rishikesh		quick pass: 1 search(es) (google/bing/brave), no booking-site link that looks like this stay	retry
oyo-divine-residency	OYO Hotel Divine Residency	rishikesh	AIIMS Rishikesh	quick pass: 1 search(es) (google/bing/brave), no booking-site link that looks like this stay	retry
hotel-rishikesh-111	Guru Residency	rishikesh	Tapovan	quick pass: links found on search 1 (firefox/bing(gb)); opened 2 booking-site link(s), none was this stay	retry
g-ChIJp7DbiE4TCTkRDtn2NFAY8k0	River Heights	rishikesh		quick pass: 1 search(es) (google/bing/brave), no booking-site link that looks like this stay	retry
g-ChIJpeTKb9ERCTkR3DzkdcAeL_Q	Aaranya Vista	rishikesh		quick pass: links found on search 1 (firefox/bing(gb)); opened 2 booking-site link(s), none was this stay	retry
g-ChIJI7aao-0XCTkReCOABVyzL-4	Galaxy Ganga Resort	rishikesh		quick pass: 1 search(es) (google/bing/brave), no booking-site link that looks like this stay	retry
g-ChIJXYVYMn1HCTkRKoVf1GDYHw8	Shri Baijnath Giri Dharamshala	haridwar		quick pass: 1 search(es) (google/bing/brave), no booking-site link that looks like this stay	retry
krishna-priya-haridwar	Hotel Krishna Priya	haridwar	Har Ki Pauri	quick pass: links found on search 1 (firefox/bing(gb)); opened 2 booking-site link(s), none was this stay	retry
hotel-rishikesh-37	Shri Tridev Hotel and Restaurants	rishikesh	Nepali Farm	quick pass: 1 search(es) (google/bing/brave), no booking-site link that looks like this stay	retry
resort-upper-tapovan	Upper Tapovan Resort	rishikesh	Tapovan	quick pass: 1 search(es) (google/bing/brave), no booking-site link that looks like this stay	retry
g-ChIJ_VVjBgAlCTkRjCfbrYIZuKs	Saubhagya Home Stay	rishikesh		quick pass: 1 search(es) (google/bing/brave), no booking-site link that looks like this stay	retry
g-ChIJZ7rHJgAXCTkRTLlbWAXGeRQ	Hotel	rishikesh		name too generic to identify on a booking site (core "Hotel"); check by hand	manual
g-ChIJnQe6EvhsCTkRroag3fNQR8U	Nature village resort - Double Room with Private Bathroom	rishikesh		quick pass: 1 search(es) (google/bing/brave), no booking-site link that looks like this stay	retry
wonder-hills-har-ki-pauri-road	Hotel Wonder Hills, Har Ki Pauri Road	haridwar	Har Ki Pauri	quick pass: 1 search(es) (google/bing/brave), no booking-site link that looks like this stay	retry
g-ChIJKSmMKgANCTkRMZ-0jo7WhTs	Rishikesh stay	rishikesh		quick pass: links found on search 1 (firefox/bing(gb)); opened 2 booking-site link(s), none was this stay	retry
g-ChIJR5gE7UYiCTkRTEJ-yhoJybM	Scenic & Beautiful Cottages for self awareness, nature and healing. (Room 2)	rishikesh		quick pass: 1 search(es) (google/bing/brave), no booking-site link that looks like this stay	retry
g-ChIJ5xTNZAA_CTkR7-f_YDW3jWQ	Shree ji palace	rishikesh		quick pass: 1 search(es) (google/bing/brave), no booking-site link that looks like this stay	retry
g-ChIJX-vvPAA9CTkRFCQoLPdgEro	Viraj House	rishikesh		quick pass: 1 search(es) (google/bing/brave), no booking-site link that looks like this stay	retry
g-ChIJf6dCJgARCTkRMHkKbpkmceQ	Wacky Woods shivpuri	rishikesh		quick pass: links found on search 1 (firefox/bing(gb)); opened 2 booking-site link(s), none was this stay	retry
g-ChIJL2GlMwANCTkRvuSUpvKrdlE	Dubra Jagdishpur Kasari nahar	rishikesh		quick pass: 1 search(es) (google/bing/brave), no booking-site link that looks like this stay	retry
g-ChIJ8Y0MsQg_CTkRPHmWMGsrQfQ	Weekend Monks	rishikesh		quick pass: links found on search 1 (edge/bing(de)); opened 2 booking-site link(s), none was this stay	retry
one-earth-ganga-stone	One Earth Ganga Stone Hotel	haridwar	Bhupatwala	quick pass: 1 search(es) (google/bing/brave), no booking-site link that looks like this stay	retry
g-ChIJ-QN3cTQXCTkRY57hPmyrNPw	PAHADI SOLO TRAVELLERS	rishikesh		quick pass: 1 search(es) (google/bing/brave), no booking-site link that looks like this stay	retry
townhouse-oak-tapovan	Townhouse Oak Tapovan	rishikesh	Tapovan	quick pass: 1 search(es) (google/bing/brave), no booking-site link that looks like this stay	retry
one-earth-city-heart	One Earth City Heart	rishikesh	Tapovan	quick pass: 1 search(es) (google/bing/brave), no booking-site link that looks like this stay	retry
g-ChIJHXGvgbQRCTkR066Q8cc3r54	Brothers resort	rishikesh		quick pass: 1 search(es) (google/bing/brave), no booking-site link that looks like this stay	retry
g-ChIJwTsUmUUWCTkRJH40ixGtgVs	Camp 3 Blind Mice	rishikesh		quick pass: links found on search 1 (firefox/bing(gb)); opened 2 booking-site link(s), none was this stay; pages would not load: Agoda	retry
g-ChIJrVrLvkUWCTkRAdzBRO4osYg	Superb apartment with AC in vibrant Rishikesh	rishikesh		quick pass: 1 search(es) (google/bing/brave), no booking-site link that looks like this stay	retry
g-ChIJV7ufOABNCTkRwdq5egr-aoI	Ankit Auto Service Center	haridwar		quick pass: 1 search(es) (google/bing/brave), no booking-site link that looks like this stay	retry
g-ChIJGW9uGEhHCTkRUYXYKhONUME	Parvej Ji Shop	haridwar		quick pass: 1 search(es) (google/bing/brave), no booking-site link that looks like this stay	retry
g-ChIJWXdTpBcWCTkRSeVc1-nJaDo	Staywell Cottage	rishikesh		quick pass: 1 search(es) (google/bing/brave), no booking-site link that looks like this stay	retry
g-ChIJre4BvNQWCTkRAKYXNDjmADA	Camp Footloose	rishikesh		quick pass: links found on search 1 (firefox/bing(gb)); opened 2 booking-site link(s), none was this stay	retry
g-ChIJqSGKlEg9CTkR7jxZVO46Wdk	The Nestique Rishikesh	rishikesh		quick pass: 1 search(es) (google/bing/brave), no booking-site link that looks like this stay	retry
narayan	Hotel Narayan Inn Unit of Jethuri Hotel	rishikesh	Elsewhere in Rishikesh	quick pass: 1 search(es) (google/bing/brave), no booking-site link that looks like this stay	retry
resort-natures-valley-rishikesh	Nature's Valley Resort	rishikesh	Tapovan	quick pass: links found on search 1 (opera/bing(au)); opened 2 booking-site link(s), none was this stay; pages would not load: Trip.com	retry
g-ChIJmwS2UwBHCTkRVWQ9EqkUXic	Swami Pursanaram Dham	haridwar		quick pass: 1 search(es) (google/bing/brave), no booking-site link that looks like this stay	retry
g-ChIJh8DChgRHCTkRflIrrhroeX4	Suraj Mull Dharamshala	haridwar		quick pass: 1 search(es) (google/bing/brave), no booking-site link that looks like this stay	retry
house-the-blue-by-orang-utan	The Blue Guest House – By Orang Utan	rishikesh	Tapovan	quick pass: 1 search(es) (google/bing/brave), no booking-site link that looks like this stay	retry
hotel-rishikesh-288	Stat in Rishikesh Apartment	rishikesh	Tapovan	quick pass: 1 search(es) (google/bing/brave), no booking-site link that looks like this stay	retry
house-tourist	Tourist Guest House	rishikesh	Muni Ki Reti	quick pass: links found on search 1 (firefox/bing(gb)); opened 2 booking-site link(s), none was this stay; pages would not load: Trip.com, Agoda	retry
treebo-trend-the-lily	Treebo Trend the Lily Hotel	rishikesh	Tapovan	quick pass: 1 search(es) (google/bing/brave), no booking-site link that looks like this stay	retry
vedik-kaaya	Vedik Kaaya Hotel	haridwar	Kankhal	quick pass: links found on search 1 (firefox/bing(gb)); opened 2 booking-site link(s), none was this stay; pages would not load: Trip.com	retry
hotel-haridwar-88	Pushpkalyan – Sindhi Ashram	haridwar	Upper Road & Mayapur	quick pass: 1 search(es) (google/bing/brave), no booking-site link that looks like this stay	retry
g-ChIJP__stARHCTkR_v7sMthdqik	Hotel Namami Gange	haridwar		quick pass: 1 search(es) (google/bing/brave), no booking-site link that looks like this stay	retry
house-of-luxury	House of Luxury Apartment	rishikesh	Ganga Barrage	quick pass: 1 search(es) (google/bing/brave), no booking-site link that looks like this stay	retry
resort-anandam	Anandam Resort	rishikesh	Tapovan	quick pass: 1 search(es) (google/bing/brave), no booking-site link that looks like this stay	retry
g-ChIJgXulP7wXCTkRYolOobqIBPo	FILLOW CASA HILLS - RISHIKESH	rishikesh		quick pass: links found on search 1 (firefox/bing(gb)); opened 1 booking-site link(s), none was this stay	retry
g-ChIJeWPCD_1GCTkRdDL_XbYSORc	Sunnyside up Homestay	haridwar		quick pass: links found on search 1 (firefox/bing(gb)); opened 2 booking-site link(s), none was this stay; pages would not load: Agoda	retry
house-uttaranchal	Uttaranchal Guest House	rishikesh	Laxman Jhula	quick pass: 1 search(es) (google/bing/brave), no booking-site link that looks like this stay	retry
g-ChIJkR3HFaoXCTkRvxeFZx2Fbxc	12:22- The stay	rishikesh		quick pass: 1 search(es) (google/bing/brave), no booking-site link that looks like this stay	retry
g-ChIJx5yFuuxrCTkRqxEyY2fyVGg	Kimsar Resort	rishikesh		quick pass: 1 search(es) (google/bing/brave), no booking-site link that looks like this stay	retry
g-ChIJg4eSTQA7CTkRFnH0a4sr-wA	DOIWALA Pramila	rishikesh		quick pass: 1 search(es) (google/bing/brave), no booking-site link that looks like this stay	retry
hotel-rishikesh-131	Hotel Stay Inn by Stayapart	rishikesh	Tapovan	quick pass: links found on search 1 (opera/bing(au)); opened 2 booking-site link(s), none was this stay; pages would not load: MakeMyTrip	retry
g-ChIJqekbMB0WCTkRyc93YpPQssk	Hotel & Resort Booking In Rishikesh - Starting From 599	rishikesh		quick pass: 1 search(es) (google/bing/brave), no booking-site link that looks like this stay	retry
g-ChIJGyiJtVc_CTkRFj_syiqCaQk	Little Sparrow Home Stay Rishikesh	rishikesh		quick pass: 1 search(es) (google/bing/brave), no booking-site link that looks like this stay	retry
g-ChIJU-TvVc0lCTkRVs3_yI-CpE4	Bhandari homestay	rishikesh		quick pass: links found on search 1 (firefox/bing(gb)); opened 2 booking-site link(s), none was this stay	retry
the-7-seas	Hotel the 7 Seas	rishikesh	Veerbhadra Temple	quick pass: 1 search(es) (google/bing/brave), no booking-site link that looks like this stay	retry
g-ChIJX0D9yS8XCTkRhSKDJpZDTAI	Bhagwati Homestay ( Mountain Fox Home )	rishikesh		quick pass: links found on search 1 (firefox/bing(gb)); opened 2 booking-site link(s), none was this stay	retry
g-ChIJwcXCT9JHCTkRdCnrNLLA0_U	Shri maa gange bhawan	haridwar		quick pass: 1 search(es) (google/bing/brave), no booking-site link that looks like this stay	retry
g-ChIJb2RFmUNHCTkR3W3R9Qr3zls	Shiv Dham	haridwar		quick pass: 1 search(es) (google/bing/brave), no booking-site link that looks like this stay	retry
g-ChIJ-y_e8aUWCTkREIGugpgd7c8	Abchal Resort	rishikesh		quick pass: 1 search(es) (google/bing/brave), no booking-site link that looks like this stay	retry
g-ChIJb8DHYDwWCTkRdHgyJr6Qdos	Luxury Homestay 2 Bedrooms near Ganges - Deluxe King Room	rishikesh		quick pass: 1 search(es) (google/bing/brave), no booking-site link that looks like this stay	retry
4-u-premium-tapovan	4 U Premium Tapovan	rishikesh	Tapovan	quick pass: 1 search(es) (google/bing/brave), no booking-site link that looks like this stay	retry
g-ChIJhX2vUWtHCTkRxPCVFQsZ_Yg	Sangrur Bhawan Dharamshala	haridwar		quick pass: 1 search(es) (google/bing/brave), no booking-site link that looks like this stay	retry
g-ChIJxTiP9VMXCTkRO2SjhWVyYqs	Batoi home stay	rishikesh		quick pass: 1 search(es) (google/bing/brave), no booking-site link that looks like this stay	retry
resort-the-forest-view	The Forest View Resort	rishikesh	Dehradun Road	quick pass: 1 search(es) (google/bing/brave), no booking-site link that looks like this stay	retry
yog-kul-home-stay-economy	Yog Kul Home Stay – Economy	rishikesh	Veerbhadra Temple	quick pass: links found on search 1 (firefox/bing(gb)); opened 1 booking-site link(s), none was this stay; pages would not load: Agoda	retry
g-ChIJs0yIXQNHCTkRv-3lRCFERGI	Seth Anandram Jaipuria Smriti Bhawan	haridwar		quick pass: 1 search(es) (google/bing/brave), no booking-site link that looks like this stay	retry
g-ChIJQ4FYfgAVCTkRMxOj6QWZudg	Shivaya Guesthouse & Restaurant	rishikesh		quick pass: 1 search(es) (google/bing/brave), no booking-site link that looks like this stay	retry
g-ChIJW9uLgoETCTkR-cNo-jvS8T8	Riverside Cottages in rishikesh	rishikesh		quick pass: 1 search(es) (google/bing/brave), no booking-site link that looks like this stay	retry
g-ChIJ6V4RVgBHCTkRtsYCkP6dbiA	Hotel	haridwar		name too generic to identify on a booking site (core "Hotel"); check by hand	manual
g-ChIJ744mO38XCTkRDsEtp7lm03s	Adventure Mint - A Thrilling Rafting & Camping in Rishikesh	rishikesh		quick pass: 1 search(es) (google/bing/brave), no booking-site link that looks like this stay	retry
g-ChIJd8chXOdJCTkRNpxduvlndRo	Rosewood Apartment Hotel - SIDCUL Haridwar	haridwar		quick pass: 1 search(es) (google/bing/brave), no booking-site link that looks like this stay	retry
g-ChIJf-hspXVHCTkR474MzzWkpXw	सिद्ध बाबा शंकर गिरी आश्रम	haridwar		name too generic to identify on a booking site (core "सिद्ध बाबा शंकर गिरी आश्रम"); check by hand	manual
g-ChIJl1NVPRpHCTkR1ScRhmisUzI	पाल रेजीडेंसी	haridwar		name too generic to identify on a booking site (core "पाल रेजीडेंसी"); check by hand	manual
villa-the-premium	Hotel the Premium Villa	rishikesh	Tapovan	name too generic to identify on a booking site (core "Hotel the Premium Villa"); check by hand	manual
g-ChIJMcmcUxwXCTkReJCO5VZyOf8	Stay with Anurag ( Hostel - Private Apartments- Rooms-Adventure )	rishikesh		name too generic to identify on a booking site (core "Stay"); check by hand	manual
g-ChIJP_r-ncYlCTkRGN1OOGaK-dg	Hotel	rishikesh		name too generic to identify on a booking site (core "Hotel"); check by hand	manual
g-ChIJmeFwFwBHCTkRGNKLIM_edPM	Hotel India	haridwar		name too generic to identify on a booking site (core "Hotel India"); check by hand	manual
g-ChIJq6qqqltHCTkRwUBA1aizsVs	Hotel	haridwar		name too generic to identify on a booking site (core "Hotel"); check by hand	manual
sudhanshu-travells-and-hotels	द्वारकानाथ Hotel	haridwar	Railway Station	name too generic to identify on a booking site (core "द्वारकानाथ Hotel"); check by hand	manual
g-ChIJUX6AFwAZCTkRoH83mLSG_og	ग्राम-कोटी पोस्ट ऑफिस स्वीर	rishikesh		name too generic to identify on a booking site (core "ग्राम-कोटी पोस्ट ऑफिस स्वीर"); check by hand	manual
g-ChIJcaNS3FcXCTkRiKJ_ETLGc4g	Stay in Camp	rishikesh		name too generic to identify on a booking site (core "Stay in Camp"); check by hand	manual
har-ki-pauri-with-terrace-ganga-view	Hotel Har Ki Pauri with Terrace Ganga View	haridwar	Har Ki Pauri	name too generic to identify on a booking site (core "Hotel Har Ki Pauri"); check by hand	manual
g-ChIJf6fofwBLCTkR9zSk4oQemHE	अमरदीप	haridwar		name too generic to identify on a booking site (core "अमरदीप"); check by hand	manual
g-ChIJ756athU-CTkRx2ybWUyv9VU	Homestay Near Triveni ghat - One-Bedroom Apartment	rishikesh		name too generic to identify on a booking site (core "Homestay"); check by hand	manual
g-ChIJRT8MN1U5CTkRV6SRyg3Jq8Q	गोचर होम	rishikesh		name too generic to identify on a booking site (core "गोचर होम"); check by hand	manual
g-ChIJezQgJEBHCTkRi0m0hNMWil4	Hotel	haridwar		name too generic to identify on a booking site (core "Hotel"); check by hand	manual
g-ChIJpw1-aAIWCTkRhBqIzv2-Zz0	HOTEL	rishikesh		name too generic to identify on a booking site (core "HOTEL"); check by hand	manual
g-ChIJY_6dMAAXCTkRE7ri-rUZ2y0	Homestay	rishikesh		name too generic to identify on a booking site (core "Homestay"); check by hand	manual
g-ChIJfRTCyLoXCTkRM_9MVw6KHoc	1997 homestay	rishikesh		name too generic to identify on a booking site (core "1997 homestay"); check by hand	manual
g-ChIJN560QQAXCTkRliVGhxn5KgA	आशामाई ट्रस्ट धर्मशाला	rishikesh		name too generic to identify on a booking site (core "आशामाई ट्रस्ट धर्मशाला"); check by hand	manual
