listing_id	slug	active	city
1	advaitam-ganga-hill-view-homestay-by-the-ganges-ghat	1	rishikesh
2	villa-elysium-the-himalayan-ganges-view-yoga-retreat	1	rishikesh
3	villa-yoga-retreat-at-the-ganges-in	1	rishikesh
4	1968-by-the-cardinal-beatles-inspired	1	rishikesh
5	2-bhk-rustic-muse	1	rishikesh
6	2bhk-comfortable-stay-for-family-and-couples-near-ganga	1	rishikesh
7	2bhk-flat-peaceful-stay	1	rishikesh
8	4-u-premium-tapovan	1	rishikesh
9	4-you-with-open-rooftop-cafe	1	rishikesh
10	5-elements-kaudiyala	1	rishikesh
11	aalaya-by-karamya-homes	1	rishikesh
12	aarogya-residency	1	rishikesh
13	aarti-cottage-inn	1	rishikesh
14	aarunya-stays	1	rishikesh
15	aastha-height	1	rishikesh
16	aavya-wellness-retreat-center	1	rishikesh
17	abhayam-ashram	1	rishikesh
18	abhinandan-home-stay	1	rishikesh
19	accurate	1	rishikesh
20	adda-by-musafir	1	rishikesh
21	adhiroha	1	rishikesh
22	adi-yoga-ashram	1	rishikesh
23	adi-yogpeeth	1	rishikesh
24	aditya-cottage	1	rishikesh
25	adiyogi	1	rishikesh
26	adventuria-an	1	rishikesh
27	advik-ganga-hill-view-serene	1	rishikesh
28	adya-apartments	1	rishikesh
29	akshat-home-stay	1	rishikesh
30	alaya-stays-anandam-in-himalaya	1	rishikesh
31	almost-heaven-ganga-triveni-house	1	rishikesh
32	aloha-2-bedroom-ganges-room	1	rishikesh
33	aloha-apartments-by-alka	1	rishikesh
34	aloha-apartments-by-blissful-ganges	1	rishikesh
35	aloha-divine-ganges-2bhk-gangaview-w-infinity-pool	1	rishikesh
36	aloha-divine-ganges-apartments-with-infinity-pool	1	rishikesh
37	aloha-ganga-view-2bhk-by-ganges-hospitality	1	rishikesh
38	aloha-ganges-apartments-jamb	1	rishikesh
39	aloha-oasis-by-evara	1	rishikesh
40	aloha-on-the-ganges-2bhk-ganga-facing-304	1	rishikesh
41	aloha-on-the-ganges-by-leisure-hotels	1	rishikesh
42	aloha-on-the-ganges-ganga-view-with-infinity-pool-2bhk	1	rishikesh
43	aloha-on-the-ganges-ganga-view-with-infinity-pool-2bhk-1	1	rishikesh
44	aloha-on-the-ganges-ganga-view-with-infinity-pool-2bhk-249192	1	rishikesh
45	aloha-onthe-ganga-almost-heaven-2br-condo-wit-pool	1	rishikesh
46	aloha-serenity-apartments	1	rishikesh
47	alpine-retreat	1	rishikesh
48	aluna-homestay	1	rishikesh
49	ama-stays-trails-kashi-house	1	rishikesh
50	aman	1	rishikesh
51	aman-homestay-rishikesh	1	rishikesh
52	amantrhit-a-wellness-retreat-centre	1	rishikesh
53	amayaah-luxury-spa-resorts	1	rishikesh
54	ambika-resorts-rishikesh	1	rishikesh
55	amraai-homestay-rishikesh	1	rishikesh
56	amritara-tapovan	1	rishikesh
57	anand-prakash-yoga-ashram-retreat-center	1	rishikesh
58	ananda-in-the-himalayas	1	rishikesh
59	anandam-home-stay	1	rishikesh
60	anandam-stays-1	1	rishikesh
61	anandam-stays-rishikesh	1	rishikesh
62	anandmay-homestay-isbt-249201	1	rishikesh
63	anandmay-homestay-rishikesh	1	rishikesh
64	ananta-dhyan-kendra	1	rishikesh
65	ananta-ganges-penthouse-by-evara	1	rishikesh
66	ananta-residency	1	rishikesh
67	ananta-taposthali-1bhk	1	rishikesh
68	anjali-home-stay	1	rishikesh
69	ansh-prince-home-stay	1	rishikesh
70	antalya-by-divine-ganga-cottage	1	rishikesh
71	antarallay	1	rishikesh
72	antrix-resorts-retreat	1	rishikesh
73	anupam-residency	1	rishikesh
74	anvi-home-stay	1	rishikesh
75	apt-1-bhk	1	rishikesh
76	apt-1-bhk-rishikesh	1	rishikesh
77	apt-2-bedroom-ganga-view-aloha	1	rishikesh
78	apt-2bhk-fully-furnished-flat-ganga-fashing-ganga-view	1	rishikesh
79	apt-2bhk-luxury-escape-in	1	rishikesh
80	apt-2bhk-with-serene-ganga-view-a-familys-choice	1	rishikesh
81	apt-85-the-ganges-2-bhk-for-homestay	1	rishikesh
82	apt-aadishri-rishikesh	1	rishikesh
83	apt-aarya-luxurious-2-bhk	1	rishikesh
84	apt-aloha-ganga-view-2bhk-by-almost-heaven	1	rishikesh
85	apt-aloha-india-by-nibhachi	1	rishikesh
86	apt-aloha-on-sacred-ganges-with-infinity-pool	1	rishikesh
87	apt-aloha-terrace-by-punianis	1	rishikesh
88	apt-anamika-1bhk-in-tapovan	1	rishikesh
89	apt-anamika-sukoon-1bhk-in-tapovan	1	rishikesh
90	apt-ananta-luxurious-2bhk	1	rishikesh
91	apt-ananta-square-1bhk	1	rishikesh
92	apt-ayu-aanandam-live-i-heal-i-rest	1	rishikesh
93	apt-blissful-townhouse	1	rishikesh
94	apt-cozy-stay	1	rishikesh
95	apt-devdeep-rishikesh	1	rishikesh
96	apt-divine-lookout	1	rishikesh
97	apt-diya-8	1	rishikesh
98	apt-diya-rishikesh	1	rishikesh
99	apt-ensquare-2bhk-with-netflix-kitchen-near-laxman	1	rishikesh
100	apt-entire-in-upper-tapovan	1	rishikesh
101	apt-ganga-bhumi-2bhk	1	rishikesh
102	apt-ganga-vatika-by-luho-leisure	1	rishikesh
103	apt-ggh-ganga-side-bliss	1	rishikesh
104	apt-happy-human	1	rishikesh
105	apt-healing-house	1	rishikesh
106	apt-heaven-on-earth	1	rishikesh
107	apt-himalayan-haven-2bhk-luxury	1	rishikesh
108	apt-himalayan-hideaway-1-bhk-luxury	1	rishikesh
109	apt-himalayas	1	rishikesh
110	apt-in-rishikesh	1	rishikesh
111	apt-indrangan-near-ganga-ji-3bhk	1	rishikesh
112	apt-minimalist-2-bedroom-near-aiims	1	rishikesh
113	apt-moksha-a-luxury-2bhk-with-ganga-view	1	rishikesh
114	apt-mountain-mantra	1	rishikesh
115	apt-mountain-view-1bhk	1	rishikesh
116	apt-prakriti-sutra	1	rishikesh
117	apt-rajaji-delight-rajaji-national-park	1	rishikesh
118	apt-rasa-85-the-ganges	1	rishikesh
119	apt-rasa-penthouse-rishikesh	1	rishikesh
120	apt-rasa-the-ganges-rishikesh-ganga-bhumi	1	rishikesh
121	apt-shivoham-yoga-retreat	1	rishikesh
122	apt-shivoham-yoga-retreat-spacious-and-fully-equipped	1	rishikesh
123	apt-soul-haven	1	rishikesh
124	apt-soulful-himalayan-retreat	1	rishikesh
125	apt-spatii-studio	1	rishikesh
126	apt-spatti	1	rishikesh
127	apt-spiritual-oasis	1	rishikesh
128	apt-sukoon-niwas-by-the-ganga	1	rishikesh
129	apt-sukoon-retreat-1bhk-mountain-view-in	1	rishikesh
130	apt-sumyati-tranquil-luxury-1bhk-with-ganga-view	1	rishikesh
131	apt-the-hills-waves	1	rishikesh
132	apt-the-little-house	1	rishikesh
133	apt-the-nestique	1	rishikesh
134	apt-the-peninsulla	1	rishikesh
135	apt-the-regaliaas-luxury-2-bedroom-in-tapovan	1	rishikesh
136	apt-the-white-house	1	rishikesh
137	apt-tripodas-1-bhk-peaceful-stay	1	rishikesh
138	apt-unio-mystica	1	rishikesh
139	apt-urban-ganga-heights-by-peninsulla	1	rishikesh
140	apt-veda-luxurious-4bhk-with-ganga-hill-view	1	rishikesh
141	apt-whispering-vines-by-blessings	1	rishikesh
142	apt-zen-haven-luxury-ganga-access-mountain-view	1	rishikesh
143	aqua-vibes-tapovan	1	rishikesh
144	aradhana-palace	1	rishikesh
145	aradhya-gange-residency	1	rishikesh
146	aranyam	1	rishikesh
147	aranyam-river-retreat	1	rishikesh
148	aravs-homestay	1	rishikesh
149	archie-holiday-home	1	rishikesh
150	arista-haven	1	rishikesh
151	arogyadham-wellness-retreat	1	rishikesh
152	aroha-by-rishikesh-swimming-pool-spa	1	rishikesh
153	around-stays-by-the-ganges	1	rishikesh
154	around-stays-gange-hills-tapovan	1	rishikesh
155	around-stays-hotel-aviral-ganga-tapovan	1	rishikesh
156	around-stays-hotel-foothills-tapaovan	1	rishikesh
157	around-stays-hotel-rising-hills-tapovan	1	rishikesh
158	around-stays-house-of-tourists	1	rishikesh
159	around-stays-make-a-wish	1	rishikesh
160	around-stays-mystara-hotels-tapovan	1	rishikesh
161	around-stays-om-blessed-cottages-tapovan	1	rishikesh
162	around-stays-rishikesh-tapovan	1	rishikesh
163	around-stays-rising-hills-tapovan	1	rishikesh
164	around-stays-rk-heritage-resort-tapovan	1	rishikesh
165	around-stays-shanti-vilas-tapovan	1	rishikesh
166	around-stays-the-golden-i-homestay-near-aiims	1	rishikesh
167	art-bliss-homes	1	rishikesh
168	arti-cottage	1	rishikesh
169	arti-cottage-feel-like-home	1	rishikesh
170	asha-delight	1	rishikesh
171	ashirvaad-kunj	1	rishikesh
172	ashirwad-stay	1	rishikesh
173	ashoka-ganga-stay-by-the-ganges-at-triveni-ghat	1	rishikesh
174	aspen-adventures-camp-by-aspen	1	rishikesh
175	astraal-resorts-and-spa	1	rishikesh
176	atali-ganga-resort	1	rishikesh
177	athalia-guesthouse	1	rishikesh
178	athalia-residency-by-moon-stay	1	rishikesh
179	atlantis-the-oaks	1	rishikesh
180	atman-homes	1	rishikesh
181	atrium	1	rishikesh
182	aura-homes-a-boho-green-escape	1	rishikesh
183	aura-inn	1	rishikesh
184	aura-residency-a-unit-of-sitara-group-road-haridwar	1	rishikesh
185	aura-tapovan	1	rishikesh
186	aurovie-homes-1bhk-fully-furnished-mountain-view	1	rishikesh
187	aurovie-homes-by-the-ganga	1	rishikesh
188	aviral-ganga-by-kundalini	1	rishikesh
189	awara-stays	1	rishikesh
190	awesome-property-someone-will-love-to-live-rishikesh	1	rishikesh
191	ayurveda-bhavan	1	rishikesh
192	ayushman-cottage	1	rishikesh
193	ayuskama-ayurveda-yoga-retreat-center	1	rishikesh
194	azul-ganga	1	rishikesh
195	back-stayz-laxman-jhula	1	rishikesh
196	back-stayz-laxman-jhula-apartments	1	rishikesh
197	badri-palace-rishikesh	1	rishikesh
198	baidehi-cottage	1	rishikesh
199	bamboo-garden-cottages-and-cafe	1	rishikesh
200	baseraa	1	rishikesh
201	bedzzz-by-leisure-hotels	1	rishikesh
202	behl-ashram	1	rishikesh
203	bellora-stays	1	rishikesh
204	best-property-of-india-near-to-ganges	1	rishikesh
205	beyond	1	rishikesh
206	bhagirathi-by-reet	1	rishikesh
207	bhagirathi-by-restay-hotels	1	rishikesh
208	bhagirathi-place	1	rishikesh
209	bhandari-home-stay	1	rishikesh
210	bindram-palace	1	rishikesh
211	black-pearl	1	rishikesh
212	blessed-cottages	1	rishikesh
213	bliss-ganga	1	rishikesh
214	bliss-ganga-uttarakhand	1	rishikesh
215	blissful-stays-midst-nature	1	rishikesh
216	blissful-stays-midsts-nature	1	rishikesh
217	blissfull-stay-midsts-nature	1	rishikesh
218	bloom-boutique-hills	1	rishikesh
219	blue-heart-home-by-the-ganges-cosy-1bhk-veerbhadra	1	rishikesh
220	blue-heart-home1bhk-luxury-cosy-flat-in-tapovan	1	rishikesh
221	blue-moon-1	1	rishikesh
222	blue-moon-rishikesh	1	rishikesh
223	blue-river-hostel	1	rishikesh
224	blue-stayz	1	rishikesh
225	bnb-aashraya-on-ganga	1	rishikesh
226	bnb-devi-music-ashram-rishikesh	1	rishikesh
227	bnb-madhuban-ashram	1	rishikesh
228	bnb-modern-monk	1	rishikesh
229	bnb-qube-house	1	rishikesh
230	bnb-rest	1	rishikesh
231	bnb-swami-samarpan-ashram	1	rishikesh
232	bnb-the-ajna-resident-jamb	1	rishikesh
233	bnb-the-see-some	1	rishikesh
234	body-wellness-yoga-retreat-aananda-yog	1	rishikesh
235	boho-industrial-loft-private-balcony-and-mezzanine	1	rishikesh
236	boho-stays	1	rishikesh
237	bonfire-hostels	1	rishikesh
238	boudhi-house-minimalist-retreat-with-ganges-view	1	rishikesh
239	budget-friendly-1-bhk-luxury-home-stay	1	rishikesh
240	budget-friendly-deecon-valley-1bhk-modern-flat-lift	1	rishikesh
241	budget-friendly-modern-1bhk-flat-lift-parking-kitchen	1	rishikesh
242	budget-stay-in-the-city-center	1	rishikesh
243	bunk-house	1	rishikesh
244	bunkyard	1	rishikesh
245	by-petals-inn	1	rishikesh
246	by-rfh	1	rishikesh
247	by-wraveler-hotels	1	rishikesh
248	by-wraveler-hotels-rishikesh	1	rishikesh
249	cabana-suites-1bhk-301	1	rishikesh
250	cabana-suites-1bhk-303	1	rishikesh
251	cabana-suites-4	1	rishikesh
252	cabana-suites-inside-deecon-valley	1	rishikesh
253	cabana-suites-rk-studio	1	rishikesh
254	camp-aqua-forest	1	rishikesh
255	capital-o-27980-inderlok	1	rishikesh
256	capt-mount-stays	1	rishikesh
257	casa-bohemian	1	rishikesh
258	casa-cosy-tapovan-residency	1	rishikesh
259	casa-tranquila	1	rishikesh
260	chakrah-by-hermitage	1	rishikesh
261	chalo-chaley	1	rishikesh
262	chandra-rishikesh	1	rishikesh
263	check-homes-inn	1	rishikesh
264	chhaya	1	rishikesh
265	clarks-express-inn	1	rishikesh
266	classic-stay-in	1	rishikesh
267	collection-o-badrinath-road-tapovan	1	rishikesh
268	collection-o-balaknath-temple-road-tapovan	1	rishikesh
269	collection-o-durga-palace	1	rishikesh
270	collection-o-kedar-in	1	rishikesh
271	collection-o-shree	1	rishikesh
272	collection-o-tapovan-near-deacon-valley	1	rishikesh
273	collection-o-tapovan-paradise	1	rishikesh
274	collection-o-vaanya-bliss	1	rishikesh
275	comfort-dewa-retreat	1	rishikesh
276	comfortable-rooms-on-laxman-jhula	1	rishikesh
277	cosy-nook	1	rishikesh
278	couple-family-friendly-homestays-mountain-view-85-the-ganges	1	rishikesh
279	cozy-chapter-stays	1	rishikesh
280	cozy-chapter-stays-tapovan	1	rishikesh
281	cozy-corner-at-tapovan-c4	1	rishikesh
282	cozy-homes	1	rishikesh
283	cozy-nok-stay	1	rishikesh
284	cozy-rio-vista	1	rishikesh
285	crescent-moon-homestay	1	rishikesh
286	crystal-leaf	1	rishikesh
287	d-s-valley	1	rishikesh
288	d2-hotels	1	rishikesh
289	damini	1	rishikesh
290	darshan-homestay	1	rishikesh
291	debanjali-home-stay	1	rishikesh
292	deep-rishikesh	1	rishikesh
293	deepak-homestay-rishikesh	1	rishikesh
294	dev-bhoomi	1	rishikesh
295	dev-ganga-rishikesh	1	rishikesh
296	dev-palace-by-wb	1	rishikesh
297	dev-palace-road-tapovan-rishikesh	1	rishikesh
298	dev-rishi-homes	1	rishikesh
299	dev-rishikesh	1	rishikesh
300	devaaya-palace	1	rishikesh
301	devbhoomi	1	rishikesh
302	devi-ghar	1	rishikesh
303	devlok-homes	1	rishikesh
304	devoy-1	1	rishikesh
305	devoy-249192	1	rishikesh
306	devoy-by-namastexplorer-tapovan	1	rishikesh
307	devoy-rishikesh-inn	1	rishikesh
308	devraj-by-arena-heritage	1	rishikesh
309	dewa-retreat-a-himalayan-boutique-hotel	1	rishikesh
310	dhakad-gold-tapovan	1	rishikesh
311	dhara-retreat	1	rishikesh
312	dharm-yatri-niwas-rishikesh	1	rishikesh
313	dharohar-homestay-by-yatrimap	1	rishikesh
314	digvijay	1	rishikesh
315	digvijay-and-restuarant	1	rishikesh
316	divine-dev-darshan-valley	1	rishikesh
317	divine-kunja-homestay-rishikesh	1	rishikesh
318	divine-kunjas-stay	1	rishikesh
319	divine-lakshmi-ganga	1	rishikesh
320	divya	1	rishikesh
321	divya-249302	1	rishikesh
322	divyam-resorts	1	rishikesh
323	dostel	1	rishikesh
324	dostel-homestay	1	rishikesh
325	dream	1	rishikesh
326	ds-valley	1	rishikesh
327	durga-palace	1	rishikesh
328	durga-palace-by-veda-group-of-hotels	1	rishikesh
329	earth-roots-ayurveda	1	rishikesh
330	echos	1	rishikesh
331	ecko-tapovan-by-the-ganges	1	rishikesh
332	economical-rooms-at-mukti-dham	1	rishikesh
333	ekaaya-near-the-ganges	1	rishikesh
334	ekantam-aspen-by-yatri-india-hospitality	1	rishikesh
335	ekawa-ganga-by-lawrence-hotels	1	rishikesh
336	elevate-nirvana	1	rishikesh
337	ellbee-ganga-view	1	rishikesh
338	en-mi-casa	1	rishikesh
339	ensquare-2-bedroom-apartments-near-laxman-jhula	1	rishikesh
340	ensquare-2-bhk-apartments-with-kitchen-rooftop	1	rishikesh
341	ensquare-aesthetic-2-bedroom-1-living-room	1	rishikesh
342	ensquare-apartments	1	rishikesh
343	entire-floor-luxury-3bhk-3baths-5-double-beds-in	1	rishikesh
344	eternal-bliss-by-ganga-blessing	1	rishikesh
345	evana-by-rukman-hotels	1	rishikesh
346	excellent-property-with-exellent-amenities-you-would	1	rishikesh
347	exotic-rishikesh	1	rishikesh
348	extended-stay	1	rishikesh
349	fabhotel-aarogya-residency	1	rishikesh
350	fabhotel-divine-dev-darshan-valley	1	rishikesh
351	fabhotel-hari-om-inn	1	rishikesh
352	fabhotel-hi-by-madras	1	rishikesh
353	fabhotel-kailash-residency	1	rishikesh
354	fabhotel-madhuban-inn	1	rishikesh
355	fabhotel-uv	1	rishikesh
356	fabhotel-yamunotri-retreat-tapovan	1	rishikesh
357	flagship-guestlo-verse	1	rishikesh
358	flagship-shivoham-palace	1	rishikesh
359	flat-full-furnished	1	rishikesh
360	flow-house	1	rishikesh
361	flowstel-laxman-jhula	1	rishikesh
362	foothill-by-around-stays	1	rishikesh
363	foothill-by-around-stays-tapovan	1	rishikesh
364	forest-view-rishikesh	1	rishikesh
365	foxoso-heights-tapovan	1	rishikesh
366	fusion-retreat	1	rishikesh
367	ganga	1	rishikesh
368	ganga-ashoka	1	rishikesh
369	ganga-bliss-home	1	rishikesh
370	ganga-bliss-rishikesh	1	rishikesh
371	ganga-darshnam-by-ganga-blessing	1	rishikesh
372	ganga-elena	1	rishikesh
373	ganga-forest-view	1	rishikesh
374	ganga-grand-parking-lift-restaurant-near-ghat	1	rishikesh
375	ganga-guesthouse-near-janki-jhula-ram-jhula	1	rishikesh
376	ganga-kinare-a-riverside-boutique-resort	1	rishikesh
377	ganga-kinare-homestay	1	rishikesh
378	ganga-mbs-best-location-family-hotel	1	rishikesh
379	ganga-moksha-homestay	1	rishikesh
380	ganga-nest-cosy-2bhk-with-ganga-view	1	rishikesh
381	ganga-pearl	1	rishikesh
382	ganga-river-2-bhk-by-the-nirvanaa-blues	1	rishikesh
383	ganga-river-cozy-stay-by-the-nirvanaa-blues	1	rishikesh
384	ganga-riverfront	1	rishikesh
385	ganga-stay-by-the-ganges-at-triveni-ghat	1	rishikesh
386	ganga-tapovan-room	1	rishikesh
387	ganga-vardan	1	rishikesh
388	ganga-vatika-ayurveda-bhavan	1	rishikesh
389	ganga-vatika-boutique-hotel	1	rishikesh
390	ganga-view-by-bella-boho	1	rishikesh
391	ganga-view-ikai-by-the-nirvana-blues	1	rishikesh
392	ganga-view-ultra-luxurious-7-star-studio	1	rishikesh
393	ganga-vilas-rishikesh	1	rishikesh
394	gangas-jewel-breakfast-included-at-by-stayvista	1	rishikesh
395	ganges-blossam-haridwar-rishikesh-road-a-four-star-luxury	1	rishikesh
396	ganges-haven-by-evara	1	rishikesh
397	ganges-view	1	rishikesh
398	ganges-view-rishikesh	1	rishikesh
399	gangetic-yoga-getaway	1	rishikesh
400	gangotri-home-stay-rishikesh	1	rishikesh
401	gangotri-rishikesh	1	rishikesh
402	gangour	1	rishikesh
403	ganpati-palace-rishikesh	1	rishikesh
404	gateway-2heaven-modern-lux-2bhk-flat-terrace-view-tapovan	1	rishikesh
405	gayatri-niwas	1	rishikesh
406	gharonda	1	rishikesh
407	gharonda-by-classic-crown	1	rishikesh
408	gharonda-ganga-valley-view	1	rishikesh
409	gharonda-stays-ganga-mountain-view-luxury-2bhk	1	rishikesh
410	ghumo-ghumao-travel	1	rishikesh
411	girija-homestay	1	rishikesh
412	gj-wellness-and-stay	1	rishikesh
413	gj-wellness-stay	1	rishikesh
414	gk-niwas-homestay	1	rishikesh
415	gloria	1	rishikesh
416	gold-tapovan	1	rishikesh
417	golden-crown-laxman-jhula	1	rishikesh
418	golden-healing-journeys-homestay	1	rishikesh
419	golden-hours	1	rishikesh
420	gopalas-81	1	rishikesh
421	goroomgo-anandam-home-stay-near-bus-stand-railway	1	rishikesh
422	goroomgo-the-aradhya-gange-residency	1	rishikesh
423	goroomgo-the-aradhya-gange-residency-rishikesh-perfect	1	rishikesh
424	goroomgo-ubex-home-jungle-safari-restaurant	1	rishikesh
425	gostops-plus-tapovan	1	rishikesh
426	gostops-rishikesh	1	rishikesh
427	gostops-rishikesh-lakshman-jhula	1	rishikesh
428	govind-home-stay-rishikesh	1	rishikesh
429	govind-palace	1	rishikesh
430	govind-palace-by-the-ganges-at-triveni-ghat	1	rishikesh
431	govind-palace-near-ganga	1	rishikesh
432	goyal	1	rishikesh
433	grace-ganga-rishikesh	1	rishikesh
434	grand-by-kool-stays	1	rishikesh
435	grand-galaxy	1	rishikesh
436	grand-haveli	1	rishikesh
437	grand-haveli-rishikesh	1	rishikesh
438	grand-pahadi-tadka	1	rishikesh
439	grand-parador-249201	1	rishikesh
440	grand-parador-rishikesh	1	rishikesh
441	grand-rishikesh	1	rishikesh
442	great-ganga-restaurant-parking-lift-traveler	1	rishikesh
443	green-behind-parmarth-niketan	1	rishikesh
444	green-bird-hospitality-guru-residency	1	rishikesh
445	green-hills-cottage	1	rishikesh
446	green-paradise-thano	1	rishikesh
447	green-river-camp	1	rishikesh
448	green-view-by-green-tree-hotels	1	rishikesh
449	greenday-escapes	1	rishikesh
450	greenland-swiss-cottage	1	rishikesh
451	guesthouse-near-lakshman-jhula-rishikesh-by-guesthouser-44093	1	rishikesh
452	gungun-homestay	1	rishikesh
453	guru-heritage-homes-rishikesh	1	rishikesh
454	guru-residency-rishikesh	1	rishikesh
455	gyanish-residency	1	rishikesh
456	h-r-stays	1	rishikesh
457	h7-stay-on-the-ganges-yoga-spa-resort	1	rishikesh
458	h7-stay-tapovan	1	rishikesh
459	h7stay-luxury-cottages-and-camps	1	rishikesh
460	happy-homes-by-yoga-smiles	1	rishikesh
461	happy-homes-by-yoga-smiles-upper-tapovan	1	rishikesh
462	happy-place	1	rishikesh
463	happy-shiva-homestay	1	rishikesh
464	hare-rama	1	rishikesh
465	hariom-stay	1	rishikesh
466	hariom-vidya-stays-at	1	rishikesh
467	harry	1	rishikesh
468	haus-ruhe	1	rishikesh
469	haven	1	rishikesh
470	haven-on-hill	1	rishikesh
471	hbc-accurate	1	rishikesh
472	healer-home	1	rishikesh
473	healers-home	1	rishikesh
474	healers-home-2	1	rishikesh
475	heaven-rishikesh	1	rishikesh
476	heaven-vibes-stays-249192	1	rishikesh
477	heaven-vibes-stays-rishikesh	1	rishikesh
478	hi-by-madras	1	rishikesh
479	hidden-delight	1	rishikesh
480	high-bank-peasants-cottage-rishikesh	1	rishikesh
481	highlands	1	rishikesh
482	highlife-2bhk	1	rishikesh
483	hill-heritage	1	rishikesh
484	hill-hoppers	1	rishikesh
485	hill-top-swiss-cottage	1	rishikesh
486	himalaya-rishikesh	1	rishikesh
487	himalaya-stay-rishikesh	1	rishikesh
488	himalaya-stays-near-laxman-jhula	1	rishikesh
489	himalayan-ganga-view	1	rishikesh
490	himalayan-siddh-yog-ashram	1	rishikesh
491	himalayan-stayz	1	rishikesh
492	himalayan-wellness-retreat	1	rishikesh
493	himesh-homestay	1	rishikesh
494	himvasa-bunk-house	1	rishikesh
495	holiday-hill-rishikesh	1	rishikesh
496	holiday-home	1	rishikesh
497	holistic-stay-with-yoga-sessions	1	rishikesh
498	holy-cow	1	rishikesh
499	holy-ganga-1	1	rishikesh
500	holy-ganga-rishikesh	1	rishikesh
501	holy-river	1	rishikesh
502	holy-shivana-boutique	1	rishikesh
503	holy-vivasa	1	rishikesh
504	holywater-by-ganga-kinare-150-mts-from-ganga-ghat	1	rishikesh
505	home-of-lavenia	1	rishikesh
506	home-stay-3	1	rishikesh
507	homestay-at	1	rishikesh
508	homestay-devgiri-by-yatrimap	1	rishikesh
509	homestay-luxury-3-bhk-ganges-hill-view-by-the-ghats	1	rishikesh
510	homestay-near-ram-jhula-janki-jhula	1	rishikesh
511	homlee-heaven-in-hills-1bhk-parking-lift-tapovan	1	rishikesh
512	homlee-jumbo-1bhk-2ac-kitchen-lift-parking-tapovan	1	rishikesh
513	hop-hostels-rishikesh-inn	1	rishikesh
514	hostel-12-monks-rishikesh	1	rishikesh
515	hostel-anpadh-cafe-and	1	rishikesh
516	hostel-art-bliss	1	rishikesh
517	hostel-babas	1	rishikesh
518	hostel-back-stayz	1	rishikesh
519	hostel-blabla-house	1	rishikesh
520	hostel-bluestays	1	rishikesh
521	hostel-bonfire	1	rishikesh
522	hostel-bunk	1	rishikesh
523	hostel-bunk-tapovan	1	rishikesh
524	hostel-bunks-and-bed	1	rishikesh
525	hostel-camp-awara	1	rishikesh
526	hostel-clan-boho	1	rishikesh
527	hostel-cozy-beds	1	rishikesh
528	hostel-cozy-bedz	1	rishikesh
529	hostel-cozy-bunks	1	rishikesh
530	hostel-crazy-door	1	rishikesh
531	hostel-de-offlanders	1	rishikesh
532	hostel-dsocialz	1	rishikesh
533	hostel-for-u-a-premium-stay	1	rishikesh
534	hostel-freebird-nest	1	rishikesh
535	hostel-full-stop	1	rishikesh
536	hostel-ganga	1	rishikesh
537	hostel-ganga-rishikesh	1	rishikesh
538	hostel-hashtag	1	rishikesh
539	hostel-hashtagg-and	1	rishikesh
540	hostel-hide-in-rishikesh-laxman-jhula	1	rishikesh
541	hostel-hobbit-house	1	rishikesh
542	hostel-hog-house-of-gypsy	1	rishikesh
543	hostel-hola-rishikesh	1	rishikesh
544	hostel-hot-house-of-travellers	1	rishikesh
545	hostel-indian-culture	1	rishikesh
546	hostel-joeys	1	rishikesh
547	hostel-joeys-by-the-ganges	1	rishikesh
548	hostel-karwaan-by-the-ganges	1	rishikesh
549	hostel-kir	1	rishikesh
550	hostel-landlopers	1	rishikesh
551	hostel-laugh-tale	1	rishikesh
552	hostel-live-free	1	rishikesh
553	hostel-live-free-2-0	1	rishikesh
554	hostel-madpackers-2-0	1	rishikesh
555	hostel-madpackers-laxman-jhula	1	rishikesh
556	hostel-manzil	1	rishikesh
557	hostel-mild-life	1	rishikesh
558	hostel-moonlight-mowgli	1	rishikesh
559	hostel-moustache	1	rishikesh
560	hostel-moustache-luxuria	1	rishikesh
561	hostel-namaste	1	rishikesh
562	hostel-namaste-by-karwaanlife	1	rishikesh
563	hostel-og-life	1	rishikesh
564	hostel-olt	1	rishikesh
565	hostel-orchid	1	rishikesh
566	hostel-orchid-and-rishikesh	1	rishikesh
567	hostel-serendipity-cats-cafe	1	rishikesh
568	hostel-shalom-backpackers	1	rishikesh
569	hostel-shanti	1	rishikesh
570	hostel-shanti-aesthetic-room-with-netflix-ac-in-upper-tapovan	1	rishikesh
571	hostel-shanti-and-garden-cafe	1	rishikesh
572	hostel-shiv-shakti-rishikesh	1	rishikesh
573	hostel-skyard-laxman-jhula	1	rishikesh
574	hostel-solo-nari-backpackers	1	rishikesh
575	hostel-soul	1	rishikesh
576	hostel-soul-rishikesh	1	rishikesh
577	hostel-spontrail	1	rishikesh
578	hostel-spontrail-laxman-jhula	1	rishikesh
579	hostel-sri-ganga-darshan-cafe	1	rishikesh
580	hostel-tatsat	1	rishikesh
581	hostel-tebaar-backpackers	1	rishikesh
582	hostel-the	1	rishikesh
583	hostel-the-blue-jay-dorms-rooms	1	rishikesh
584	hostel-the-sweven	1	rishikesh
585	hostel-the-worst-by-z	1	rishikesh
586	hostel-tiny-spot	1	rishikesh
587	hostel-travoha-by-yatram	1	rishikesh
588	hostel-tulsi-ganga	1	rishikesh
589	hostel-unplan	1	rishikesh
590	hostel-unplan-by-tatsat	1	rishikesh
591	hostel-urban-loft	1	rishikesh
592	hostel-vedartha-trails	1	rishikesh
593	hostel-vimal-ganga-rishikesh	1	rishikesh
594	hostel-yatram	1	rishikesh
595	hostel-zostel-rishikesh-laxman-jhula	1	rishikesh
596	hotal-badri-palace	1	rishikesh
597	hotel-birbhaddar-1	1	rishikesh
598	hotel-haridwar-13	1	rishikesh
599	hotel-montreal-madhuban-inn	1	rishikesh
600	hotel-rishikesh-102	1	rishikesh
601	hotel-rishikesh-108	1	rishikesh
602	hotel-rishikesh-109	1	rishikesh
603	hotel-rishikesh-111	1	rishikesh
604	hotel-rishikesh-119	1	rishikesh
605	hotel-rishikesh-120	1	rishikesh
606	hotel-rishikesh-122	1	rishikesh
607	hotel-rishikesh-124	1	rishikesh
608	hotel-rishikesh-127	1	rishikesh
609	hotel-rishikesh-128	1	rishikesh
610	hotel-rishikesh-129	1	rishikesh
611	hotel-rishikesh-130	1	rishikesh
612	hotel-rishikesh-131	1	rishikesh
613	hotel-rishikesh-132	1	rishikesh
614	hotel-rishikesh-137	1	rishikesh
615	hotel-rishikesh-138	1	rishikesh
616	hotel-rishikesh-142	1	rishikesh
617	hotel-rishikesh-143	1	rishikesh
618	hotel-rishikesh-147	1	rishikesh
619	hotel-rishikesh-149	1	rishikesh
620	hotel-rishikesh-150	1	rishikesh
621	hotel-rishikesh-16	1	rishikesh
622	hotel-rishikesh-162	1	rishikesh
623	hotel-rishikesh-164	1	rishikesh
624	hotel-rishikesh-184	1	rishikesh
625	hotel-rishikesh-192	1	rishikesh
626	hotel-rishikesh-195	1	rishikesh
627	hotel-rishikesh-20	1	rishikesh
628	hotel-rishikesh-200	1	rishikesh
629	hotel-rishikesh-206	1	rishikesh
630	hotel-rishikesh-238	1	rishikesh
631	hotel-rishikesh-239	1	rishikesh
632	hotel-rishikesh-246121	1	rishikesh
633	hotel-rishikesh-246281	1	rishikesh
634	hotel-rishikesh-249	1	rishikesh
635	hotel-rishikesh-249001	1	rishikesh
636	hotel-rishikesh-249201	1	rishikesh
637	hotel-rishikesh-249306	1	rishikesh
638	hotel-rishikesh-251	1	rishikesh
639	hotel-rishikesh-253	1	rishikesh
640	hotel-rishikesh-259192	1	rishikesh
641	hotel-rishikesh-260	1	rishikesh
642	hotel-rishikesh-271	1	rishikesh
643	hotel-rishikesh-272	1	rishikesh
644	hotel-rishikesh-273	1	rishikesh
645	hotel-rishikesh-274	1	rishikesh
646	hotel-rishikesh-275	1	rishikesh
647	hotel-rishikesh-276	1	rishikesh
648	hotel-rishikesh-277	1	rishikesh
649	hotel-rishikesh-278	1	rishikesh
650	hotel-rishikesh-283	1	rishikesh
651	hotel-rishikesh-284	1	rishikesh
652	hotel-rishikesh-285	1	rishikesh
653	hotel-rishikesh-286	1	rishikesh
654	hotel-rishikesh-287	1	rishikesh
655	hotel-rishikesh-288	1	rishikesh
656	hotel-rishikesh-289	1	rishikesh
657	hotel-rishikesh-29	1	rishikesh
658	hotel-rishikesh-290	1	rishikesh
659	hotel-rishikesh-291	1	rishikesh
660	hotel-rishikesh-292	1	rishikesh
661	hotel-rishikesh-293	1	rishikesh
662	hotel-rishikesh-296	1	rishikesh
663	hotel-rishikesh-298	1	rishikesh
664	hotel-rishikesh-299	1	rishikesh
665	hotel-rishikesh-3	1	rishikesh
666	hotel-rishikesh-31	1	rishikesh
667	hotel-rishikesh-33	1	rishikesh
668	hotel-rishikesh-34	1	rishikesh
669	hotel-rishikesh-35	1	rishikesh
670	hotel-rishikesh-36	1	rishikesh
671	hotel-rishikesh-37	1	rishikesh
672	hotel-rishikesh-4	1	rishikesh
673	hotel-rishikesh-40	1	rishikesh
674	hotel-rishikesh-41	1	rishikesh
675	hotel-rishikesh-42	1	rishikesh
676	hotel-rishikesh-44	1	rishikesh
677	hotel-rishikesh-45	1	rishikesh
678	hotel-rishikesh-47	1	rishikesh
679	hotel-rishikesh-49	1	rishikesh
680	hotel-rishikesh-59	1	rishikesh
681	hotel-rishikesh-66	1	rishikesh
682	hotel-rishikesh-68	1	rishikesh
683	hotel-rishikesh-7	1	rishikesh
684	hotel-rishikesh-71	1	rishikesh
685	hotel-rishikesh-79	1	rishikesh
686	hotel-rishikesh-8	1	rishikesh
687	hotel-rishikesh-83	1	rishikesh
688	hotel-rishikesh-84	1	rishikesh
689	hotel-rishikesh-87	1	rishikesh
690	hotel-rishikesh-94	1	rishikesh
691	hotel-rishikesh-95	1	rishikesh
692	hotel-rishikesh-96	1	rishikesh
693	hotel-rishikesh-99	1	rishikesh
694	hotel-rishikesh-inn	1	rishikesh
695	hotstel-rishikesh-tapovan	1	rishikesh
696	house-1-bedroom-in-tehri-garhwal	1	rishikesh
697	house-2-bedroom-in-tapovan	1	rishikesh
698	house-amore	1	rishikesh
699	house-ashutosh	1	rishikesh
700	house-avadh-1	1	rishikesh
701	house-chauhan	1	rishikesh
702	house-discipline	1	rishikesh
703	house-ganpati-near-ram-jhula	1	rishikesh
704	house-gaurav-family	1	rishikesh
705	house-himalaya-1	1	rishikesh
706	house-kamal-rishikesh	1	rishikesh
707	house-last-chance-cafe-and	1	rishikesh
708	house-maa-vaibhav-laxmi-rishikesh	1	rishikesh
709	house-maa-vaibhav-laxmi-yellow	1	rishikesh
710	house-mango-tree	1	rishikesh
711	house-manik-rishikesh	1	rishikesh
712	house-meenakshi-rishikesh	1	rishikesh
713	house-moonlight	1	rishikesh
714	house-negi-4	1	rishikesh
715	house-o-anil	1	rishikesh
716	house-of-alaya-ira	1	rishikesh
717	house-of-luxury	1	rishikesh
718	house-of-tapovan	1	rishikesh
719	house-of-tapovan-2	1	rishikesh
720	house-paradise-palm	1	rishikesh
721	house-pinky-rishikesh	1	rishikesh
722	house-rajasthan	1	rishikesh
723	house-rudra	1	rishikesh
724	house-s-s-d	1	rishikesh
725	house-sharma	1	rishikesh
726	house-shaurya-rishikesh	1	rishikesh
727	house-shri-ganga-view	1	rishikesh
728	house-super-o-shri-radhe-restaurant	1	rishikesh
729	house-the-blue-by-orang-utan	1	rishikesh
730	house-the-blue-rishikesh	1	rishikesh
731	house-tourist	1	rishikesh
732	house-trinetra	1	rishikesh
733	house-triveni-249192	1	rishikesh
734	house-uttaranchal	1	rishikesh
735	house-vashishth	1	rishikesh
736	house-vedanshi-tapovan	1	rishikesh
737	house-yogmaya	1	rishikesh
738	hr-stays	1	rishikesh
739	hrishikesh-high-tapovan	1	rishikesh
740	humming-bird-a-luxury-stay	1	rishikesh
741	ima-ganga-aesthetic-quite-mountain-view-rooms	1	rishikesh
742	ima-ganga-aesthetic-quite-mountain-view-rooms-249137	1	rishikesh
743	ima-ganga-aesthetic-quite-mountain-view-rooms-rishikesh	1	rishikesh
744	ima-sadhana	1	rishikesh
745	in-yogasthali	1	rishikesh
746	inde-reva-resorts-rishhikesh	1	rishikesh
747	independent-smart-homestay	1	rishikesh
748	inderlok-rishikesh	1	rishikesh
749	infinium-stay	1	rishikesh
750	ishan-a-ganges-riverside-retreat-by-salvus	1	rishikesh
751	ishan-a-riverside-retreat-rishikesh	1	rishikesh
752	itsy-hotels-nv-tapovan	1	rishikesh
753	j-m-n-homestay-by-wb-inn	1	rishikesh
754	jaiswal-home-stay	1	rishikesh
755	jamun-a-deeper-shade-of-comfort-1	1	rishikesh
756	janki-restaurant	1	rishikesh
757	jankihomestay-in-laxman-jhula	1	rishikesh
758	jashoda-home-stay	1	rishikesh
759	jiva-home-1	1	rishikesh
760	jk-heaven	1	rishikesh
761	joeys-homestay	1	rishikesh
762	jp-hills	1	rishikesh
763	jsr-residency-by-akc-hotels	1	rishikesh
764	julley-commune	1	rishikesh
765	kaanha-residency-by-shree-krishna-hospitality	1	rishikesh
766	kailash-residency-rishikesh	1	rishikesh
767	kailash-rishikesh	1	rishikesh
768	kairavi	1	rishikesh
769	kala-retreat	1	rishikesh
770	kalakriti-homestay	1	rishikesh
771	kamay-the-grand-alova	1	rishikesh
772	kamay-the-indira-nikunj	1	rishikesh
773	kamlesh-niwas	1	rishikesh
774	karoliescapes	1	rishikesh
775	karwaan-homestay	1	rishikesh
776	kaushik-bhawan	1	rishikesh
777	kavya	1	rishikesh
778	kedar-valley-resorts	1	rishikesh
779	keshav-nandan-by-the-shivaay	1	rishikesh
780	keys-lite-by-lemon-tree-hotels-tapovan	1	rishikesh
781	kg-tapovan-hills	1	rishikesh
782	kg-tapowan-hills	1	rishikesh
783	khurja-wali-dharamshala	1	rishikesh
784	khushi-wedding-banquet-garden	1	rishikesh
785	kinwani-house-narendranagar-araiya-anthology	1	rishikesh
786	koteshwaram-asht-homes	1	rishikesh
787	koteshwaram-by-ashkot-homes	1	rishikesh
788	koteshwaram-homes	1	rishikesh
789	kothli-hills	1	rishikesh
790	krepodas-retreat-house	1	rishikesh
791	krishna-3	1	rishikesh
792	krishna-cottage-rishikesh	1	rishikesh
793	krishna-home	1	rishikesh
794	krishna-home-stay-tapovan	1	rishikesh
795	krishna-homestay-tapovan	1	rishikesh
796	krishna-kunj-homestay	1	rishikesh
797	krishna-rishikesh	1	rishikesh
798	krishna-rooms	1	rishikesh
799	krishnabalram-wellness-ayurveda-centre	1	rishikesh
800	krishnas-paradise	1	rishikesh
801	kunwar-residency	1	rishikesh
802	kwik-stay-tapovan	1	rishikesh
803	kyarki-village-homestay-cafe	1	rishikesh
804	la-casa-bonita-boutique-home-in-tapovan	1	rishikesh
805	la-kailasha-regency-by-da-alohas	1	rishikesh
806	la-meridian-road-haridwar	1	rishikesh
807	la-riqueza-pride-customers-favourite-in-tapovan	1	rishikesh
808	la-vista-residency-laxman-jhula	1	rishikesh
809	lakmi-homestay	1	rishikesh
810	lamrin-boutique-cottages	1	rishikesh
811	laxman-ganga	1	rishikesh
812	laxman-grand-rishikesh	1	rishikesh
813	laxmana-on-the-ganges	1	rishikesh
814	laxmana-on-the-ganges-rishikesh	1	rishikesh
815	laxmi-heights	1	rishikesh
816	laxmi-lodge	1	rishikesh
817	laxmi-narayan	1	rishikesh
818	laxmi-palace-rishikesh	1	rishikesh
819	leela-hatha	1	rishikesh
820	leisure-palace	1	rishikesh
821	leisure-palace-1	1	rishikesh
822	lemon-tree-hotel-rishikesh	1	rishikesh
823	lemon-tree-premier	1	rishikesh
824	liveaway-rishikesh-laxman-jhula-by-pack	1	rishikesh
825	lords-valley	1	rishikesh
826	luxurious-noise-free-1bhk-tapovan-near-laxmanjhula	1	rishikesh
827	luxury-2-bedrooms-appartment	1	rishikesh
828	luxury-3-bhk-flat-in-near-highway-nh58	1	rishikesh
829	luxury-aloha-apartments-1	1	rishikesh
830	luxury-aloha-apartments-rishikesh	1	rishikesh
831	luxury-aloha-majestic-apartments	1	rishikesh
832	luxury-home-vacationer-2bhk-3double-beds-luxury-flats	1	rishikesh
833	luxury-homestay-2-bedrooms-near-ganges	1	rishikesh
834	luxury-penthouse-2br-terrace-ganga-view-parking	1	rishikesh
835	luxury-premium-fully-furnished-studio-for-rent	1	rishikesh
836	luxury-property	1	rishikesh
837	luxury-villa-omphalous	1	rishikesh
838	maa-ganga-by-mahadeva	1	rishikesh
839	maa-ganga-by-mahadeva-rishikesh	1	rishikesh
840	maa-shakti	1	rishikesh
841	maayaa-by-ganges-inn	1	rishikesh
842	madhuban-hills	1	rishikesh
843	madhuban-homestay-natraj-chowk	1	rishikesh
844	madhuban-inn	1	rishikesh
845	madhuban-rishikesh	1	rishikesh
846	madhuban-stays	1	rishikesh
847	madhusudan	1	rishikesh
848	mahadev-1	1	rishikesh
849	mahadev-rishikesh	1	rishikesh
850	mahadevs-mansion	1	rishikesh
851	maharishi-ayurveda-boutique-wellness-retreat	1	rishikesh
852	maheshwari-home-stay	1	rishikesh
853	maison-vrinda	1	rishikesh
854	majestic-aloha-ganga-view-2-bhk-apartments	1	rishikesh
855	maltis-nest-spacious-2bhk-by-tnt-ventures	1	rishikesh
856	mam-g-stays	1	rishikesh
857	manikut	1	rishikesh
858	mannat-niwas	1	rishikesh
859	manohar	1	rishikesh
860	maps-pride	1	rishikesh
861	marc-blu-tapovan	1	rishikesh
862	marine-ganga-1-bhk-skyline-penthouse	1	rishikesh
863	marine-ganga-stays	1	rishikesh
864	mayfair	1	rishikesh
865	meeram-ganga-a-heritage-stay-by-the-ganges-at-triveni-ghat	1	rishikesh
866	micasa-stay-cozy-peaceful-near-hidden-waterfall	1	rishikesh
867	mirana-house-a-tasteful-4bhk-condo-with-views	1	rishikesh
868	mj	1	rishikesh
869	mj-comfort	1	rishikesh
870	mj-hills	1	rishikesh
871	mm	1	rishikesh
872	modi-yoga-retreat	1	rishikesh
873	moksh-ganga	1	rishikesh
874	moksha	1	rishikesh
875	moksha-zen-luxury-independent-2bhk-rooftop-mountain-view	1	rishikesh
876	mokshikas-homestay-at-rishikesh	1	rishikesh
877	monika-home-stay-rishikesh	1	rishikesh
878	montara-rishikesh	1	rishikesh
879	montreal-by-madhuban-inn	1	rishikesh
880	moonlight-camps-by-wb-inn	1	rishikesh
881	moonshiva-stay-and-cafe	1	rishikesh
882	motel-sattva-cafe-and	1	rishikesh
883	mount-valley-mama-cottage	1	rishikesh
884	mountain-holiday-living-spacious-3-bhk	1	rishikesh
885	mountain-moods-by-silverastays-tapovan	1	rishikesh
886	mountain-view-cottage	1	rishikesh
887	mountain-view-retreat-in-tapovan	1	rishikesh
888	mountain-view-room-by-yog-tapovan	1	rishikesh
889	mountain-view-skht	1	rishikesh
890	mountain-view-terrace-room	1	rishikesh
891	moustache-select-rishikesh	1	rishikesh
892	mvt-guesthouse-restaurant	1	rishikesh
893	mystara-hotels-jamb	1	rishikesh
894	mystic-cottage-ram-jhula	1	rishikesh
895	n3n-ganga-retreat-by-stotrak	1	rishikesh
896	namah	1	rishikesh
897	namo-gange	1	rishikesh
898	namoh-gange	1	rishikesh
899	namoh-stay	1	rishikesh
900	narayan	1	rishikesh
901	narayana-cottage-homestay	1	rishikesh
902	narayana-sanctuary-suites-by-salvus	1	rishikesh
903	natraj	1	rishikesh
904	natraj-homestay	1	rishikesh
905	nature-care-village-rajaji-national-park	1	rishikesh
906	nature-embrace-near-ganges	1	rishikesh
907	nature-nest-retreat	1	rishikesh
908	nature-view-retreat-rishikesh	1	rishikesh
909	natures-blessing-1bhk-studio	1	rishikesh
910	natures-walk	1	rishikesh
911	naturoville-ayurvedic-and-yoga-retreat	1	rishikesh
912	navira-hills-domes-rishikesh-shivpuri	1	rishikesh
913	navira-hills-glamping-dome-in	1	rishikesh
914	neelkanth-by-dharm-escapes-1bhk-balcony-stay	1	rishikesh
915	neer-ganga-and-restaurant	1	rishikesh
916	neer-ganga-resorts	1	rishikesh
917	neeraj-bhawan-triveni-ghat	1	rishikesh
918	neu-nest-rishikesh	1	rishikesh
919	nirmal-ganga	1	rishikesh
920	nirmal-ganga-residency	1	rishikesh
921	nirmal-ganga-residency-rishikesh	1	rishikesh
922	nirvana-bliss-behind-parmarth-niketan	1	rishikesh
923	nirvana-homestay	1	rishikesh
924	nirvana-palace-rishikesh	1	rishikesh
925	nirvanika-wellness	1	rishikesh
926	nirwan	1	rishikesh
927	nishantam	1	rishikesh
928	nomads-retreat-by-sjj	1	rishikesh
929	nritya-nadi-retreat-stay	1	rishikesh
930	o-ayansh-residency	1	rishikesh
931	o-balaknath-temple-road-tapovan	1	rishikesh
932	o-chandrabhaga	1	rishikesh
933	o-dev-ganga-retreat-tapovan	1	rishikesh
934	o-dev-raj	1	rishikesh
935	o-dev-raj-homestay	1	rishikesh
936	o-dharohar	1	rishikesh
937	o-dharohar-homestay	1	rishikesh
938	o-indo-tiger	1	rishikesh
939	o-krishna-rooms	1	rishikesh
940	o-neu-nest	1	rishikesh
941	o-stay-rishikesh	1	rishikesh
942	o-tapovan-near-deacon-valley	1	rishikesh
943	o-tapovan-near-deacon-valley-rishikesh	1	rishikesh
944	o-tapovan-rise-cottages-and-cafe	1	rishikesh
945	o-yog-1	1	rishikesh
946	oak-leaf	1	rishikesh
947	ojas-resorts	1	rishikesh
948	om-blessed-cottage	1	rishikesh
949	om-guesthouse	1	rishikesh
950	om-homestay-rishikesh	1	rishikesh
951	om-mukunda-by-wb-inn	1	rishikesh
952	om-shaku-ganga-palace	1	rishikesh
953	om-shanti-stay	1	rishikesh
954	om-shivaay	1	rishikesh
955	om-tat-sat-homestay	1	rishikesh
956	omkarananda-shivalaya	1	rishikesh
957	one-earth-city-heart	1	rishikesh
958	orang-lodge	1	rishikesh
959	orange-classic-rishikesh	1	rishikesh
960	oslo-green-by-around-stays	1	rishikesh
961	oslo-green-by-around-stays-tapovan	1	rishikesh
962	oyo-1811-leisure-palace	1	rishikesh
963	oyo-22298-mannat-farms	1	rishikesh
964	oyo-22301-sound-sleep	1	rishikesh
965	oyo-5936-hermitage	1	rishikesh
966	oyo-9094-the-shivaay	1	rishikesh
967	oyo-divine-residency	1	rishikesh
968	oyo-mg-residency	1	rishikesh
969	oyo-pride-by-crazy-door	1	rishikesh
970	p2p-hills	1	rishikesh
971	paayal-accessible-affordable	1	rishikesh
972	palm-pampas-ganga-view-2bhk-near-ghat	1	rishikesh
973	panchpushp	1	rishikesh
974	pantao-rishekesh	1	rishikesh
975	paradise-ganga-a-river-side	1	rishikesh
976	paradise-palm	1	rishikesh
977	paradise-palm-rishikesh	1	rishikesh
978	paradise-rishikesh	1	rishikesh
979	paramhans	1	rishikesh
980	paramhans-rishikesh	1	rishikesh
981	paras-plaza	1	rishikesh
982	paras-plaza-1	1	rishikesh
983	parth	1	rishikesh
984	parvati-home-stay	1	rishikesh
985	peacelily-ac-rooms-with-netflix-in-upper-tapovan	1	rishikesh
986	peacenest-stays-3bhk-fully-furnished	1	rishikesh
987	peepal-tree	1	rishikesh
988	pennylane-aesthetic-mountain-view-rooms-with	1	rishikesh
989	pennylane-aesthetic-rooms-with-pottery-studio	1	rishikesh
990	perfect-stayz-hills	1	rishikesh
991	perfect-stayz-premium-forest-valley-near-waterfall	1	rishikesh
992	perfectstayz-aiims-near-aiims-hospital	1	rishikesh
993	perfectstayz-alpine-near-laxman-jhula	1	rishikesh
994	perfectstayz-b2l-hills-tapovan	1	rishikesh
995	perfectstayz-premium-forest-valley	1	rishikesh
996	perfectstayz-premium-heritage-near-neem-beach	1	rishikesh
997	perfectstayz-premium-laxmi-heritage-with-rooftop-pool-cafe	1	rishikesh
998	perfectstayz-premium-pinaaki-ganges-view	1	rishikesh
999	pi-tapovan	1	rishikesh
1000	play-v3	1	rishikesh
1001	pocketchange-stays	1	rishikesh
1002	pookiestays	1	rishikesh
1003	prasanna	1	rishikesh
1004	prasanna-inn	1	rishikesh
1005	pratishtha	1	rishikesh
1006	prem-home-stay	1	rishikesh
1007	prem-palace	1	rishikesh
1008	premium-2bhk-stay-in	1	rishikesh
1009	premium-mystic-falls-near-secret-waterfall	1	rishikesh
1010	prithvi-aesthetic-quite-rooms-with-smart-tv-ac	1	rishikesh
1011	prithvi-aesthetic-room-in-upper-tapovan-with-tv	1	rishikesh
1012	prithvi-aesthetic-rooms-with-ac-good-light-free	1	rishikesh
1013	prithvi-aesthetic-rooms-with-netflix-ac-room	1	rishikesh
1014	prithvi-aesthetic-rooms-with-netflix-in-upper-tapovan	1	rishikesh
1015	prithvi-rishikesh	1	rishikesh
1016	punyah-residency-rishikesh	1	rishikesh
1017	purna-viraam	1	rishikesh
1018	q-saina-s-k-regency	1	rishikesh
1019	quick-hotels-shreekanth	1	rishikesh
1020	raahi-the-travellers-nest	1	rishikesh
1021	raaviera-by-the-ganges	1	rishikesh
1022	radha-krishan	1	rishikesh
1023	radhika-rishikesh	1	rishikesh
1024	raga-on-the-ganges	1	rishikesh
1025	ragi-palace	1	rishikesh
1026	rah	1	rishikesh
1027	railway-road-apartments	1	rishikesh
1028	raj-cottage-ganga-vatika	1	rishikesh
1029	raj-niketan-homestay-rishikesh	1	rishikesh
1030	raj-palace-rishikesh	1	rishikesh
1031	raja-palace-by-stayapart	1	rishikesh
1032	rajaji-retreat	1	rishikesh
1033	rajasthan-by-rj-group	1	rishikesh
1034	ramana-on-the-ganges	1	rishikesh
1035	ramaya-stay	1	rishikesh
1036	ramaya-stay-a-luxurious-stay-at-home	1	rishikesh
1037	ramayan	1	rishikesh
1038	rawat-homestay-1	1	rishikesh
1039	rawat-homestay-3	1	rishikesh
1040	rawat-homestay-rishikesh	1	rishikesh
1041	regenta-on-the-ganges-inn	1	rishikesh
1042	regenta-place-iris-park	1	rishikesh
1043	relax-ganga	1	rishikesh
1044	relax-ganga-rishikesh	1	rishikesh
1045	relax-near-by-the-ganges-at-triveni-ghat	1	rishikesh
1046	renuka	1	rishikesh
1047	residency-by-euphoric-near-neer-waterfall	1	rishikesh
1048	resort-7-hills-view	1	rishikesh
1049	resort-ambika-rishikesh	1	rishikesh
1050	resort-anandam	1	rishikesh
1051	resort-anandam-by-opulence-hotels	1	rishikesh
1052	resort-anandvan-jungle-by-dev-group-of-hotels-rishikesh	1	rishikesh
1053	resort-anandvan-jungle-by-rfh	1	rishikesh
1054	resort-aquatree	1	rishikesh
1055	resort-arika-jamb	1	rishikesh
1056	resort-around-stays-prana-wellness	1	rishikesh
1057	resort-aspen-riverside	1	rishikesh
1058	resort-avenue-18	1	rishikesh
1059	resort-brahmguru	1	rishikesh
1060	resort-chanakya	1	rishikesh
1061	resort-creek-forest-riverside-boutique	1	rishikesh
1062	resort-cygnett-grand-shiva-shivpuri	1	rishikesh
1063	resort-de-coracao-tapovan	1	rishikesh
1064	resort-delhi-34	1	rishikesh
1065	resort-dev-by-boho	1	rishikesh
1066	resort-divine-ganga	1	rishikesh
1067	resort-divine-spa	1	rishikesh
1068	resort-dls-divine-river-and-spa	1	rishikesh
1069	resort-down-valley	1	rishikesh
1070	resort-elephant-brook	1	rishikesh
1071	resort-euphoric-mohanchatti	1	rishikesh
1072	resort-euphoric-tiger	1	rishikesh
1073	resort-ezzenza-mahayana-spa	1	rishikesh
1074	resort-fabhotel-anandam	1	rishikesh
1075	resort-ganga-beach	1	rishikesh
1076	resort-garud-chatti-river	1	rishikesh
1077	resort-gayatri-wellness-spa	1	rishikesh
1078	resort-glampers	1	rishikesh
1079	resort-glampers-rishikesh	1	rishikesh
1080	resort-green-ganga	1	rishikesh
1081	resort-gurugram	1	rishikesh
1082	resort-hanumant-rishikesh	1	rishikesh
1083	resort-haveli	1	rishikesh
1084	resort-hill-nature-camp	1	rishikesh
1085	resort-him-river	1	rishikesh
1086	resort-himalayan	1	rishikesh
1087	resort-isol-nature	1	rishikesh
1088	resort-kamlodabhavi	1	rishikesh
1089	resort-kyarki	1	rishikesh
1090	resort-mahayana-river	1	rishikesh
1091	resort-midway	1	rishikesh
1092	resort-mirayas	1	rishikesh
1093	resort-mornis-camp-and	1	rishikesh
1094	resort-moustache-riverside	1	rishikesh
1095	resort-mr-river-mohanchatti	1	rishikesh
1096	resort-narayana-sanctuary-by-salvus-tapovan	1	rishikesh
1097	resort-nature-on-the-rocks-glamping	1	rishikesh
1098	resort-natures-valley-rishikesh	1	rishikesh
1099	resort-nirvana-riverside	1	rishikesh
1100	resort-nishant-garden	1	rishikesh
1101	resort-o-himvasa	1	rishikesh
1102	resort-o-maha-yogi-divine	1	rishikesh
1103	resort-o-rajaji-wild-trail	1	rishikesh
1104	resort-oneness-by-ganga-kinare-a-luxury-wilderness	1	rishikesh
1105	resort-panambi-rishikesh	1	rishikesh
1106	resort-panambi-tapovan	1	rishikesh
1107	resort-peacock-valley	1	rishikesh
1108	resort-pebbles	1	rishikesh
1109	resort-phool-chatti	1	rishikesh
1110	resort-prana-wellness-by-around-stays	1	rishikesh
1111	resort-pride-and	1	rishikesh
1112	resort-pride-luxury-by-hospitality-essantials	1	rishikesh
1113	resort-prideinn-luxury	1	rishikesh
1114	resort-qcent-woods-spa	1	rishikesh
1115	resort-raj-rishikesh	1	rishikesh
1116	resort-rajaji-downtown-cafe	1	rishikesh
1117	resort-rattapani	1	rishikesh
1118	resort-river-valley-rishikesh	1	rishikesh
1119	resort-riverline-gold	1	rishikesh
1120	resort-shiv	1	rishikesh
1121	resort-shivadri	1	rishikesh
1122	resort-shivansh	1	rishikesh
1123	resort-shoolin-jungle	1	rishikesh
1124	resort-stay-sukoon-best-in	1	rishikesh
1125	resort-sumedha-and-spa	1	rishikesh
1126	resort-summit-by-the-ganges-beach-spa	1	rishikesh
1127	resort-sunrise-rishikesh	1	rishikesh
1128	resort-swiss-kanatal	1	rishikesh
1129	resort-taj-spa-uttarakhand	1	rishikesh
1130	resort-taj-spa-uttarakhand-rishikesh	1	rishikesh
1131	resort-tapovan-rishikesh	1	rishikesh
1132	resort-the-ayali-riverside	1	rishikesh
1133	resort-the-family-and-friends	1	rishikesh
1134	resort-the-forest-view	1	rishikesh
1135	resort-the-grand-shiva-and-spa	1	rishikesh
1136	resort-the-hill-mount-shivpuri	1	rishikesh
1137	resort-the-himayas	1	rishikesh
1138	resort-the-jungle-mist	1	rishikesh
1139	resort-the-jungle-walker	1	rishikesh
1140	resort-the-lily-rishikesh	1	rishikesh
1141	resort-the-neeraj-river-forest-ayurvedic-wellness-center	1	rishikesh
1142	resort-the-waterfront	1	rishikesh
1143	resort-the-westin-spa-himalayas	1	rishikesh
1144	resort-tree-house-cottage-by-sarvottam	1	rishikesh
1145	resort-treepie-river-by-live-hotels	1	rishikesh
1146	resort-uddibaba-farm	1	rishikesh
1147	resort-upper-tapovan	1	rishikesh
1148	resort-valley-king	1	rishikesh
1149	resort-vanantra	1	rishikesh
1150	resort-vna-riverside-camp-and	1	rishikesh
1151	resort-yogi-and-garden-cafe	1	rishikesh
1152	resort-yogved-hospitality	1	rishikesh
1153	retreat-stay-ac-1bhk-walk-to-ganga-upper-tapovan	1	rishikesh
1154	reveries	1	rishikesh
1155	rishidwar-homestay	1	rishikesh
1156	rishikesh-sadan-a-yoga-spritual-retreat	1	rishikesh
1157	rising-hills-rishikesh	1	rishikesh
1158	river-heaven-by-tnt-ventures	1	rishikesh
1159	river-side-with-gangaotri-view	1	rishikesh
1160	rivera-elite-2-bhk-near-ganges-marine-drive	1	rishikesh
1161	riverside-swiss-camps-adventure-bear-buddies	1	rishikesh
1162	riviera-homestay	1	rishikesh
1163	riviera-with-ganga-view-inn	1	rishikesh
1164	riyansh-cafe	1	rishikesh
1165	rk-residency	1	rishikesh
1166	rnr-retreat-serenity-by-the-ganges-badrinath-vatika	1	rishikesh
1167	room-mountain-view-3-minute-walk-cafe	1	rishikesh
1168	rooms-facing-mountains-in-tapovan	1	rishikesh
1169	royal-respite-best-awarded-property-in-with-open	1	rishikesh
1170	royal-respite-luxury-comfort-travellers-delight	1	rishikesh
1171	royal-respite-tapovan	1	rishikesh
1172	royale-hills-by-rsp-vista-hotels-resorts	1	rishikesh
1173	royalistiq	1	rishikesh
1174	rr-stay-cafe	1	rishikesh
1175	rs-galaxy	1	rishikesh
1176	rs-galaxy-ganga-view	1	rishikesh
1177	rudra-adventures	1	rishikesh
1178	rudra-by-di-ganga	1	rishikesh
1179	rudra-by-di-ganga-4bhk-furnished-in-front-of-ganga	1	rishikesh
1180	rudra-homestay-rishikesh	1	rishikesh
1181	rudra-yog-peeth-yoga-ashram	1	rishikesh
1182	rudram-aura-x-one-light-stays	1	rishikesh
1183	rudram-yoga-ayurveda-retreat	1	rishikesh
1184	rudransh-home-stay	1	rishikesh
1185	sacred-roots	1	rishikesh
1186	sacred-roots-rishikesh	1	rishikesh
1187	sadan-a-yoga-and-spritual-retreat	1	rishikesh
1188	sadan-the-spiritual-retreat	1	rishikesh
1189	saffronstays-boudhi-tree-villas	1	rishikesh
1190	saffronstays-sukh-saklana-haveli-suites	1	rishikesh
1191	saffronstays-tarangini-by-ganges	1	rishikesh
1192	sai-devinehotel	1	rishikesh
1193	sai-ganga-cottage-by-yatrimap	1	rishikesh
1194	sailani-lostels	1	rishikesh
1195	saltstayz-autograph	1	rishikesh
1196	samadhi-ashram	1	rishikesh
1197	samani-homestay	1	rishikesh
1198	samiras-birds-butterflies-park-spashram-ganga-beach-retreat	1	rishikesh
1199	sampati-homestay	1	rishikesh
1200	samridhhi-retreat	1	rishikesh
1201	sangam-palace	1	rishikesh
1202	sanidhya-inn	1	rishikesh
1203	sanskriti	1	rishikesh
1204	sanskriti-ashram-near-ram-jhula-janki-jhula	1	rishikesh
1205	sanskriti-vedic-retreat	1	rishikesh
1206	sanskruti-home-stay	1	rishikesh
1207	santushti	1	rishikesh
1208	saptrishi-rishikesh	1	rishikesh
1209	sara	1	rishikesh
1210	sarwatma-dham-ashram	1	rishikesh
1211	satkarma	1	rishikesh
1212	sattva-retreat	1	rishikesh
1213	satya-sadan	1	rishikesh
1214	savastays-tranquil-room-with-sharing-kitchen	1	rishikesh
1215	savaya	1	rishikesh
1216	second-life-resorts	1	rishikesh
1217	secret-cove	1	rishikesh
1218	secret-stay	1	rishikesh
1219	serenity-home	1	rishikesh
1220	serenity-home-2	1	rishikesh
1221	serenity-rishikesh	1	rishikesh
1222	seventh-heaven-inn	1	rishikesh
1223	sewa-sadan-homestay	1	rishikesh
1224	shaantam-resorts-spa	1	rishikesh
1225	shanti-home-rishikesh	1	rishikesh
1226	shanti-shanti-ganga-view	1	rishikesh
1227	shanti-vilaas	1	rishikesh
1228	sharnam-on-the-ganges	1	rishikesh
1229	shaurya-rishikesh-inn	1	rishikesh
1230	shiv-dham-homestay	1	rishikesh
1231	shiv-ganga	1	rishikesh
1232	shiv-ganga-homestay	1	rishikesh
1233	shiv-gauri-home-stay	1	rishikesh
1234	shiv-palace-yoga-world-retreat	1	rishikesh
1235	shiv-shakti-yogpeeth-cottages	1	rishikesh
1236	shiv-vilas-249192	1	rishikesh
1237	shiva-homestay	1	rishikesh
1238	shiva-keshav-nandan-tapovan	1	rishikesh
1239	shiva-yog-sthal	1	rishikesh
1240	shivaay-aiims	1	rishikesh
1241	shivanjal-stay	1	rishikesh
1242	shivanjal-wellness-and-accommodation	1	rishikesh
1243	shivanta-residency-by-wb	1	rishikesh
1244	shivanta-residency-rishikesh	1	rishikesh
1245	shivay-palace	1	rishikesh
1246	shivaya	1	rishikesh
1247	shivaya-bikers-cafe	1	rishikesh
1248	shivlok	1	rishikesh
1249	shivoham-palace-tapovan	1	rishikesh
1250	shourya-home-stay-rishikesh	1	rishikesh
1251	shree-hari	1	rishikesh
1252	shree-ji-homestay	1	rishikesh
1253	shree-vatika	1	rishikesh
1254	shree-yogshala	1	rishikesh
1255	shreekanth-by-sjj	1	rishikesh
1256	shreys-residency	1	rishikesh
1257	shri-ganga	1	rishikesh
1258	shri-hari-apartments	1	rishikesh
1259	shri-ji-homestay	1	rishikesh
1260	shri-ji-royal-stay	1	rishikesh
1261	shri-krishna-bhawan	1	rishikesh
1262	shri-stays	1	rishikesh
1263	shridhar-reesort	1	rishikesh
1264	shriji-homestay	1	rishikesh
1265	shubhra-heights-near-laxman-jhulla-near-bus-stand	1	rishikesh
1266	shubhra-heights-rishikesh-mountain-river-view	1	rishikesh
1267	shunyabnb-a-calm-stay-near-laxman-jhula	1	rishikesh
1268	siddhi-retreat-rishikesh	1	rishikesh
1269	silver-tapovan	1	rishikesh
1270	sitara-premium-aura	1	rishikesh
1271	sitara-resorts-a-luxury-hotel-on-road-haridwar	1	rishikesh
1272	sitara-resorts-road-haridwar	1	rishikesh
1273	siya-aarogyam-rishikesh	1	rishikesh
1274	siya-palace	1	rishikesh
1275	sk-international	1	rishikesh
1276	ski-hotels-and-resorts	1	rishikesh
1277	sky-view-penthouse-and-6-rooms-no-lift	1	rishikesh
1278	skyard-premium-tapovan	1	rishikesh
1279	smart-stays-by-country-inn-tapovan	1	rishikesh
1280	smol-door	1	rishikesh
1281	snow-tiger-resorts	1	rishikesh
1282	soh-sound-of-himalayas	1	rishikesh
1283	soh-sound-of-himalayas-rishikesh	1	rishikesh
1284	soham	1	rishikesh
1285	soho-hills	1	rishikesh
1286	solskyhaus	1	rishikesh
1287	soreva-the-2-bhk-stylish-living	1	rishikesh
1288	soul-forest	1	rishikesh
1289	soul-haven-on-main	1	rishikesh
1290	spacious-5-bedroom-penthouse	1	rishikesh
1291	sparkle-nanda	1	rishikesh
1292	spatii-retreat	1	rishikesh
1293	spot-on-43453-yuvraj	1	rishikesh
1294	sr-homes	1	rishikesh
1295	sr-kafal-home-stay	1	rishikesh
1296	sri-bhagvatam-by-the-gnages	1	rishikesh
1297	sri-ganga-ramjhula	1	rishikesh
1298	sri-yoga-ashram	1	rishikesh
1299	srinivasa-homestay-by-yatrimap	1	rishikesh
1300	srp	1	rishikesh
1301	star-hill	1	rishikesh
1302	star-hills-car-parking-lift	1	rishikesh
1303	stay-blessed-2-bhk-hill-view-upper-tapovan-quiet-and-serene	1	rishikesh
1304	stay-blessed-ganga-view-apartments	1	rishikesh
1305	stayvista-at-echoes-of-ease-with-bonfire-wifi	1	rishikesh
1306	stayvista-at-olive-fields-with-shared-pool-bbq	1	rishikesh
1307	sterling-palm-bliss	1	rishikesh
1308	stone-wood-hotel	1	rishikesh
1309	sufi-stay	1	rishikesh
1310	sukh-sansaar-luxury-mountain-view-1bhk	1	rishikesh
1311	sukham-retreat-rishikesh	1	rishikesh
1312	sukoon-by-the-ganges	1	rishikesh
1313	sukoon-retreat-1bhk-flat-in-free-parking	1	rishikesh
1314	sukoon-tapovan	1	rishikesh
1315	super-oyo-capital-o-yogasthali-and-spa	1	rishikesh
1316	suraj	1	rishikesh
1317	suruchi	1	rishikesh
1318	surya-laxman-jhula	1	rishikesh
1319	suvidha-home-stay	1	rishikesh
1320	swiss-cottage-and-spa-by-salvus	1	rishikesh
1321	swiss-cottage-by-bliss-forestia	1	rishikesh
1322	swiss-cottege-by-oscenox	1	rishikesh
1323	tamanna	1	rishikesh
1324	tapasthali-by-meera-hotels	1	rishikesh
1325	tapasya-home-stay-rishikesh	1	rishikesh
1326	tapomay-retreat	1	rishikesh
1327	taposthalam-sacred-retreat-in	1	rishikesh
1328	tapovan-1-bhk-i-rivara-i-ganga-i-high-speed-wifi	1	rishikesh
1329	tapovan-breeze-by-jabula-getaways	1	rishikesh
1330	tapovan-by-terraa-hotels	1	rishikesh
1331	tapovan-cascades-yogvillage-stay	1	rishikesh
1332	tapovan-cottage	1	rishikesh
1333	tapovan-home-by-jabula-getaways	1	rishikesh
1334	tapovan-inn	1	rishikesh
1335	tapovan-lightning-room	1	rishikesh
1336	tapovan-luxury-blessing-stay	1	rishikesh
1337	tapovan-mountain-retreat	1	rishikesh
1338	tapovan-namaste	1	rishikesh
1339	tapovan-new-residency-5-minutes-walk-to-laxman-jhula	1	rishikesh
1340	tapovan-residency-1	1	rishikesh
1341	tapovan-retreat-rishikesh	1	rishikesh
1342	tapovan-rise-cottages-and-cafe-rishikesh	1	rishikesh
1343	tapovan-stay-c-one	1	rishikesh
1344	tapovan-stay-near-ganga-cafes-by-jabula-getaways	1	rishikesh
1345	tapovan-sunshine-stay-by-jabula-getaways	1	rishikesh
1346	tapovan-vatika-rishikesh	1	rishikesh
1347	tapovanam	1	rishikesh
1348	tarang-yoga-ashram	1	rishikesh
1349	tatsat-homes-by-the-ganges	1	rishikesh
1350	teerth-rishikesh	1	rishikesh
1351	terrakotta	1	rishikesh
1352	the-7-seas	1	rishikesh
1353	the-alchemist-house	1	rishikesh
1354	the-amantara-luxury-2bhk	1	rishikesh
1355	the-amaris	1	rishikesh
1356	the-anand-by-the-ganges	1	rishikesh
1357	the-ayali-prime-tapovan	1	rishikesh
1358	the-bamboo-stay	1	rishikesh
1359	the-basera	1	rishikesh
1360	the-best-memory-camp-by-stayapart	1	rishikesh
1361	the-big-bridge-a-boutique-on-a-bridge	1	rishikesh
1362	the-boho-house-rishikesh	1	rishikesh
1363	the-boho-nest-near-ganges	1	rishikesh
1364	the-boho-retreat-near-ganges	1	rishikesh
1365	the-bohomes-mountain-view-sun-facing-rooms-with-kitchen	1	rishikesh
1366	the-buddha-house-terrace-dining-mountain-views	1	rishikesh
1367	the-calm-corner	1	rishikesh
1368	the-clock-tower-rooms-cafe	1	rishikesh
1369	the-crownthe-pinnacle-of-luxury	1	rishikesh
1370	the-dev-boho	1	rishikesh
1371	the-estuary-tapovan-2-bhk-apt	1	rishikesh
1372	the-for-u-a-luxury-stay	1	rishikesh
1373	the-for-you-restaurant	1	rishikesh
1374	the-ganga-elite-rishikesh	1	rishikesh
1375	the-gange-hill	1	rishikesh
1376	the-gange-hill-by-green-bird-hospitality	1	rishikesh
1377	the-ganges-by-bella-boho	1	rishikesh
1378	the-garhwal-vatika-rishikesh	1	rishikesh
1379	the-gatherings	1	rishikesh
1380	the-glory-rishikesh	1	rishikesh
1381	the-gold-bird-by-stayapart	1	rishikesh
1382	the-great-ganga	1	rishikesh
1383	the-great-garuda	1	rishikesh
1384	the-greenview-homestay	1	rishikesh
1385	the-healer-home-4	1	rishikesh
1386	the-heritage-rishikesh	1	rishikesh
1387	the-hikari-stays	1	rishikesh
1388	the-hillstead-tapovan-2bhk	1	rishikesh
1389	the-hillstead-tapovan-2bhk-apt	1	rishikesh
1390	the-himalayan	1	rishikesh
1391	the-himalayan-rishikesh-inn	1	rishikesh
1392	the-holiday-home	1	rishikesh
1393	the-holiday-home-249192	1	rishikesh
1394	the-holiday-home-rishikesh-249192	1	rishikesh
1395	the-homez-haven-1-bhk-living	1	rishikesh
1396	the-hosteller-bam-poshtel	1	rishikesh
1397	the-hosteller-rishikesh-ganges	1	rishikesh
1398	the-hosteller-rishikesh-laxman-jhula	1	rishikesh
1399	the-hosteller-rishikesh-tapovan	1	rishikesh
1400	the-hosteller-rishikesh-upper-tapovan	1	rishikesh
1401	the-house	1	rishikesh
1402	the-hummingbird	1	rishikesh
1403	the-jrs	1	rishikesh
1404	the-jrs-rishikesh	1	rishikesh
1405	the-leisure-cave-on-the-ganges	1	rishikesh
1406	the-lily	1	rishikesh
1407	the-lodge-gayatri-kunj	1	rishikesh
1408	the-mewar-by-vasundhara-hotels	1	rishikesh
1409	the-moksham	1	rishikesh
1410	the-montara-stays	1	rishikesh
1411	the-most-beautiful-property-of	1	rishikesh
1412	the-mountain-view	1	rishikesh
1413	the-mountain-view-rishikesh	1	rishikesh
1414	the-naga	1	rishikesh
1415	the-namami-tapovan	1	rishikesh
1416	the-namami-tapovan-by-natures-hooks	1	rishikesh
1417	the-narayana-palace-by-salvus	1	rishikesh
1418	the-neeraj-ganga-cottages	1	rishikesh
1419	the-neeraj-ganga-divine-stay-truly-lives-up-to-it	1	rishikesh
1420	the-neeraj-ganga-heritage-palace	1	rishikesh
1421	the-neeraj-ganga-paradise	1	rishikesh
1422	the-neeraj-ganga-rani-mahal	1	rishikesh
1423	the-neeraj-naturecure-on-ganga	1	rishikesh
1424	the-neeraj-palace	1	rishikesh
1425	the-new-krishna-cottage	1	rishikesh
1426	the-olivia	1	rishikesh
1427	the-olivia-5-star-1bhk-luxury-suite	1	rishikesh
1428	the-olivia-couple-suites-1bhk-luxury	1	rishikesh
1429	the-pacific-managed-by-sitara-group-haridwar	1	rishikesh
1430	the-raajas-camp-resorts	1	rishikesh
1431	the-ramah-international	1	rishikesh
1432	the-rampals-ganga-panoramic	1	rishikesh
1433	the-rampour-a-brigadiers-cottage-collection	1	rishikesh
1434	the-regaliaas-7evara-by-the-ganges-2bhk	1	rishikesh
1435	the-roseate-ganges	1	rishikesh
1436	the-royal-galaxy	1	rishikesh
1437	the-royal-ganga-repose-furnished-2bhk-in	1	rishikesh
1438	the-secret-stays	1	rishikesh
1439	the-secret-stays-hidden-gem-of-upper-tapovan	1	rishikesh
1440	the-shiva-inn	1	rishikesh
1441	the-shivaay-delight	1	rishikesh
1442	the-shivaay-near-aiims-by-lovely-hospitality-jamb	1	rishikesh
1443	the-shivalay-retreat	1	rishikesh
1444	the-shore	1	rishikesh
1445	the-shore-boho	1	rishikesh
1446	the-shore-by-blue-waves	1	rishikesh
1447	the-shore-travelista	1	rishikesh
1448	the-shrinam-stays-near-hidden-waterfall	1	rishikesh
1449	the-social-stays-formerly-artbuzz-rishikesh	1	rishikesh
1450	the-sonu-guesthouse-hostel	1	rishikesh
1451	the-sukoon-house	1	rishikesh
1452	the-sweven-neervan	1	rishikesh
1453	the-tapovan-hills	1	rishikesh
1454	the-tapovan-nest	1	rishikesh
1455	the-terrace-rishikesh	1	rishikesh
1456	the-treekoz-stays	1	rishikesh
1457	the-tusk	1	rishikesh
1458	the-v3	1	rishikesh
1459	the-vilana-a-unit-of-jg-developers	1	rishikesh
1460	the-village	1	rishikesh
1461	the-vinayak-by-le-pension-stays	1	rishikesh
1462	the-woods-at	1	rishikesh
1463	the-wraveler-tapovan-rooms-and-dorms	1	rishikesh
1464	the-yachis	1	rishikesh
1465	the-yakshaa-kumartha	1	rishikesh
1466	the-yakshaa-neelkanth	1	rishikesh
1467	the-yog-raft-by-arnyv-stays-by-2bhk-near-tapovan	1	rishikesh
1468	the-yogasthali	1	rishikesh
1469	theprefabnest	1	rishikesh
1470	tirupati-a-luxury-stay	1	rishikesh
1471	tourist-rest-house	1	rishikesh
1472	townhouse	1	rishikesh
1473	townhouse-1334-ganga-orbit	1	rishikesh
1474	townhouse-ganges-river-view	1	rishikesh
1475	townhouse-oak-tapovan	1	rishikesh
1476	townhouse-rooftop	1	rishikesh
1477	travellers-paradise-mountain-view-by-around-stays	1	rishikesh
1478	tree-aura-retreat	1	rishikesh
1479	tree-house-cottage	1	rishikesh
1480	treebo-ak-residency-tapovan	1	rishikesh
1481	treebo-trend-mj-inn	1	rishikesh
1482	treebo-trend-the-lily	1	rishikesh
1483	treepie-resorts	1	rishikesh
1484	tribe-aqua-a-nature-retreat-above-neer-waterfall	1	rishikesh
1485	trident-stays	1	rishikesh
1486	trihari	1	rishikesh
1487	trinity-peaks-ganga-view-escape	1	rishikesh
1488	triple-one-tapovan-rishikesh-near-laxman-jhula	1	rishikesh
1489	tripli-hotels-ayushman-retreat	1	rishikesh
1490	tripli-hotels-ganga-heaven-laxman-jhula	1	rishikesh
1491	tripli-hotels-solune	1	rishikesh
1492	tripta-ganga	1	rishikesh
1493	trishakti	1	rishikesh
1494	tulip-3bhk-by-wabi-sabi-stays-with-private-balcony	1	rishikesh
1495	tulsi	1	rishikesh
1496	tulsi-cottage	1	rishikesh
1497	tulsi-ganga-homestay	1	rishikesh
1498	ubex-home	1	rishikesh
1499	uday-palace-1	1	rishikesh
1500	uday-palace-rishikesh	1	rishikesh
1501	v-n-ganga	1	rishikesh
1502	v-resorts-green-ganga-camp	1	rishikesh
1503	v4y-4u-tapovan	1	rishikesh
1504	vaidik-ganga	1	rishikesh
1505	valley	1	rishikesh
1506	vasundhara-palace	1	rishikesh
1507	ved-bhoomi-residency	1	rishikesh
1508	ved-tree-by-yatrimap-inn	1	rishikesh
1509	ved-varuna-ayurveda-sadan	1	rishikesh
1510	veda-by-casa-ekam-inn	1	rishikesh
1511	veda-retreat-rishikesh	1	rishikesh
1512	veda5-ayurveda-yoga-retreat	1	rishikesh
1513	vedas-tapovan	1	rishikesh
1514	vedavibe-tapovan	1	rishikesh
1515	vedic-dham-ganga	1	rishikesh
1516	vedic-hatha-vinyasa-yoga-ashram-rishikesh	1	rishikesh
1517	vedic-stays-rishikesh	1	rishikesh
1518	velvet-vista	1	rishikesh
1519	victorias-hostel-by-osho-mystery	1	rishikesh
1520	villa-02-bhk-kedar-residencyrishikesh	1	rishikesh
1521	villa-a-cozy-in-rishikesh-the-figtree	1	rishikesh
1522	villa-a-radiant-on-ganges-with-modern-amenities-rishikesh	1	rishikesh
1523	villa-ahamm-brahmasmi-holistic-center	1	rishikesh
1524	villa-aloha-1-bhk-with-infinity-pool	1	rishikesh
1525	villa-anjaneya-luxury-ganga-view-by-tripongo-stays	1	rishikesh
1526	villa-aranya-by-ganga-blessing	1	rishikesh
1527	villa-atreya-boutique-cottage-serene-near-ram-jhula	1	rishikesh
1528	villa-comfort-ixora-in	1	rishikesh
1529	villa-ganga-euphoria-a-luxury-on-the-ganges	1	rishikesh
1530	villa-heartland-ganga-with-jacuzzi-and-private-lift	1	rishikesh
1531	villa-luxury-4-bedrooms-indepandent	1	rishikesh
1532	villa-nature-rishikesh	1	rishikesh
1533	villa-on-gange	1	rishikesh
1534	villa-panchakarma-retreat-earth-roots-ayurveda	1	rishikesh
1535	villa-rawats-oasis	1	rishikesh
1536	villa-rustic-charm	1	rishikesh
1537	villa-spacious-homestay-near-nepali-farm-bharat	1	rishikesh
1538	villa-stayvista-at-mirador-with-bbq-bonfire-wifi	1	rishikesh
1539	villa-the-ayali	1	rishikesh
1540	villa-the-mountain-house-4-bhk-with-pool	1	rishikesh
1541	villa-the-premium	1	rishikesh
1542	villa-wild-brook	1	rishikesh
1543	villa-yog-niketan	1	rishikesh
1544	villa-yoga	1	rishikesh
1545	vimal-ganga	1	rishikesh
1546	vimal-ganga-rishikesh-249192	1	rishikesh
1547	vishla-palace-in-unit-of-sa-brothers-services	1	rishikesh
1548	vishnu-yoga-shala	1	rishikesh
1549	vishraniti-homestay	1	rishikesh
1550	vishranti-homestayy	1	rishikesh
1551	vishwa-chandra-palace	1	rishikesh
1552	vista-divine-by-veo-part-of-stayvista	1	rishikesh
1553	vyom-boutique	1	rishikesh
1554	vyom-boutique-by-aramah	1	rishikesh
1555	w	1	rishikesh
1556	wanna-stay	1	rishikesh
1557	weekend-getaway-camps	1	rishikesh
1558	weekend-heights	1	rishikesh
1559	weekends-forever-rishikesh-max-laxman-jhula	1	rishikesh
1560	welcome-home	1	rishikesh
1561	welcome-home-stay-tapovan	1	rishikesh
1562	welina-shree	1	rishikesh
1563	welina-shree-rishikesh	1	rishikesh
1564	whispering-ganga-by-four-hills	1	rishikesh
1565	whispering-ganges-ganga-view	1	rishikesh
1566	wild-mountain-homestay	1	rishikesh
1567	win-retreat-cottage	1	rishikesh
1568	woodspicker	1	rishikesh
1569	wraveler-by-wraveler-hostels-inn	1	rishikesh
1570	xomotel-evana-on-the-ganges	1	rishikesh
1571	yamunotri-retreat	1	rishikesh
1572	yash-raj-stays	1	rishikesh
1573	yellow-leaf	1	rishikesh
1574	yes-by-the-ganges	1	rishikesh
1575	yes-retreat	1	rishikesh
1576	yog-ganga-retreat	1	rishikesh
1577	yog-kul-home-stay-economy	1	rishikesh
1578	yog-kul-home-stay-premium	1	rishikesh
1579	yog-kul-homestay-budget	1	rishikesh
1580	yog-kul-homestay-premium-2	1	rishikesh
1581	yog-madhyama	1	rishikesh
1582	yog-nagri	1	rishikesh
1583	yog-niketan-by-sanskriti	1	rishikesh
1584	yog-safari-behind-parmarth-niketan	1	rishikesh
1585	yog-tapovan	1	rishikesh
1586	yog-tapovan-249192	1	rishikesh
1587	yog-tapovan-mountain-view-room-private-balcony	1	rishikesh
1588	yog-tapovan-rafting-available	1	rishikesh
1589	yog-vashishth	1	rishikesh
1590	yog-vriksh	1	rishikesh
1591	yoga-food-stay	1	rishikesh
1592	yoga-retreat-rishikesh	1	rishikesh
1593	yoga-stay-rishikesh	1	rishikesh
1594	yoga-wifi-travel-home-stay	1	rishikesh
1595	yoganandham	1	rishikesh
1596	yogasthali-tapovan	1	rishikesh
1597	yogi-home-stay	1	rishikesh
1598	yogshala-retreats	1	rishikesh
1599	yogvan-holidays-1bhk-apartments-tapovan	1	rishikesh
1600	yogvan-luxury-1bhk-apartments-tapovan	1	rishikesh
1601	zana-by-the-ganges-tapovan	1	rishikesh
1602	zee-green-palace-near-trayambakeshwar-temple-a	1	rishikesh
1603	zorohills-stay	1	rishikesh
1604	zostel-plus-rishikesh-mohanchatti	1	rishikesh
1605	zostel-rishikesh-tapovan	1	rishikesh
1606	zostel-rishikesh-tapovan-249192	1	rishikesh
1607	zouk-homes	1	rishikesh
1608	zoukstayz	1	rishikesh
1609	3-bedroom-luxe-penthouse-nearby-harkipauri-by-manstays	1	haridwar
1610	a-budget-sheeva-palace-near-tulshi-chowk	1	haridwar
1611	aalaya-suites-by-perfect-stayz	1	haridwar
1612	aananda	1	haridwar
1613	aanandam-haveli-har-ki-podi-road	1	haridwar
1614	aarna	1	haridwar
1615	aarti-darshan	1	haridwar
1616	aarti-the-boutique	1	haridwar
1617	aashiyana-and-banquet-hall	1	haridwar
1618	aashiyana-haridwar	1	haridwar
1619	abhi-ganga-homestay	1	haridwar
1620	adhiraja-palace-haridwar	1	haridwar
1621	aditya-sheraton-haridwar	1	haridwar
1622	ag-royal-affordable-blissful-stay	1	haridwar
1623	aggarwal-bhawan-haridwar	1	haridwar
1624	agk-alaknanda-vatika-a-luxury-stay	1	haridwar
1625	agk-heritage-top-rated-property-in	1	haridwar
1626	agrawal-homestay	1	haridwar
1627	ak-residency	1	haridwar
1628	alaknanda	1	haridwar
1629	alpana	1	haridwar
1630	amartarangini-haridwar	1	haridwar
1631	amatra-by-the-ganges	1	haridwar
1632	amaya	1	haridwar
1633	amaya-haridwar	1	haridwar
1634	ambrosia-sarovar-portico	1	haridwar
1635	amrit-bela	1	haridwar
1636	anand	1	haridwar
1637	anand-niketan	1	haridwar
1638	anand-niketan-by-bonjour-on-the-ganges	1	haridwar
1639	anand-niketan-haridwar	1	haridwar
1640	anant-dhara	1	haridwar
1641	apt-amrit-bhawan	1	haridwar
1642	apt-bhel-town-ship-green-s-2	1	haridwar
1643	apt-narayani-ashray	1	haridwar
1644	apt-rosewood	1	haridwar
1645	apt-rosewood-1	1	haridwar
1646	apt-tapasaya	1	haridwar
1647	arina-vedic-haveli-2-min-walk-for-ganga-ghat	1	haridwar
1648	arjun-a-boutique	1	haridwar
1649	arsh-rfesidency	1	haridwar
1650	arti-darshan	1	haridwar
1651	aryaman	1	haridwar
1652	aryan	1	haridwar
1653	asha-heritage-by-pandit-ji-stay	1	haridwar
1654	asha-heritage-restro	1	haridwar
1655	ashirwad-haridwar	1	haridwar
1656	ashok-haridwar	1	haridwar
1657	ashutosh	1	haridwar
1658	aura-ganges-a-four-star-luxury-hotel-resort-road-haridwar	1	haridwar
1659	aura-residency	1	haridwar
1660	auram	1	haridwar
1661	aurum-stay	1	haridwar
1662	aviral-stay	1	haridwar
1663	avisha-ganga-retreat-near-har-ki-pauri-haridwar	1	haridwar
1664	baba-sitaram-ashram	1	haridwar
1665	babua-stay	1	haridwar
1666	bagga-kuteer	1	haridwar
1667	baromas-retreat-haridwar	1	haridwar
1668	best-stay-by-hariganga	1	haridwar
1669	best-stay-near-by-bus-and-railway-station	1	haridwar
1670	bhagat-ji-atithi-grah	1	haridwar
1671	bhagirathi-by-atishay	1	haridwar
1672	bhagirathi-palace	1	haridwar
1673	bhajgovindam	1	haridwar
1674	bhakti-dham	1	haridwar
1675	bhatia-by-stayapart	1	haridwar
1676	bk-kutter-fully-air-conditioned-hotel-lift-wifi	1	haridwar
1677	bliss-agk-a-top-rated-property-in	1	haridwar
1678	blizz-stayz-trishul-express	1	haridwar
1679	blue-breeze	1	haridwar
1680	blue-lagoon	1	haridwar
1681	blue-pine	1	haridwar
1682	blue-sky	1	haridwar
1683	bnb-healing-house	1	haridwar
1684	bnb-rajendra-bhawan-haridwar	1	haridwar
1685	bnb-rajendra-bhawan-haridwar-249407	1	haridwar
1686	brij-lodge	1	haridwar
1687	brinjal-clarks-inn	1	haridwar
1688	brinjal-hotels	1	haridwar
1689	budget-g-a-n-g-a-a-m-r-i-t-near-park-and-railway	1	haridwar
1690	capital-o-orchid	1	haridwar
1691	chitra-grand	1	haridwar
1692	chitra-heritage	1	haridwar
1693	chitra-heritage-near-railway-station	1	haridwar
1694	chotiwala-restaurant	1	haridwar
1695	citizen	1	haridwar
1696	city-empire	1	haridwar
1697	city-heritage-haridwar	1	haridwar
1698	clarks-safari	1	haridwar
1699	classic-heritage	1	haridwar
1700	classic-residency	1	haridwar
1701	collection-o-28628-himgiri-residency	1	haridwar
1702	collection-o-3269-jagat	1	haridwar
1703	collection-o-7440-paradise	1	haridwar
1704	collection-o-86254-oaktel	1	haridwar
1705	collection-o-divine-ganges	1	haridwar
1706	collection-o-ganga-sports	1	haridwar
1707	collection-o-indira-enclave	1	haridwar
1708	collection-o-paradise-plaza	1	haridwar
1709	collection-o-railway-station-formerly-le-central	1	haridwar
1710	collection-o-star-ganges	1	haridwar
1711	collection-o-trimurti	1	haridwar
1712	comfort-1	1	haridwar
1713	country-haridwar-inn	1	haridwar
1714	crown	1	haridwar
1715	crystal	1	haridwar
1716	crystal-ganga-heights	1	haridwar
1717	crystal-ganga-view-by-ahar	1	haridwar
1718	darshini	1	haridwar
1719	dev	1	haridwar
1720	dev-ganga	1	haridwar
1721	dev-plaza-by-wb	1	haridwar
1722	dev-rishi-by-t-and-m-hotels	1	haridwar
1723	devnadi-haridwar	1	haridwar
1724	dhruvaan-regency	1	haridwar
1725	divine-ganga	1	haridwar
1726	divine-ganga-bhupatwala	1	haridwar
1727	divine-ganga-free-pickup-from-bus-stand-and	1	haridwar
1728	divine-ganga-luxury-comfort-travellers-delight-budget	1	haridwar
1729	divine-haridwar	1	haridwar
1730	divine-homestay	1	haridwar
1731	dormitory-by-vaishno-miles	1	haridwar
1732	dormitory-in-by-raj	1	haridwar
1733	dormitory-raj	1	haridwar
1734	dreamland	1	haridwar
1735	drive-haridwar	1	haridwar
1736	dwarkadeesh	1	haridwar
1737	dwarkadheesh	1	haridwar
1738	dwarkanath-travels-and-hotels	1	haridwar
1739	ecko-antarman-on-the-ganges	1	haridwar
1740	ekaanta	1	haridwar
1741	evaara-by-the-ganges	1	haridwar
1742	evesta-micasa	1	haridwar
1743	fabexpress-kartikey-inn	1	haridwar
1744	fabhotel-agk-haridwar	1	haridwar
1745	fabhotel-dev-palace	1	haridwar
1746	fabhotel-dhruv-nanda	1	haridwar
1747	fabhotel-frolic	1	haridwar
1748	fabhotel-green-leaf-fully-vaccinated-staff	1	haridwar
1749	fabhotel-hari-residency	1	haridwar
1750	fabhotel-jaswinder-bhawan	1	haridwar
1751	fabhotel-kirti-heritage	1	haridwar
1752	fabhotel-pearl	1	haridwar
1753	fabhotel-pramila-inn	1	haridwar
1754	fabhotel-prem-bihari	1	haridwar
1755	fabhotel-relax-palace-inn	1	haridwar
1756	fabhotel-riverdale	1	haridwar
1757	fabhotel-shree-vilas	1	haridwar
1758	family-raj-near-railway-station	1	haridwar
1759	family-shiva-palace-hotel	1	haridwar
1760	famous	1	haridwar
1761	famous-haridwar	1	haridwar
1762	finch-grand-by-revaantra-ss-hospitality	1	haridwar
1763	forest-mud-villas	1	haridwar
1764	fortune-ganga	1	haridwar
1765	fortune-park-member-itc-hotels-group	1	haridwar
1766	gagandeep	1	haridwar
1767	ganga-a-budget-stay	1	haridwar
1768	ganga-aamantran	1	haridwar
1769	ganga-aatitheyam	1	haridwar
1770	ganga-amrit-near-railway-station	1	haridwar
1771	ganga-azure	1	haridwar
1772	ganga-azure-har-ki-pauri-road	1	haridwar
1773	ganga-basin	1	haridwar
1774	ganga-bhavan-home-stay	1	haridwar
1775	ganga-bliss-riverside	1	haridwar
1776	ganga-darshan	1	haridwar
1777	ganga-dhara	1	haridwar
1778	ganga-dreams	1	haridwar
1779	ganga-exotica	1	haridwar
1780	ganga-harmony-tours-stays	1	haridwar
1781	ganga-heritage-by-howard	1	haridwar
1782	ganga-house-near-dev-near-krishna-hotel	1	haridwar
1783	ganga-lahari-by-leisure-hotels	1	haridwar
1784	ganga-lodge-family-stay-near-ganga-ghat	1	haridwar
1785	ganga-palace-haridwar	1	haridwar
1786	ganga-palace-near-vishwakarmaghat-jamb	1	haridwar
1787	ganga-ram-lodge	1	haridwar
1788	ganga-rani-haridwar	1	haridwar
1789	ganga-savera-on-ganga-ghat	1	haridwar
1790	ganga-serenity-haridwar	1	haridwar
1791	ganga-sports	1	haridwar
1792	ganga-touch-heven-house	1	haridwar
1793	ganga-view	1	haridwar
1794	ganga-vilas	1	haridwar
1795	gangabagh-by-divine-trails	1	haridwar
1796	gangabhumi-homestay-best-family-homestay-in	1	haridwar
1797	gangadham-dhramshala	1	haridwar
1798	gange-a-comfortable-stay	1	haridwar
1799	gange-a-luxuries-stay-haridwar	1	haridwar
1800	ganges-abode	1	haridwar
1801	ganges-blossam-a-luxury-hotel-in	1	haridwar
1802	ganges-blossom	1	haridwar
1803	ganges-park-1	1	haridwar
1804	ganges-pride-haridwar	1	haridwar
1805	ganges-rivera	1	haridwar
1806	ganges-valley-view-a-four-star-luxury-hotel	1	haridwar
1807	gangotri	1	haridwar
1808	gangotri-suites	1	haridwar
1809	gauri-gangaa	1	haridwar
1810	geeta-residency-haridwar	1	haridwar
1811	gharonda-by-mnt	1	haridwar
1812	glory	1	haridwar
1813	gobind-bhawan-heritage	1	haridwar
1814	godwin	1	haridwar
1815	godwin-haridwar	1	haridwar
1816	golden-haridwar	1	haridwar
1817	golden-peacock	1	haridwar
1818	golden-tulip	1	haridwar
1819	gopal	1	haridwar
1820	gopal-haridwar	1	haridwar
1821	gopi-dham-ashram-near-shanti-kunj	1	haridwar
1822	goroomgo-bhameshwari-near-vaishno-devi-temple	1	haridwar
1823	goroomgo-ganga-amrit	1	haridwar
1824	goroomgo-ganga-exotica-prime-location-ganga-river	1	haridwar
1825	goroomgo-heaven	1	haridwar
1826	goroomgo-raj-ganga	1	haridwar
1827	goroomgo-riddhi-siddhi	1	haridwar
1828	goroomgo-shiva-palace-near-railway-station-excellent	1	haridwar
1829	grand-continental-har-ki-pauri	1	haridwar
1830	grand-orchid	1	haridwar
1831	grand-sharon	1	haridwar
1832	grey-castle	1	haridwar
1833	grg-pardesi	1	haridwar
1834	gulmohar	1	haridwar
1835	guru-kirpa-stays-dine	1	haridwar
1836	gyan-ganga	1	haridwar
1837	gyan-haridwar	1	haridwar
1838	gyan-niketan	1	haridwar
1839	happy-stay	1	haridwar
1840	har-ki-pauri-by-around-stays	1	haridwar
1841	har-ki-pauri-with-terrace-ganga-view	1	haridwar
1842	hari-dhara-100-meters-from-har-ki-pauri	1	haridwar
1843	hari-ganga-haridwar	1	haridwar
1844	hari-ganga-harkipauri-road	1	haridwar
1845	hari-ganga-near-by-bus-and-railway-station	1	haridwar
1846	harmony	1	haridwar
1847	heritage-sandesh-haridwar	1	haridwar
1848	himalaya-haridwar	1	haridwar
1849	himalyan-heaven-homestay	1	haridwar
1850	himpravaah-premium-by-novello	1	haridwar
1851	hindustan-royal-inn	1	haridwar
1852	hog-house-of-gypsy-haridwar	1	haridwar
1853	holiday-stay-home-inn	1	haridwar
1854	holy-basil	1	haridwar
1855	hostel-annapurna-niwas	1	haridwar
1856	hostel-bedhubs	1	haridwar
1857	hostel-sitara-economy-the-pacific	1	haridwar
1858	hotal-glory-ganga	1	haridwar
1859	hotel-alpine	1	haridwar
1860	hotel-dehradun-237	1	haridwar
1861	hotel-haridwar-100	1	haridwar
1862	hotel-haridwar-11	1	haridwar
1863	hotel-haridwar-12	1	haridwar
1864	hotel-haridwar-133	1	haridwar
1865	hotel-haridwar-135	1	haridwar
1866	hotel-haridwar-137	1	haridwar
1867	hotel-haridwar-138	1	haridwar
1868	hotel-haridwar-139	1	haridwar
1869	hotel-haridwar-14	1	haridwar
1870	hotel-haridwar-140	1	haridwar
1871	hotel-haridwar-141	1	haridwar
1872	hotel-haridwar-144	1	haridwar
1873	hotel-haridwar-145	1	haridwar
1874	hotel-haridwar-149	1	haridwar
1875	hotel-haridwar-15	1	haridwar
1876	hotel-haridwar-151	1	haridwar
1877	hotel-haridwar-152	1	haridwar
1878	hotel-haridwar-153	1	haridwar
1879	hotel-haridwar-16	1	haridwar
1880	hotel-haridwar-21	1	haridwar
1881	hotel-haridwar-24	1	haridwar
1882	hotel-haridwar-247663	1	haridwar
1883	hotel-haridwar-249410	1	haridwar
1884	hotel-haridwar-249411	1	haridwar
1885	hotel-haridwar-25	1	haridwar
1886	hotel-haridwar-26	1	haridwar
1887	hotel-haridwar-27	1	haridwar
1888	hotel-haridwar-29	1	haridwar
1889	hotel-haridwar-3	1	haridwar
1890	hotel-haridwar-30	1	haridwar
1891	hotel-haridwar-31	1	haridwar
1892	hotel-haridwar-36	1	haridwar
1893	hotel-haridwar-40	1	haridwar
1894	hotel-haridwar-47	1	haridwar
1895	hotel-haridwar-49	1	haridwar
1896	hotel-haridwar-53	1	haridwar
1897	hotel-haridwar-59	1	haridwar
1898	hotel-haridwar-62	1	haridwar
1899	hotel-haridwar-64	1	haridwar
1900	hotel-haridwar-67	1	haridwar
1901	hotel-haridwar-7	1	haridwar
1902	hotel-haridwar-71	1	haridwar
1903	hotel-haridwar-73	1	haridwar
1904	hotel-haridwar-8	1	haridwar
1905	hotel-haridwar-87	1	haridwar
1906	hotel-haridwar-88	1	haridwar
1907	hotel-kankhal-7	1	haridwar
1908	hotel4u	1	haridwar
1909	hotelpalm	1	haridwar
1910	house-amrita	1	haridwar
1911	house-gayatri-near-railway-station-ganga-ghat-best-hotel-in	1	haridwar
1912	house-goroomgo-gayatri-near-railway-station	1	haridwar
1913	house-goroomgo-harihar	1	haridwar
1914	house-goroomgo-sai-kripa-opposite-railway-station	1	haridwar
1915	house-gsa-haridwar	1	haridwar
1916	house-hillway-1	1	haridwar
1917	house-hk	1	haridwar
1918	house-madhuban	1	haridwar
1919	house-mansa-devi-royal	1	haridwar
1920	house-narayan-homestay	1	haridwar
1921	house-o-hill-way	1	haridwar
1922	house-o-trimurti	1	haridwar
1923	house-o-yatra	1	haridwar
1924	house-oyo-71154-girnar	1	haridwar
1925	house-ramsakha	1	haridwar
1926	house-sai-kripa	1	haridwar
1927	house-shree-shyam	1	haridwar
1928	house-shree-shyam-haridwar	1	haridwar
1929	house-spot-on-38315-bhagirathi	1	haridwar
1930	house-yatra	1	haridwar
1931	hr-rama-palace	1	haridwar
1932	hyatt-place	1	haridwar
1933	hyphen-grand	1	haridwar
1934	hyphen-grand-haridwar	1	haridwar
1935	imperial-blue	1	haridwar
1936	india-1	1	haridwar
1937	infinity-stay-har-ki-pauri	1	haridwar
1938	itsy-hotels-paradise-inn	1	haridwar
1939	ivy-top-rated-most-awarded-hotel-in	1	haridwar
1940	jairam-home-stay	1	haridwar
1941	jalsa	1	haridwar
1942	jasmine	1	haridwar
1943	jbs-regensy	1	haridwar
1944	jewel-1	1	haridwar
1945	jewel-haridwar	1	haridwar
1946	k-k-renuka-dharamshala	1	haridwar
1947	kailash-haridwar	1	haridwar
1948	kailash-keep	1	haridwar
1949	kailashi-dham	1	haridwar
1950	kamla-palace-haridwar	1	haridwar
1951	kanha	1	haridwar
1952	kanhaiya-249401	1	haridwar
1953	kanhaiya-haridwar	1	haridwar
1954	kanisha-stay	1	haridwar
1955	kanisha-stay-haridwar	1	haridwar
1956	kanishka-stay	1	haridwar
1957	kapil-royal-haridwar	1	haridwar
1958	kapoor	1	haridwar
1959	karishna	1	haridwar
1960	karuni	1	haridwar
1961	kaushik-palace	1	haridwar
1962	kblessings	1	haridwar
1963	keshav	1	haridwar
1964	keshav-haridwar	1	haridwar
1965	keshav-palace-by-trindra-hospitality	1	haridwar
1966	khanna-palace	1	haridwar
1967	king	1	haridwar
1968	king-plaza	1	haridwar
1969	king-plaza-fully-air-conditioned-hotel-lift-wifi-haridwar	1	haridwar
1970	kings	1	haridwar
1971	kiran-sidcul	1	haridwar
1972	kirti-heritage-haridwar	1	haridwar
1973	kisna-dham-by-yatrimap	1	haridwar
1974	krishna-1	1	haridwar
1975	krishna-dreams	1	haridwar
1976	krishna-food-junction	1	haridwar
1977	krishna-heritage	1	haridwar
1978	krishna-ji	1	haridwar
1979	krishna-kunj	1	haridwar
1980	krishna-priya-haridwar	1	haridwar
1981	kush-ganga-50-meter-from-har-ki-pauri	1	haridwar
1982	kusum-cottage	1	haridwar
1983	l-s-residency	1	haridwar
1984	la-casa	1	haridwar
1985	la-casa-jamb	1	haridwar
1986	la-costa-a-four-star-luxury-hotel-resort	1	haridwar
1987	la-meridian-a-four-star-luxury-hotel-resort	1	haridwar
1988	la-meridian-near-harkepauri-road	1	haridwar
1989	la-olivia	1	haridwar
1990	la-vista-haridwar	1	haridwar
1991	la-vistaa-haridwar	1	haridwar
1992	lacasa-by-bounce-beyond-spacious-2-bhk-flat	1	haridwar
1993	lajja-palace	1	haridwar
1994	lajja-palace-at-harki-pauri	1	haridwar
1995	lakshay	1	haridwar
1996	lakshayas	1	haridwar
1997	lakshyas	1	haridwar
1998	lambas-stay	1	haridwar
1999	landmark	1	haridwar
2000	lavanya	1	haridwar
2001	laxmi	1	haridwar
2002	laxmi-deluxe	1	haridwar
2003	le-grand	1	haridwar
2004	le-roi-haridwarhar-ki-pauri	1	haridwar
2005	lemon-tree-hotel-haridwar	1	haridwar
2006	lg-residency-haridwar	1	haridwar
2007	lotus-infinity	1	haridwar
2008	lotus-infinity-by-stayapart	1	haridwar
2009	luxuary-r-b-near-near-railway-station-fully-air	1	haridwar
2010	luxury-ganges-blossom-rishikesh-highway	1	haridwar
2011	luxury-room-with-1-double-bed	1	haridwar
2012	luxury-shri-shyam-a-peaceful-stay-near-har-ki-paudi	1	haridwar
2013	madhuban-har-ki-pauri	1	haridwar
2014	mahadev-palace	1	haridwar
2015	maharaja-palace	1	haridwar
2016	mahi-ganga-heritage	1	haridwar
2017	majestic-ganges-haridwar	1	haridwar
2018	manevaa-kutir	1	haridwar
2019	mangalyam-home-stay	1	haridwar
2020	manglam-kusha-ghat	1	haridwar
2021	mango-hotels	1	haridwar
2022	mansarover-international	1	haridwar
2023	mantra	1	haridwar
2024	marwari-niwas	1	haridwar
2025	marwari-niwas-haridwar	1	haridwar
2026	melrose	1	haridwar
2027	midtown	1	haridwar
2028	milap-mansion	1	haridwar
2029	mj-sarovar-portico	1	haridwar
2030	modi-ramakrishna	1	haridwar
2031	mother-land-near-ganga-ghat	1	haridwar
2032	mountain-view-haridwar	1	haridwar
2033	murli-niwas	1	haridwar
2034	naina-a-luxurious-hotel	1	haridwar
2035	naklank-dham	1	haridwar
2036	namay-by-t-and-m-hotels-inn	1	haridwar
2037	nanda-residency	1	haridwar
2038	natures-paradise-homestay	1	haridwar
2039	navgrah-palace	1	haridwar
2040	ndbl	1	haridwar
2041	ndbl-a-four-star-luxury-hotel-resort-near-har-ke	1	haridwar
2042	ndbl-exotica-inn	1	haridwar
2043	ndbl-restaurant	1	haridwar
2044	neel-ganga-at-shanti-kunj	1	haridwar
2045	neelkanth-stay	1	haridwar
2046	nehnilayam-homestay-home-with-fusion-of-style-comfort	1	haridwar
2047	new-aditya	1	haridwar
2048	new-pratap	1	haridwar
2049	nirmal-bhawan-jamb	1	haridwar
2050	nirmal-sadan	1	haridwar
2051	o-anand	1	haridwar
2052	o-city-pride	1	haridwar
2053	o-d-oreale	1	haridwar
2054	o-dev-bhoomi-haridwar	1	haridwar
2055	o-dolphin	1	haridwar
2056	o-excel-home-stay	1	haridwar
2057	o-fiesta	1	haridwar
2058	o-four-s	1	haridwar
2059	o-galaxy	1	haridwar
2060	o-gautam	1	haridwar
2061	o-jwalapur-near-railway-station	1	haridwar
2062	o-kailash-ganga	1	haridwar
2063	o-kavish-residency	1	haridwar
2064	o-krishna-heritage	1	haridwar
2065	o-krishna-priya	1	haridwar
2066	o-mangal-in	1	haridwar
2067	o-mehfil-hotel	1	haridwar
2068	o-near-shanti-kunj	1	haridwar
2069	o-neel-ganga	1	haridwar
2070	o-pal-residency	1	haridwar
2071	o-radhika	1	haridwar
2072	o-sheetal-ganga-dham	1	haridwar
2073	o-shiva-palace	1	haridwar
2074	o-skaga	1	haridwar
2075	o-the-kailash	1	haridwar
2076	o-virasat-residency	1	haridwar
2077	o-yashoda-sadan	1	haridwar
2078	o-yug-residency	1	haridwar
2079	oaktel-grand-shiva-near-ganga-ghat	1	haridwar
2080	oasis	1	haridwar
2081	oasis-international-1	1	haridwar
2082	oasis-international-2	1	haridwar
2083	olive-inn	1	haridwar
2084	one-earth-ganga-stone	1	haridwar
2085	one-earth-hardwar	1	haridwar
2086	orchid-249401	1	haridwar
2087	osho-vision	1	haridwar
2088	oyo-13333-orchid	1	haridwar
2089	oyo-15643-laxmi-sadan-residency	1	haridwar
2090	oyo-17185-satyam-swagat	1	haridwar
2091	oyo-18273-basera	1	haridwar
2092	oyo-29694-heritage	1	haridwar
2093	oyo-2974-aastha-palace	1	haridwar
2094	oyo-3395-arjun	1	haridwar
2095	oyo-35366-shiv-murti	1	haridwar
2096	oyo-39595-ray-ban-kankhal	1	haridwar
2097	oyo-4375-gang-tarang	1	haridwar
2098	oyo-4511-nagpal	1	haridwar
2099	oyo-4926-le-central	1	haridwar
2100	oyo-49582-jhanvi-yoga-dham	1	haridwar
2101	oyo-6976-ganges-park	1	haridwar
2102	oyo-71304-shiv-murti-classic	1	haridwar
2103	oyo-72441-dwarika-puri-dham	1	haridwar
2104	oyo-84563-bhatia	1	haridwar
2105	oyo-flagship-gateway-ganga	1	haridwar
2106	oyo-ganga	1	haridwar
2107	oyo-guru-mandal-atithi-grah	1	haridwar
2108	oyo-hill-view-by-first-time-hotels-and-resorts	1	haridwar
2109	oyo-rooms-near-gurukul-kangri	1	haridwar
2110	oyo-saranga-dham	1	haridwar
2111	oyo-townhouse-853-the-royal-aroma	1	haridwar
2112	paarth-grand	1	haridwar
2113	pacific-most-awarded-property-in	1	haridwar
2114	pacific-paradise-lavish-luxury-stay-in	1	haridwar
2115	pallavi-niwas	1	haridwar
2116	pardesi-har-ki-pauri-road	1	haridwar
2117	park-ganga	1	haridwar
2118	park-grand-at	1	haridwar
2119	park-prime-by-applewood	1	haridwar
2120	park-roots-1	1	haridwar
2121	park-roots-haridwar	1	haridwar
2122	parmarth-gyan-mandir-dharmshala-by-pandit-ji	1	haridwar
2123	patnimal-guesthouse	1	haridwar
2124	penthouse-by-uv-stays	1	haridwar
2125	perfect-stays-in	1	haridwar
2126	perfectstayz-aalaya-suites	1	haridwar
2127	perfectstayz-dhruv-nanda-near-railway-station	1	haridwar
2128	perfectstayz-homes-i-luxury-penthouse	1	haridwar
2129	perfectstayz-premium-ganga-heights-at-harkipauri-road	1	haridwar
2130	perfectstayz-premium-harkipauri-road	1	haridwar
2131	perfectstayz-premium-shanti-heritage-near-harkipauri	1	haridwar
2132	perfectstayz-value-dwarkesh-near-railway-station	1	haridwar
2133	pilibhit-house-haridwar	1	haridwar
2134	pilibhit-house-ihcl-seleqtions	1	haridwar
2135	pinaka-hotels-resorts	1	haridwar
2136	pinaki	1	haridwar
2137	prakriti-wellness-stay	1	haridwar
2138	prayag	1	haridwar
2139	prayag-inn	1	haridwar
2140	premium-b-k-near-railway-station-fully-air	1	haridwar
2141	premium-condominium-near-ganges-with-hill-view	1	haridwar
2142	premium-h-e-a-v-e-n-p-a-l-a-c-e-near-temple-and	1	haridwar
2143	premium-k-p-near-mansa-mata-temple-and-railway	1	haridwar
2144	premium-k-p-near-mansa-mata-temple-and-railway-haridwar	1	haridwar
2145	premium-s-d-near-railwary-station-maa-mansa-devi	1	haridwar
2146	premium-suv-idha-near-railway-station-and-temple	1	haridwar
2147	pride-elite	1	haridwar
2148	prl-comfortable-stay-travel-dsek	1	haridwar
2149	purple-dot	1	haridwar
2150	queen	1	haridwar
2151	rabana	1	haridwar
2152	raghunath-bhawan-1	1	haridwar
2153	raghuveer-residency	1	haridwar
2154	rahul-palace	1	haridwar
2155	raj-by-vaishno-miles	1	haridwar
2156	raj-family-stayz	1	haridwar
2157	raj-haridwar	1	haridwar
2158	raj-mandir	1	haridwar
2159	raj-near-railway-station-haridwar	1	haridwar
2160	ram	1	haridwar
2161	rama-best-selling-property-in	1	haridwar
2162	rama-near-ganga-ghat-haridwar	1	haridwar
2163	rama-top-rated-and-most-awarded-property-in	1	haridwar
2164	ramawati	1	haridwar
2165	ramawati-managed-by-sitara-group	1	haridwar
2166	ramawati-near-ganga-ghat	1	haridwar
2167	ramawati-top-rated-most-awarded-hotel-in	1	haridwar
2168	ramawati-top-rated-most-awarded-hotel-in-haridwar	1	haridwar
2169	ranipur-rajwada	1	haridwar
2170	rb	1	haridwar
2171	rdot	1	haridwar
2172	red-coral	1	haridwar
2173	regal-residency	1	haridwar
2174	regenta-orkos-haridwar-motichur-10-min-from-har-ki-pauri	1	haridwar
2175	relax-near-railway-station-and-ganga-ghat	1	haridwar
2176	renest	1	haridwar
2177	reo-classic-near-railway-station-bus-stand	1	haridwar
2178	resort-ganges-blossam-a-four-star-luxury	1	haridwar
2179	resort-ganges-blossom-a-four-star-luxury	1	haridwar
2180	resort-gardenia-spa	1	haridwar
2181	resort-hill-view-by-first-time-hotelsand	1	haridwar
2182	resort-r	1	haridwar
2183	resort-river-view-haridwar	1	haridwar
2184	resort-sagar-ganga	1	haridwar
2185	resort-sitara-premium-ndbl-a-four-star-luxury-hotel-near	1	haridwar
2186	resort-the-fresco-haridwar-uttarakhand	1	haridwar
2187	resort-the-veda-greens	1	haridwar
2188	resort-treebo-haveli-roots-bhupatwala	1	haridwar
2189	rest-inn	1	haridwar
2190	rio-grand-a-premium	1	haridwar
2191	riverdale	1	haridwar
2192	riverside-bliss-at-sukoon-a-riverside-retreat	1	haridwar
2193	riya-raj-luxury-stay	1	haridwar
2194	rooms-for-family-by-raj	1	haridwar
2195	rose	1	haridwar
2196	royal-by-white-panda-hotels-inn	1	haridwar
2197	royal-central	1	haridwar
2198	royal-dots-a-four-star-luxury-hotel-in	1	haridwar
2199	royal-galaxy-249411	1	haridwar
2200	royal-galaxy-haridwar	1	haridwar
2201	royal-vrindaban-haridwar	1	haridwar
2202	rudra-1	1	haridwar
2203	rudra-2	1	haridwar
2204	rudra-haridwar	1	haridwar
2205	rudraksh-haridwar	1	haridwar
2206	rudraksh-inn	1	haridwar
2207	sai-veda-wellness-by-atya-hotels	1	haridwar
2208	samrat-restaurant	1	haridwar
2209	sanat-samridhi-haridwar	1	haridwar
2210	sanskriti-t-and-m-hotels	1	haridwar
2211	sanwariya-palace	1	haridwar
2212	saramax-haridwar-inn	1	haridwar
2213	saramax-inn	1	haridwar
2214	saraswati-homestay	1	haridwar
2215	sarovar-hill	1	haridwar
2216	sarva-darshan-ashram	1	haridwar
2217	satnam	1	haridwar
2218	savaya-suite-a-four-star-luxury-hotel-near-aims	1	haridwar
2219	serenity-by-the-ganges	1	haridwar
2220	sethi-legacy	1	haridwar
2221	sg-royal-portico	1	haridwar
2222	shankar-niwas	1	haridwar
2223	shanti-by-perfectstayz-group	1	haridwar
2224	shanti-pacific-jamb	1	haridwar
2225	shanti-sarovar	1	haridwar
2226	sharma-palace	1	haridwar
2227	shaurya-249407	1	haridwar
2228	shaurya-haridwar	1	haridwar
2229	shiv-by-hotelist	1	haridwar
2230	shiv-ganga-home-stay	1	haridwar
2231	shiv-murti-grand	1	haridwar
2232	shiv-narayana	1	haridwar
2233	shiv-sarovar-1	1	haridwar
2234	shiv-sarovar-haridwar	1	haridwar
2235	shiv-shakti-home-stay-haridwar	1	haridwar
2236	shiva-haridwar	1	haridwar
2237	shiva-nearby-bus-and-railway-station	1	haridwar
2238	shiva-palace-at-mayapur-road	1	haridwar
2239	shiva-palace-best-stay-hotel	1	haridwar
2240	shivaay	1	haridwar
2241	shivaay-1	1	haridwar
2242	shivalaya-by-gph	1	haridwar
2243	shivay-haridwar	1	haridwar
2244	shivaye	1	haridwar
2245	shivmurti-classic	1	haridwar
2246	shivmurti-grand-by-uv-stays	1	haridwar
2247	shiwalik	1	haridwar
2248	shobha-garden	1	haridwar
2249	shoolin-suites-boutique	1	haridwar
2250	shoolin-suites-by-delight-stay	1	haridwar
2251	shree-amrit-ganga	1	haridwar
2252	shree-chitra-residency-by-grb	1	haridwar
2253	shree-radha-heritage-house	1	haridwar
2254	shree-shyam	1	haridwar
2255	shree-vilas-haridwar	1	haridwar
2256	shreeniwas-a-retreat-where-nature-greets-you	1	haridwar
2257	shreshth-home-stay-best-family-accommodation-3km-from	1	haridwar
2258	shreya-galaxy-with-swimming-pool-best-property-in	1	haridwar
2259	shri-balaji	1	haridwar
2260	shri-devbhoomi-homestay	1	haridwar
2261	shri-hari-ganga	1	haridwar
2262	shri-ji-palace	1	haridwar
2263	shri-radhe-radhe	1	haridwar
2264	shri-shyam-hotel-near-harkipauri	1	haridwar
2265	shri-shyam-luxury-in-har-ki-paudi	1	haridwar
2266	shri-swami-dharamdas-bhawan	1	haridwar
2267	shrigo	1	haridwar
2268	shrigo-pushpa-residency	1	haridwar
2269	sitara-economy-the-pacific	1	haridwar
2270	sitara-grand-chhota-simla	1	haridwar
2271	sitara-hotels-resorts-a-lavish-luxury-stay-haridwar	1	haridwar
2272	sitara-premium-la-meridian	1	haridwar
2273	sitara-premium-the-meridian	1	haridwar
2274	sitara-premium-the-ramawati	1	haridwar
2275	siya-ram-by-akc-hotels	1	haridwar
2276	siya-ram-by-dp-hotels	1	haridwar
2277	sjh-venkatesh	1	haridwar
2278	sky-liner-retreat-cozy-home-stay-near-ganga-ghat	1	haridwar
2279	spot-on-74956-dev-ganga-homestay	1	haridwar
2280	spot-on-luxury	1	haridwar
2281	spot-on-sawariya-home-stay	1	haridwar
2282	spot-on-shyam-dharamshala	1	haridwar
2283	spring-sky-by-shrigo-hotels	1	haridwar
2284	sr-grand	1	haridwar
2285	sri-gautam-ashram-dharamshala	1	haridwar
2286	ssk-periwal	1	haridwar
2287	staygo-near-railway-station	1	haridwar
2288	sterling-mantra	1	haridwar
2289	sudhanshu-travells-and-hotels	1	haridwar
2290	sukhdham-yatri-bhavan	1	haridwar
2291	sukoon-by-the-ganges-a-unit-of-perfectstayz	1	haridwar
2292	sukoon-by-the-ganges-with-private-ganga-ghat	1	haridwar
2293	sun	1	haridwar
2294	suncity	1	haridwar
2295	sunshine	1	haridwar
2296	sunshine-mandakini	1	haridwar
2297	sunview-home-stay	1	haridwar
2298	super-o-jwalapur-near-prem-ashram	1	haridwar
2299	super-townhouse-vishwakarma-ghat-formerly-aagman	1	haridwar
2300	suryoday	1	haridwar
2301	suvidha-deluxe	1	haridwar
2302	swagat	1	haridwar
2303	swagat-haridwar	1	haridwar
2304	swagat-suites	1	haridwar
2305	tanish	1	haridwar
2306	tara-bliss	1	haridwar
2307	teerth	1	haridwar
2308	thakur-ji	1	haridwar
2309	the-abhyudyam-ganga	1	haridwar
2310	the-abhyudyam-ganga-haridwar	1	haridwar
2311	the-ashok-vatika-farms-and-stay	1	haridwar
2312	the-byke-sun-hardiwar	1	haridwar
2313	the-castle-view	1	haridwar
2314	the-divine-ganga-hot-selling-property-in	1	haridwar
2315	the-fern-residency-haridwar	1	haridwar
2316	the-forest-hill	1	haridwar
2317	the-four-season-a-boutique-wellness-cottage-by-aura-in	1	haridwar
2318	the-ganga-atithi-home-stay	1	haridwar
2319	the-ganga-castle	1	haridwar
2320	the-ganga-divine-a-family	1	haridwar
2321	the-ganga-view-by-wooibhotels	1	haridwar
2322	the-ganga-view-top-selling-property-in	1	haridwar
2323	the-gold-regency	1	haridwar
2324	the-gopi	1	haridwar
2325	the-great-ananda	1	haridwar
2326	the-haveli-hari-ganga-by-leisure-hotels	1	haridwar
2327	the-heights	1	haridwar
2328	the-inspira	1	haridwar
2329	the-latitude-luxury	1	haridwar
2330	the-moksh	1	haridwar
2331	the-nagpal-hotel	1	haridwar
2332	the-pacific-best-selling-hotel-in	1	haridwar
2333	the-pacific-grand	1	haridwar
2334	the-pacific-grand-249201	1	haridwar
2335	the-pacific-grand-haridwar	1	haridwar
2336	the-pacific-managed-by-sitara-group	1	haridwar
2337	the-pacific-paradise	1	haridwar
2338	the-palace-inn	1	haridwar
2339	the-palm-bless-a-luxury-hotel	1	haridwar
2340	the-palm-bliss-by-opera-hospitality	1	haridwar
2341	the-rama-luxury-ac-rooms-prime-location-parking	1	haridwar
2342	the-ramawati-a-four-star-luxury-near-ganga-ghat	1	haridwar
2343	the-reo-lodge	1	haridwar
2344	the-reo-lodge-haridwar	1	haridwar
2345	the-reo-palace	1	haridwar
2346	the-reo-twist	1	haridwar
2347	the-reo-twist-haridwar	1	haridwar
2348	the-reverent-ganga	1	haridwar
2349	the-rio	1	haridwar
2350	the-rio-lodge	1	haridwar
2351	the-savera-house-serenity-comfort-in-the-heart-of	1	haridwar
2352	the-shri-shyam-prime-main-har-ki-pauri	1	haridwar
2353	the-teerath-view-near-har-ke-pauri-road	1	haridwar
2354	the-tirath-view	1	haridwar
2355	the-trimurti-heritage	1	haridwar
2356	the-urmi-haridwar	1	haridwar
2357	the-ushmaya	1	haridwar
2358	the-vrnda-heritage-haridwar	1	haridwar
2359	townhouse-near-har-ki-pauri	1	haridwar
2360	townhouse-ranipur-mor	1	haridwar
2361	treebo-tropical-roots-bhupatwala	1	haridwar
2362	treebo-vibhav-marriott	1	haridwar
2363	trimurti	1	haridwar
2364	trimurti-palace	1	haridwar
2365	trishul	1	haridwar
2366	triyugi	1	haridwar
2367	triyugi-haridwar	1	haridwar
2368	trpotels-sudarshan	1	haridwar
2369	tushar	1	haridwar
2370	udman	1	haridwar
2371	udman-by-ferns-n-petals	1	haridwar
2372	umra-grace-in-by-perfect-stayz	1	haridwar
2373	upavan-in	1	haridwar
2374	uvs-homestay	1	haridwar
2375	vaibhav-residence	1	haridwar
2376	vantara-premium-haridwar-with-swimming-pool	1	haridwar
2377	vasudevay	1	haridwar
2378	vasundhara	1	haridwar
2379	vasundhara-1	1	haridwar
2380	vb-hotels	1	haridwar
2381	vedantam	1	haridwar
2382	vedantam-1	1	haridwar
2383	vedantam-haridwar	1	haridwar
2384	vedic-stays	1	haridwar
2385	vedik-kaaya	1	haridwar
2386	vibhav-grand	1	haridwar
2387	vijay-lakshmi	1	haridwar
2388	vijay-laxmi	1	haridwar
2389	vijayvardhan	1	haridwar
2390	villa-ganga-bliss	1	haridwar
2391	villa-jindals	1	haridwar
2392	villa-masanori-homestays-shivalik	1	haridwar
2393	villa-namaya-retreat-luxury-pool	1	haridwar
2394	villa-santosh-vatika-haridwar	1	haridwar
2395	villa-saraswati	1	haridwar
2396	villa-sri-chetan-jyoti-ashram	1	haridwar
2397	villa-tourist	1	haridwar
2398	vinayak	1	haridwar
2399	vinayak-grand	1	haridwar
2400	vinayak-haridwar	1	haridwar
2401	vinyasa-peaceful-2bhk-nh-hari-ki-pauri	1	haridwar
2402	vishwanath	1	haridwar
2403	vivaan-regency	1	haridwar
2404	vrindavan-hari	1	haridwar
2405	w-grand-a-boutique-hotel	1	haridwar
2406	w-h-premium-a-family-hotel-near-mansa-mata-temple	1	haridwar
2407	wanna-stay-haridwar	1	haridwar
2408	wisteria	1	haridwar
2409	wonder-hills-har-ki-pauri-road	1	haridwar
2410	wooibhotels-the-divine-ganga	1	haridwar
2411	wow-stayz2-jahanvi-dale	1	haridwar
2412	yashail	1	haridwar
2413	yatri-niwas	1	haridwar
2414	zox-haridwar	1	haridwar
2415	85-the-ganges-2-bhk-apartment-for-homestay	0	rishikesh
2416	aarohan-by-ganga-kripa-a-luxury-cottage	1	rishikesh
2417	aarti-home-stay-tapovan	1	rishikesh
2418	adventure-bear-buddies	1	rishikesh
2419	amoha-homes-yashas-3bhk-apartment	1	rishikesh
2420	amoha-homestay	0	rishikesh
2421	apartments-two-bedroom-apartment	1	rishikesh
2422	artist-valley-homestay	1	rishikesh
2423	ashutosh-payals-house	1	rishikesh
2424	baidehi-cottage-peaceful-nature-cottage-retreat	1	rishikesh
2425	bhajan-ashram-neelkanth	1	rishikesh
2426	bharat-villa-homestay	1	rishikesh
2427	bird-s-nest-and-nature-stay	1	rishikesh
2428	birds-the-jungle-retreat-rishikesh-resort-camp	1	rishikesh
2429	bougainvillea-cottage-farmstay	1	rishikesh
2430	capital-o-69855-dream-valley-resort	1	rishikesh
2431	capital-o-76444-hotel-hill-top-inn	1	rishikesh
2432	capital-o-79235-fog-hills-resort-and-spa	1	rishikesh
2433	chemistry-stays	1	rishikesh
2434	cloud-inn-resort	1	rishikesh
2435	collection-o-1963-gayatri-resort	1	rishikesh
2436	collection-o-4-musafir-hotel	1	rishikesh
2437	collection-o-75543-sparsh-ganga	1	rishikesh
2438	eagle-nest-guest-house	1	rishikesh
2439	elysium-homestay	1	rishikesh
2440	fabexpress-ramanuj-cottage	1	rishikesh
2441	fabhotel-grand-aryavart	1	rishikesh
2442	fabhotel-river-beach-resort	1	rishikesh
2443	fabhotel-rudra	1	rishikesh
2444	fabhotel-shivaay-paradise	1	rishikesh
2445	friendz-adda-resort-rishikesh	1	rishikesh
2446	ganga-view-luxury-3bhk-apartment-rishikesh	1	rishikesh
2447	gangdwaram-apartment	0	rishikesh
2448	goel-villa	1	rishikesh
2449	gopinath-seva-foundation-managed-by-grihasaarthi-pvt-ltd	1	rishikesh
2450	guru-homestay	1	rishikesh
2451	heart-beat-resort	1	rishikesh
2452	himalayan-foothills	1	rishikesh
2453	hotel-hrishikesh-high	1	rishikesh
2454	hotel-manohar	1	rishikesh
2455	hotel-neelkanth	1	rishikesh
2456	hotel-o-by-oyo-club99-hotel-rooftop-cafe	1	rishikesh
2457	hotel-o-by-oyo-divine-residency	1	rishikesh
2458	hotel-o-by-oyo-tapovan	1	rishikesh
2459	hotel-o-chauhan	1	rishikesh
2460	hotel-o-shivpuri-rishikesh	1	rishikesh
2461	hotel-royale-hills	1	rishikesh
2462	hotel-sun-view	1	rishikesh
2463	hotel-sun-view-6wulk	1	rishikesh
2464	hotel-tapobhumi-mani	1	rishikesh
2465	hotel-tapodhara	1	rishikesh
2466	hotel-the-rivanta	1	rishikesh
2467	house-of-prashakti	1	rishikesh
2468	john-3-16-homestay-by-fabsouk-tapovan-rishikesh	1	rishikesh
2469	kailasham-homestay	1	rishikesh
2470	kamlodabhavi-resort	1	rishikesh
2471	karamya-homes	1	rishikesh
2472	kunjapuri-camps	1	rishikesh
2473	kyarki-resort	1	rishikesh
2474	live-on-rkh331	1	rishikesh
2475	luxury-3-bedroom-s-apartment	1	rishikesh
2476	luxury-4-bedroom-s-apartment	1	rishikesh
2477	luxury-cottage-by-itvara-2-bedrooms-near-ganges	0	rishikesh
2478	luxury-cottage-by-itvara-4-bedrooms-near-ganges	1	rishikesh
2479	madhvm-by-the-ganges	1	rishikesh
2480	magic-stone-resort	1	rishikesh
2481	mini-sparrow-homestay-rishikesh-haridwar-airport	1	rishikesh
2482	mj-river-resort-by-dls-hotels	1	rishikesh
2483	mokshda-premium-hotel-restaurant	1	rishikesh
2484	moustache-select-rishikesh-mohanchatti	1	rishikesh
2485	my-new-life-yoga-retreat-center	1	rishikesh
2486	n3n-ganga-retreat-by-stotrak-pyvqy	1	rishikesh
2487	nature-village-resort	0	rishikesh
2488	neelkanth-vatika-home-stay	1	rishikesh
2489	neer-buddha-hotel	1	rishikesh
2490	og-life-hostel	1	rishikesh
2491	orraica-206-entire-apartment-in-tapovan	0	rishikesh
2492	orraica-207-apartment-in-tapovan	1	rishikesh
2493	oyo-13237-hotel-paradise-ganga	1	rishikesh
2494	oyo-15475-rendezvous-resorts	1	rishikesh
2495	oyo-26597-manthan-resort	1	rishikesh
2496	oyo-30598-hotel-rudra-palace	1	rishikesh
2497	oyo-30954-rendezvous-luxury-camps	1	rishikesh
2498	oyo-3492-anandam-resort	1	rishikesh
2499	oyo-36125-dark-wood-adventure-camps	1	rishikesh
2500	oyo-37850-ugte-hotel-restaurant	1	rishikesh
2501	oyo-38100-yaduvansi-shiva-hotels	1	rishikesh
2502	oyo-39315-the-river-lap-bamboo-cottagee	1	rishikesh
2503	oyo-40057-adventure-paradise-eco-camps-cottages	1	rishikesh
2504	oyo-41948-hotel-mj-inn	1	rishikesh
2505	oyo-42783-hotel-grand-aryavart	1	rishikesh
2506	oyo-4288-hotel-padmini-palace	1	rishikesh
2507	oyo-4475-hotel-akash-continental	1	rishikesh
2508	oyo-88426-suprise-hotel-and-restaurant	1	rishikesh
2509	oyo-90091-natures-walks	1	rishikesh
2510	oyo-delhi-homes	1	rishikesh
2511	oyo-gayatri-resort	1	rishikesh
2512	oyo-home-18386-cosy-stay-dehradun-airport	1	rishikesh
2513	oyo-hotel-ganga-blossom	1	rishikesh
2514	oyo-hotel-ganga-darshan	1	rishikesh
2515	oyo-hotel-spring-dale	1	rishikesh
2516	oyo-little-heaven	1	rishikesh
2517	oyo-tapovan-homestay	1	rishikesh
2518	oyo-tapovan-vatika	1	rishikesh
2519	oyo-the-peaks-of-himalaya	1	rishikesh
2520	pacific-inn-360-degree-resort-rishikesh	1	rishikesh
2521	peaceful-poses-ayurveda-yoga-retreat	1	rishikesh
2522	pop-hotel-ganga-vardaan	1	rishikesh
2523	prefab-nest-homestay	1	rishikesh
2524	prideinn-luxury-resort	1	rishikesh
2525	prop-live-under-rkh335	1	rishikesh
2526	qcent-bairagarh-resort-rishikesh	1	rishikesh
2527	rasa-the-ganges-rishikesh-ganga-bhumi-apartment	0	rishikesh
2528	rishikesh-home-stay	1	rishikesh
2529	rudra-adventures-puijw	1	rishikesh
2530	saintsvalley-hotels-tapovan-by-lovely-hospitality	1	rishikesh
2531	sankara-homestay	1	rishikesh
2532	satyasthal	1	rishikesh
2533	saumya-a-natural-habitat	1	rishikesh
2534	serene-forest-escape-ashutosh-homestay-thano	0	rishikesh
2535	shangrila-hills-homestay	1	rishikesh
2536	shivpuri-hills-camps	1	rishikesh
2537	shivpuri-rishikesh	1	rishikesh
2538	shree-g-cottage-rishikesh	1	rishikesh
2539	shri-hemkund-apartment	1	rishikesh
2540	shri-vrindavan-resort	1	rishikesh
2541	shri-vyas-homestays	1	rishikesh
2542	siddheshwar	1	rishikesh
2543	silver-river-resort	1	rishikesh
2544	spot-on-75975-gita-ashram	1	rishikesh
2545	spot-on-by-oyo-chandra-s-residence	1	rishikesh
2546	stayvista-at-echoes-of-ease	1	rishikesh
2547	sunburry-hotel-tapovan-rishikesh	1	rishikesh
2548	sundowner-stay-homestay-in-rishikesh	1	rishikesh
2549	super-oyo-flagship-hotel-ayansh-residency	1	rishikesh
2550	tapovan-homestay	0	rishikesh
2551	the-army-house-a-serene-homestay-with-river-views	1	rishikesh
2552	the-cozy-homes-3bhk	1	rishikesh
2553	the-ganga-bliss-rishikesh	1	rishikesh
2554	the-hill-mount-resort	1	rishikesh
2555	the-odin-cottage-rishikesh	1	rishikesh
2556	the-odin-cottages-rishikesh	1	rishikesh
2557	the-palm-bliss-resort	1	rishikesh
2558	the-sunrise-villa-homestay	0	rishikesh
2559	tiaraa-lite-a-ganges-retreat	1	rishikesh
2560	tripli-hotels-lavanya-hills	1	rishikesh
2561	tripli-hotels-sukritham	1	rishikesh
2562	veda-luxurious-4bhk-with-ganga-hill-view	1	rishikesh
2563	vedanjana	1	rishikesh
2564	vileen-rishikesh-a-wellness-resort-by-ganga-kinare	1	rishikesh
2565	wild-retreat-resort-yamkeshwar	1	rishikesh
2566	yog1-rishikesh	1	rishikesh
2567	yogvan-holiday-s-1bhk-sunlit-apartment-tapovan	0	rishikesh
2568	yogvan-holiday-s-1bhk-sunrise-apartment-tapovan	0	rishikesh
2569	yugm-homes	1	rishikesh
2570	adinath-guest-house	1	haridwar
2571	alpine-forest-luxury-boutique-homestay-haridwar	1	haridwar
2572	basantidevi-yatri-nivas-haridwar	1	haridwar
2573	blue-bella-boutique-hotel-haridwar	1	haridwar
2574	capital-o-13727-hotel-aarogyam-suites	1	haridwar
2575	capital-o-23795-hotel-ganpati-palace	1	haridwar
2576	capital-o-2805-hotel-jasmine	1	haridwar
2577	capital-o-84795-hotel-costa-riviera	1	haridwar
2578	capital-o-87512-hotel-city-view	1	haridwar
2579	capital-o-by-oyo-pavani-inn	1	haridwar
2580	capital-o-hotel-grand	1	haridwar
2581	capital-o-hotel-pink-paradise	1	haridwar
2582	capital-o-hotel-trishul-grand	1	haridwar
2583	capital-o-hrd347-divine-inn-haridwar	1	haridwar
2584	capital-o-sawera-guest-house	1	haridwar
2585	collection-o-30916-agk-residency	1	haridwar
2586	collection-o-all-season-stayz	1	haridwar
2587	collection-o-hotel-incarnation	1	haridwar
2588	dls-ganga-bliss-haridwar	1	haridwar
2589	fabexpress-park-residency-i	1	haridwar
2590	fabexpress-royal-stays	1	haridwar
2591	fabhotel-ganga-heights	1	haridwar
2592	fabhotel-heaven-palace	1	haridwar
2593	fabhotel-naina-residency	1	haridwar
2594	fabhotel-the-orient	1	haridwar
2595	flagship-14975-city-guest-house	1	haridwar
2596	flagship-gangotri-guest-house	1	haridwar
2597	flagship-hotel-aastha-palace	1	haridwar
2598	flagship-hotel-basera	1	haridwar
2599	flagship-hotel-elite-inn	1	haridwar
2600	flagship-hotel-goverdhan-palace	1	haridwar
2601	flagship-hotel-sky	1	haridwar
2602	flagship-hotel-surya	1	haridwar
2603	four-leaf-service-suites-haridwar	1	haridwar
2604	ganga-heritage-by-howard-cibig	1	haridwar
2605	ganga-vista-homestay-in-haridwar	1	haridwar
2606	gita-bhawan-elegant-escape	1	haridwar
2607	hotel-astro	1	haridwar
2608	hotel-balaji	1	haridwar
2609	hotel-basanti	1	haridwar
2610	hotel-comfort-inn	1	haridwar
2611	hotel-comfort-inn-ganga-gauri-hotels	1	haridwar
2612	hotel-gagan-deep	1	haridwar
2613	hotel-happy-stay-haridwar	1	haridwar
2614	hotel-jahanvi-dale	1	haridwar
2615	hotel-le-roi-haridwar	1	haridwar
2616	hotel-moon	1	haridwar
2617	hotel-o-alpen-rose	1	haridwar
2618	hotel-o-apsara	1	haridwar
2619	hotel-o-by-oyo-classy-home-stay	1	haridwar
2620	hotel-o-by-oyo-ganges-glory	1	haridwar
2621	hotel-o-by-oyo-pdi-health-resorts	1	haridwar
2622	hotel-o-by-oyo-pearl-motichur-railway-station	1	haridwar
2623	hotel-o-by-oyo-r1-home-stay-jwalapur-railway-station	1	haridwar
2624	hotel-o-by-oyo-radhika	1	haridwar
2625	hotel-o-de-oreal	1	haridwar
2626	hotel-o-la-vista	1	haridwar
2627	hotel-o-megha-yatri-niwas	1	haridwar
2628	hotel-o-shri-bankey-bihari-hotel	1	haridwar
2629	hotel-orchid-vue	1	haridwar
2630	hotel-shreya-galaxy	1	haridwar
2631	hotel-sky-high-by-t-and-m-hotels	1	haridwar
2632	hotel-the-city-star	1	haridwar
2633	live-on-hrd122	1	haridwar
2634	live-under-hrd493	1	haridwar
2635	live-with-new-code-hrd494	1	haridwar
2636	luxe-1-br-hideaway-apartment-by-the-manstays	1	haridwar
2637	manu-floral-family-home	1	haridwar
2638	namaste-haridwar-by-oran-hotels	1	haridwar
2639	oyo-12400-hotel-prem	1	haridwar
2640	oyo-16815-hotel-suresha	1	haridwar
2641	oyo-2004-regenta-orko-s	1	haridwar
2642	oyo-23302-new-delhi-guest-house	1	haridwar
2643	oyo-24473-anuradha-palace	1	haridwar
2644	oyo-24560-hotel-shree-mangalam	1	haridwar
2645	oyo-2803-hotel-the-rio	1	haridwar
2646	oyo-28228-natraj	1	haridwar
2647	oyo-2861-the-metropole	1	haridwar
2648	oyo-29196-lords-plaza	1	haridwar
2649	oyo-29354-royal-guest-house	1	haridwar
2650	oyo-30850-hotel-hira	1	haridwar
2651	oyo-3265-hotel-ganga-view	1	haridwar
2652	oyo-35383-hotel-city-heart	1	haridwar
2653	oyo-37548-hotel-kailash-deluxe	1	haridwar
2654	oyo-38111-hotel-hari	1	haridwar
2655	oyo-39537-hotel-magan	1	haridwar
2656	oyo-4293-leroi-haridwar	1	haridwar
2657	oyo-4319-hotel-the-periwal	1	haridwar
2658	oyo-47190-bhameshwari-dham	1	haridwar
2659	oyo-47529-red-star-guest-house	1	haridwar
2660	oyo-47648-wondernext	1	haridwar
2661	oyo-4798-hotel-periwal-premium	1	haridwar
2662	oyo-48507-hotel-gayatri-delux	1	haridwar
2663	oyo-48693-hotel-harihar	1	haridwar
2664	oyo-49030-hotel-sagar-moorti	1	haridwar
2665	oyo-49031-hotel-vikas	1	haridwar
2666	oyo-49160-hotel-dwarika-inn	1	haridwar
2667	oyo-49638-hotel-city-star	1	haridwar
2668	oyo-5825-hotel-la-casa-haridwar	1	haridwar
2669	oyo-5866-hotel-imperial-blue	1	haridwar
2670	oyo-5937-hotel-blue-castle	1	haridwar
2671	oyo-63648-hotel-new-chotiwala	1	haridwar
2672	oyo-6827-hotel-mehfil-inn	1	haridwar
2673	oyo-68961-gopal-bhawan	1	haridwar
2674	oyo-69118-hotel-relax	1	haridwar
2675	oyo-70845-pool-guest-house	1	haridwar
2676	oyo-72143-hotel-prem-deep	1	haridwar
2677	oyo-73331-hotel-radha-swami	1	haridwar
2678	oyo-7404-hotel-sunshine-haridwar	1	haridwar
2679	oyo-74598-hotel-kisaan	1	haridwar
2680	oyo-76440-rajput-panchayat-vishram-grah	1	haridwar
2681	oyo-76465-hotel-the-leaf-inn	1	haridwar
2682	oyo-80848-mandakini-guest-house	1	haridwar
2683	oyo-81143-hotel-kamla-palace	1	haridwar
2684	oyo-88383	1	haridwar
2685	oyo-90312-go-foodie-hotel-cum-restaurant	1	haridwar
2686	oyo-941-hotel-dream-land-haridwar	1	haridwar
2687	oyo-9844-hotel-hill-view	1	haridwar
2688	oyo-flagship-28000-hotel-shivay-residency	1	haridwar
2689	oyo-flagship-74462-hotel-gagandeep	1	haridwar
2690	oyo-flagship-hotel-green-apple	1	haridwar
2691	oyo-flagship-hotel-jai-ho	1	haridwar
2692	oyo-flagship-shiv-shakti	1	haridwar
2693	oyo-ganga-valley-guest-house	1	haridwar
2694	oyo-hotel-ambar-palace	1	haridwar
2695	oyo-hotel-city-delux	1	haridwar
2696	oyo-hotel-indian-era	1	haridwar
2697	oyo-hotel-nekiram	1	haridwar
2698	oyo-hotel-s-d-palace	1	haridwar
2699	oyo-hotel-tejasvi	1	haridwar
2700	oyo-hotel-vinayak-grand	1	haridwar
2701	oyo-prakash-guest-house	1	haridwar
2702	oyo-room-056-near-har-ki-pauri-ghat	1	haridwar
2703	oyo-rooms-046-clarks-inn-haridwar	1	haridwar
2704	oyo-royal-plaza	1	haridwar
2705	peaceful-homestay-in-haridwar-balcony-view	0	haridwar
2706	pop-80809d-pearl-grand-hotel	1	haridwar
2707	prop-going-live-with-new-code-hrd479	1	haridwar
2708	prop-live-in-hrd468	1	haridwar
2709	regenta-orkos-haridwar	1	haridwar
2710	shiv-ganga-homestay-mroii	1	haridwar
2711	shiwalik-grand-5-bed-room-luxurious-homestay	1	haridwar
2712	shiwalik-grand-7bedroom-luxurious-homestay	1	haridwar
2713	shreshth-home-stay-haridwar	1	haridwar
2714	spot-on-40326-hotel-balaji	1	haridwar
2715	spot-on-73057-hotel-choti-wala	1	haridwar
2716	spot-on-75654-yogananda-panchkarma-krndra	1	haridwar
2717	spot-on-809721-ojasvi-in	1	haridwar
2718	spot-on-mayank-saini-guest-house	1	haridwar
2719	spot-on-muskaan-guest-house	1	haridwar
2720	sterling-mantra-haridwar	1	haridwar
2721	sunnyside-up-homestay	1	haridwar
2722	the-aurum-park-haridwar	1	haridwar
2723	the-grand-lajja	1	haridwar
2724	townhouse-by-oyo-laksar-road-haridwar-formerly-waliya-hotel	1	haridwar
2725	vanasutra-resort-by-alaya-stays	1	haridwar
2726	villasita	1	haridwar
2727	wonder-hills-hotel	1	haridwar
2728	adventure-guru	1	rishikesh
2729	adventuria-palm-valley	1	rishikesh
2730	amoha-homestay-rishikesh-deluxe-double-room-with-balcony	1	rishikesh
2731	anand-kashi-by-the-ganges-rishikesh-ihcl-seleqtions	1	rishikesh
2732	anandam-camping-by-grb	1	rishikesh
2733	camp-hill-queen	1	rishikesh
2734	camp-nature-view	1	rishikesh
2735	celestia-by-ganga-kripa	1	rishikesh
2736	classic-inn-by-meera-hotels	1	rishikesh
2737	dhruv-homestay	1	rishikesh
2738	eden-rock-river-resort	1	rishikesh
2739	evana-rajaji	1	rishikesh
2740	ganga-darshan-guest-house	1	rishikesh
2741	gooseneck-restaurant-and-hotel	1	rishikesh
2742	gujrada-peaks-home-stay	1	rishikesh
2743	heval-river-cottage-and-rafting-camps	1	rishikesh
2744	hideaway-camp-resort-rishikesh	1	rishikesh
2745	high-bank-himalayan-retreat	1	rishikesh
2746	him-river-resort	1	rishikesh
2747	hotel-amar-dil-grand	1	rishikesh
2748	hotel-celestial-ganges	1	rishikesh
2749	hotel-divya-ganga	1	rishikesh
2750	hotel-ganesha-inn-rishikesh	1	rishikesh
2751	hotel-limestarow	1	rishikesh
2752	hotel-mansha-ganga-rishikesh	1	rishikesh
2753	hotel-mantra-best-hill-view-hotel-in-rishikesh-couple-friendly-hotel-i	1	rishikesh
2754	hotel-ramayan-inn	1	rishikesh
2755	hotel-royal-plaza	1	rishikesh
2756	hotel-s-r-p-rishikesh	1	rishikesh
2757	hotel-shaurya-rishikesh	1	rishikesh
2758	hotel-shiv-palace-yoga-world-retreat	1	rishikesh
2759	hotel-shivalik-inn	1	rishikesh
2760	hotel-the-president-rishikesh	1	rishikesh
2761	hotel-veda-inn-by-blue-lotus	1	rishikesh
2762	ima-ganga-hotel	1	rishikesh
2763	indira-homestay	1	rishikesh
2764	ixora-villa	1	rishikesh
2765	janki-homestay-rishikesh-laxman-jhula	1	rishikesh
2766	jr-room-s	1	rishikesh
2767	js-souvenir	1	rishikesh
2768	junegiri-farms-and-homestay	1	rishikesh
2769	jungle-lore-camp-resort-retreat	1	rishikesh
2770	kalakriti-cottage	1	rishikesh
2771	karwaan-homestay-deluxe-double-room-with-balcony	1	rishikesh
2772	kunjapuri-homestay	1	rishikesh
2773	luxury-cottage-by-itvara-villa	1	rishikesh
2774	mini-swiss-resort	1	rishikesh
2775	mount-river-valley-camping	1	rishikesh
2776	naqsh-resort	1	rishikesh
2777	nature-heaven-resort	1	rishikesh
2778	nemesia-resort-spa-rishikesh	1	rishikesh
2779	oneness-rishikesh-by-ganga-kinare-a-luxury-wilderness-resort	1	rishikesh
2780	osho-bliss-homestay	1	rishikesh
2781	rajaji-forest-castle-rfc	1	rishikesh
2782	rana-adventure	1	rishikesh
2783	revathi-resorts	1	rishikesh
2784	riverstone-camps-and-resorts	1	rishikesh
2785	santram-homestay	1	rishikesh
2786	solitude-homestay	1	rishikesh
2787	sparsh-ganga-cottages-resort	1	rishikesh
2788	squirrel-shambhu-home-stay	1	rishikesh
2789	sri-darshan-cottage	1	rishikesh
2790	starihotels-rishikesh	1	rishikesh
2791	the-green-icon-resort-a-feel-of-heaven	1	rishikesh
2792	the-nines-resort	1	rishikesh
2793	the-pahadi-trail	1	rishikesh
2794	the-palm-view-resort	1	rishikesh
2795	the-palms-resort	1	rishikesh
2796	the-seven-hills-resort	1	rishikesh
2797	vedant-hotel	1	rishikesh
2798	vedika-home-stay-family-only	1	rishikesh
2799	welcomheritage-arka-resort-and-spa	1	rishikesh
2800	anant-hotel	1	haridwar
2801	bhaskar-hotel	1	haridwar
2802	dharma-ganga-cottages	1	haridwar
2803	divine-homestay-family-suite-with-balcony	1	haridwar
2804	gangabhumi-homestay-haridwar-india	1	haridwar
2805	hk-guest-house	1	haridwar
2806	hotel-aadvik-inn	1	haridwar
2807	hotel-basera-near-gujarati-samaj-haridwar	1	haridwar
2808	hotel-deva	1	haridwar
2809	hotel-dzire	1	haridwar
2810	hotel-friends	1	haridwar
2811	hotel-ganga-gaurav	1	haridwar
2812	hotel-ganges-view	1	haridwar
2813	hotel-god-grace	1	haridwar
2814	hotel-harihar	1	haridwar
2815	hotel-jp-regency	1	haridwar
2816	hotel-le-central-haridwar	1	haridwar
2817	hotel-maya-inn	1	haridwar
2818	hotel-mayur	1	haridwar
2819	hotel-nihal-inn	1	haridwar
2820	hotel-nitya-shree-dham	1	haridwar
2821	hotel-o-haridwar-formerly-shanti-kunj	1	haridwar
2822	hotel-o-la-plazo	1	haridwar
2823	hotel-parakh	1	haridwar
2824	hotel-park-view	1	haridwar
2825	hotel-rahi-motel-gmvn	1	haridwar
2826	hotel-rajat-residency	1	haridwar
2827	hotel-rudraksh-inn	1	haridwar
2828	hotel-santosh-regency	1	haridwar
2829	hotel-sanyal-inn	1	haridwar
2830	hotel-savitrilok	1	haridwar
2831	hotel-teertham	1	haridwar
2832	jhilmil-jungle-resort	1	haridwar
2833	lala-ved-prakash-mehta-dharmshala	1	haridwar
2834	mohans-inn	1	haridwar
2835	narayan-bhawan-haridwar	1	haridwar
2836	oyo-flagship-48323-hotel-dwarkadhish	1	haridwar
2837	room	1	haridwar
2838	royal-guest-house	1	haridwar
2839	shree-nandeshwar-vatika	1	haridwar
2840	shreeniwas-guest-house	1	haridwar
2841	shri-banke-bihari-guest-house	1	haridwar
2842	2-bedroom-apartment-in-enchanting-rishikesh-with-ac-wifi	1	rishikesh
2843	2bhk-flat-peaceful-rishikesh-stay-apartment	1	rishikesh
2844	2bhk-home-in-rishikesh-whispering-birds-homestay	1	rishikesh
2845	85-the-ganges-2-bhk-apartment-for-homestay-two-bedroom-apartment	1	rishikesh
2846	aashoka-hotel	1	rishikesh
2847	aashray-homestay	1	rishikesh
2848	ab-tropical-stays-tapovan-rishikesh	1	rishikesh
2849	adven-himalaya	1	rishikesh
2850	agrawal-dharamshala	1	rishikesh
2851	airport-luxury-nature-homestay-near-jolly-grant-airport-dehradun-doubl	1	rishikesh
2852	airport-luxury-nature-valley-homestay-best-luxury-room-near-jolly-gran	1	rishikesh
2853	alaya-stays-bydm-the-sky-heaven	1	rishikesh
2854	aloha-on-the-ganges-1bhk-peaceful-apartment-the-nest-one-bedroom-apart	1	rishikesh
2855	aloha-pure-nature	1	rishikesh
2856	amazica-resort	1	rishikesh
2857	amoha-homestay-rishikesh-deluxe-room	1	rishikesh
2858	amritara-chakra-river-resort	1	rishikesh
2859	ananda-hotel	1	rishikesh
2860	anandvan	1	rishikesh
2861	anchal-homestay-restaurant	1	rishikesh
2862	aniganges-one-bedroom-apartment	1	rishikesh
2863	annjal-by-ganga-kripa-two-bedroom-apartment	1	rishikesh
2864	aqua-tree-resort	1	rishikesh
2865	ashirwad-niwas	1	rishikesh
2866	astoria-banjara-tola-camp-resort	1	rishikesh
2867	atithi-home-stay-rishikesh	1	rishikesh
2868	atreya-boutique-cottage-near-tapovan-suite-with-balcony	1	rishikesh
2869	atullyam-apartments	1	rishikesh
2870	aura-river-resort-camping-in-rishikesh	1	rishikesh
2871	ayansh-home-stay	1	rishikesh
2872	ayn-ayurveda-village	1	rishikesh
2873	ayur-park	1	rishikesh
2874	banjara-tola-camps	1	rishikesh
2875	basera-homestay	1	rishikesh
2876	basta-pack-adventure	1	rishikesh
2877	bhandari-homestay-double-room	1	rishikesh
2878	bharat-bhoomi-tourist-complex-gmvn	1	rishikesh
2879	bhartiya-sanskriti-homestay	1	rishikesh
2880	bld-restaurant-and-home-stay	1	rishikesh
2881	blissful-mountain-homestay	1	rishikesh
2882	blooming-inn	1	rishikesh
2883	blue-heaven-camp	1	rishikesh
2884	blue-jay-camps	1	rishikesh
2885	blue-nature-camping-and-resorts	1	rishikesh
2886	blue-nature-camping-resorts	1	rishikesh
2887	boho-ghar-2bhk-near-ganges-two-bedroom-apartment	1	rishikesh
2888	brothers-resort	1	rishikesh
2889	buddy-s-nest-homestay	1	rishikesh
2890	buddysnest-by-the-anand-homes-two-bedroom-apartment-with-balcony	1	rishikesh
2891	camp-at-rishikesh	1	rishikesh
2892	camp-hi-wall-by-indus-tent	1	rishikesh
2893	camp-hills-adventure	1	rishikesh
2894	camp-in-shivpuri-by	1	rishikesh
2895	camp-leopard-heights	1	rishikesh
2896	camp-magic-stone	1	rishikesh
2897	camp-majestic-luxury-camp-in-rishikesh	1	rishikesh
2898	camp-namaste-rishikesh	1	rishikesh
2899	camp-river-hawk-adventure	1	rishikesh
2900	camp-travel-yatri-rishikesh	1	rishikesh
2901	camping-in-rishikesh	1	rishikesh
2902	camping-in-rishikesh-krkzg	1	rishikesh
2903	camping-river-rafting-in-shivpuri-rishikesh	1	rishikesh
2904	capt-mount-stays-3ge1g	1	rishikesh
2905	chandra-home-stay	1	rishikesh
2906	cheerful-2-bedroom-cottage-with-refreshing-view-pet-friendly	1	rishikesh
2907	chilla-dam	1	rishikesh
2908	clan-boho	1	rishikesh
2909	club-1947	1	rishikesh
2910	collection-o-73047-hotel-jungle-resort	1	rishikesh
2911	comfy-nature-stay	1	rishikesh
2912	conifer-resort	1	rishikesh
2913	cottage-stay-in-rishikesh	1	rishikesh
2914	cradle-of-life-camp-by-la-foret	1	rishikesh
2915	devbhoomi-residency	1	rishikesh
2916	devora-resort	1	rishikesh
2917	dhruv-homestay-budget-single-room	1	rishikesh
2918	dindyaali-stays-cafe	1	rishikesh
2919	dls-hotels-on-the-ganges-rishikesh	1	rishikesh
2920	dream-valley-resort-dehradun	1	rishikesh
2921	ecoterra-serene-resort	1	rishikesh
2922	ecoterra-solace-by-adventuremania	1	rishikesh
2923	ekantam-mountain-cottages	1	rishikesh
2924	entire-floor-luxury-3bedrooms-luxury-flat-kitchen-tapovan-nr-laxman-jh	1	rishikesh
2925	explore-himalayas-managed-by-petals-hotels-and-resorts	1	rishikesh
2926	explore-himalayas-resort	1	rishikesh
2927	foramountain-riverside-resort	1	rishikesh
2928	forrest-delight-villa-homestay	1	rishikesh
2929	ganga-blessings-apartment-two-bedroom-apartment-with-river-view	1	rishikesh
2930	ganga-river-the-homestay	1	rishikesh
2931	ganga-sai-guest-house	1	rishikesh
2932	ganga-view-bungee-retreat	1	rishikesh
2933	ganga-view-homestay	1	rishikesh
2934	ganga-view-resort	1	rishikesh
2935	gangdwaram-apartment-one-bedroom-apartment	1	rishikesh
2936	garden-resort	1	rishikesh
2937	gaur-homes	1	rishikesh
2938	glorious-resort	1	rishikesh
2939	gmvn-tourist-guest-house-rishilok	1	rishikesh
2940	good-vibes-retreat-three-bedroom-apartment	1	rishikesh
2941	gopala-guest-house	1	rishikesh
2942	grand-five-luxury-camps	1	rishikesh
2943	green-cottage-homestay	1	rishikesh
2944	green-heaven-resort-by-natures-hook	1	rishikesh
2945	hanging-cottage	1	rishikesh
2946	harihar-guest-house	1	rishikesh
2947	harihar-niwas-studio-apartment-near-gangaji	1	rishikesh
2948	harihar-niwas-studio-apartment-near-gangaji-6ezk4	1	rishikesh
2949	heaven-in-himalayas	1	rishikesh
2950	heritage-rishikesh-hotel	1	rishikesh
2951	hideaway-adventure-office	1	rishikesh
2952	high-bank-himalayan-retreat-eco-resort	1	rishikesh
2953	hillscape-apartments	1	rishikesh
2954	himalaya-view-homestay	1	rishikesh
2955	himalayan-adventure-camp	1	rishikesh
2956	himalayan-majesty-camp	1	rishikesh
2957	home-stay-the-cozy-corner-rishikesh	1	rishikesh
2958	homestay-at-rishikesh-one-bedroom-apartment	1	rishikesh
2959	homestay-in-rishikesh	1	rishikesh
2960	hopstel-rishikesh	1	rishikesh
2961	hotel-abhinandan-residency	1	rishikesh
2962	hotel-akash-ganga	1	rishikesh
2963	hotel-bhagirathi-inn-tapovan-rishikesh-by-perfect-stayz	1	rishikesh
2964	hotel-chandreshwar	1	rishikesh
2965	hotel-drip-inn-by-rk	1	rishikesh
2966	hotel-falls-street-by-dc-hills	1	rishikesh
2967	hotel-ganga-orbit	1	rishikesh
2968	hotel-gmarks	1	rishikesh
2969	hotel-great-river-ganga	1	rishikesh
2970	hotel-hari-ganga-view	1	rishikesh
2971	hotel-indra-by-classic-crown	1	rishikesh
2972	hotel-jagat-palace	1	rishikesh
2973	hotel-jsr-residency	1	rishikesh
2974	hotel-kailash-ganga	1	rishikesh
2975	hotel-kss-inn	1	rishikesh
2976	hotel-limelight	1	rishikesh
2977	hotel-m-sarthak	1	rishikesh
2978	hotel-madhu-sudan	1	rishikesh
2979	hotel-mahananda	1	rishikesh
2980	hotel-mj-ghai-residency	1	rishikesh
2981	hotel-monal	1	rishikesh
2982	hotel-nanda	1	rishikesh
2983	hotel-nature-s-nook	1	rishikesh
2984	hotel-neer-ambience-by-apz	1	rishikesh
2985	hotel-nivasa-inn	1	rishikesh
2986	hotel-om-blessed-inn	1	rishikesh
2987	hotel-om-palace	1	rishikesh
2988	hotel-once-again	1	rishikesh
2989	hotel-padmini-palace-best-hotel-near-jolly-grant-international-airport	1	rishikesh
2990	hotel-pushp-kunj	1	rishikesh
2991	hotel-rah-inn	1	rishikesh
2992	hotel-rishi-bhoomi-tapovan-rishikesh	1	rishikesh
2993	hotel-sanuj	1	rishikesh
2994	hotel-saukari-s-restaurant	1	rishikesh
2995	hotel-shree-radhe-radhe	1	rishikesh
2996	hotel-shubhra-hieghts	1	rishikesh
2997	hotel-sparsh-ganga	1	rishikesh
2998	hotel-stay-inn-by-riversun-hotels	1	rishikesh
2999	hotel-sunrise	1	rishikesh
3000	hotel-surprise-restaurant	1	rishikesh
3001	hotel-tapasya-jollygrant-airport-dehradun	1	rishikesh
3002	hotel-the-ganga-galaxy	1	rishikesh
3003	hotel-the-grace-a-luxury-accommodation	1	rishikesh
3004	hotel-the-grand-heritage-inn	1	rishikesh
3005	hotel-the-pipal-inn	1	rishikesh
3006	hotel-the-shivraat	1	rishikesh
3007	hotel-trance-ganga	1	rishikesh
3008	hotel-uppal-plaza	1	rishikesh
3009	hotel-vaishali	1	rishikesh
3010	hotel-vasdaa-grand	1	rishikesh
3011	hotel-vedant-and-restaurant	1	rishikesh
3012	hotel-vintage	1	rishikesh
3013	hotel-yeswell	1	rishikesh
3014	hotel-yuvraj-rishikesh	1	rishikesh
3015	hoztel-jollygrrant-doon-near-dehradun-airport	1	rishikesh
3016	hr-26-hotels-resort	1	rishikesh
3017	hr-26-resort-rishikesh	1	rishikesh
3018	ikigai-home	1	rishikesh
3019	india-adventure-wild-nest-camp	1	rishikesh
3020	india-holiday-resort	1	rishikesh
3021	innovative-chic-loft-style-apartment-in-serene-rishikesh-unwind-decomp	1	rishikesh
3022	itharana-retreat	1	rishikesh
3023	itvara-cottage-family-room-with-garden-view	1	rishikesh
3024	jai-shree-resort	1	rishikesh
3025	jaiswal-homestay-rishikesh-deluxe-room-2-adults-1-child	1	rishikesh
3026	jaiswal-homestay-rishikesh-double-room-with-terrace	1	rishikesh
3027	janki-devi-somany-bhawan-guest-house	1	rishikesh
3028	jeevan-utsav-resort	1	rishikesh
3029	jolly-hill-stay	1	rishikesh
3030	jungle-resort	1	rishikesh
3031	k-farms-homestay	1	rishikesh
3032	kanaar-jungle-view-resort	1	rishikesh
3033	kansro-hive	1	rishikesh
3034	kartik-homes-cheerfull-2-bedroom-cottage-with-refreshing-view-two-bedr	1	rishikesh
3035	kedia-resorts-ganga-facing-hotel	1	rishikesh
3036	khushi-s-hotel-wedding-garden	1	rishikesh
3037	kylo-resort	1	rishikesh
3038	labhanshu-homestay	1	rishikesh
3039	lamyali-farm	1	rishikesh
3040	limeport-homestay	1	rishikesh
3041	lovely-homes-rishikesh-one-bedroom-apartment	1	rishikesh
3042	luxurious-2bhk-with-huge-terrace-partial-river-view-two-bedroom-apartm	1	rishikesh
3043	luxurious-mountain-view-apartment-apartment-with-balcony	1	rishikesh
3044	luxury-2bhk-by-bliss-homes-one-bedroom-apartment	1	rishikesh
3045	luxury-cottage-by-itvara-2-bedroom-near-ganges-n	1	rishikesh
3046	luxury-penthouse-with-ganga-view-three-bedroom-apartment	1	rishikesh
3047	maharishi-ayurveda-rishikesh	1	rishikesh
3048	maheshwari-homestay	1	rishikesh
3049	mala-mountain-heights	1	rishikesh
3050	mannat-residency	1	rishikesh
3051	manthan-resort	1	rishikesh
3052	marvel-cottage-shivpuri	1	rishikesh
3053	mj-aero-suites	1	rishikesh
3054	monal-adventure	1	rishikesh
3055	moonlight-camps-resort-rishikesh-standard-triple-room	1	rishikesh
3056	moshams	1	rishikesh
3057	mr-river-resort	1	rishikesh
3058	msk-hotel-restaurant	1	rishikesh
3059	muskan-river-resort	1	rishikesh
3060	nakshatra-resort-luxury-camping-in-rishikesh	1	rishikesh
3061	namami-gange-1bhk-flat-near-ganga-one-bedroom-apartment	1	rishikesh
3062	namami-home-stay	1	rishikesh
3063	nandi-hilltop-resort	1	rishikesh
3064	nandini-homestay-deluxe-double-room	1	rishikesh
3065	natalia-s-homestay-double-room-with-balcony	1	rishikesh
3066	nature-view-resort-rishikesh	1	rishikesh
3067	naturoville-wellness-resort	1	rishikesh
3068	navira-homestay	1	rishikesh
3069	neelkanth-bhawan	1	rishikesh
3070	neelkanth-camps-rishikesh	1	rishikesh
3071	nightingale-cottages	1	rishikesh
3072	ojas-resorts-and-hotels	1	rishikesh
3073	olivia-home-stay	1	rishikesh
3074	one-piece	1	rishikesh
3075	orraica-203-tapovan-near-lakshman-jhula-1-bedroom-apartment-w-kitchen-	1	rishikesh
3076	oyo-home-90387-neelkanth-bhawan	1	rishikesh
3077	ozy-homestay-two-bedroom-apartment	1	rishikesh
3078	paddler-zone-by-kapalin	1	rishikesh
3079	pahadi-baithak	1	rishikesh
3080	panchvati-cottage-route	1	rishikesh
3081	panchwati-luxury-resorts	1	rishikesh
3082	panthar-cottage	1	rishikesh
3083	paradise-hills-resort	1	rishikesh
3084	parvat-homes-luxury-resort-near-dehradun	1	rishikesh
3085	pennylane-rishikesh	1	rishikesh
3086	penthouse-by-the-basera	1	rishikesh
3087	petals-krish-grand-hotel-rishikesh	1	rishikesh
3088	pookiestaysindia-rishikesh	1	rishikesh
3089	prakruti-homestay	1	rishikesh
3090	pratham-homestay	1	rishikesh
3091	prem-basant-homestay	1	rishikesh
3092	pride-inn-by-maps-hospitality	1	rishikesh
3093	punjab-sindh-kshetra-dharmshala-rishikesh	1	rishikesh
3094	radha-krishna-homestay-two-bedroom-apartment	1	rishikesh
3095	raghavs-retreat-rishikesh-two-bedroom-apartment-with-mountain-view	1	rishikesh
3096	rainforest-resort	1	rishikesh
3097	rajaji-forest-inn	1	rishikesh
3098	rajveer	1	rishikesh
3099	ransuli-resort-near-dehradun-and-rishikesh	1	rishikesh
3100	relax-inn	1	rishikesh
3101	rishikesh-central	1	rishikesh
3102	rishikesh-forest-camp	1	rishikesh
3103	rishikesh-heritage-resorts	1	rishikesh
3104	rishikesh-holidays-luxurious-homestay-one-bedroom-apartment	1	rishikesh
3105	rishikesh-nature-retreat-homestay	1	rishikesh
3106	rishikesh-oasis-by-the-ganges-four-bedroom-luxury-apartment	1	rishikesh
3107	rishikesh-radha-krishna-divine-stay	1	rishikesh
3108	rishikesh-wellness-resort	1	rishikesh
3109	river-camp-cottages-rishikesh-economy-cottage-garden-view	1	rishikesh
3110	riverside-camping	1	rishikesh
3111	riviera-resort	1	rishikesh
3112	romanchgiri-adventure-resort	1	rishikesh
3113	romanchgiri-adventure-resort-double-room	1	rishikesh
3114	royal-apartments	1	rishikesh
3115	rumk-homestay	1	rishikesh
3116	saffronstays-timber-nest-twin-pinewood-cottages-with-private-plunge-st	1	rishikesh
3117	sahaj-retreat-a-holistic-wellness-centre	1	rishikesh
3118	sai-ganga-cottage-by-god-valley	1	rishikesh
3119	samsara	1	rishikesh
3120	san-bloom-resort	1	rishikesh
3121	sattva-by-the-ganga	1	rishikesh
3122	sattva-by-the-ganga-x2zjy	1	rishikesh
3123	sattva-the-boutique-cottages	1	rishikesh
3124	shivalik-odyssey	1	rishikesh
3125	shivpuri-adventure-resort-and-camp	1	rishikesh
3126	shivpuri-camping-booking	1	rishikesh
3127	shree-ji-inn-homestay	1	rishikesh
3128	shree-retreat	1	rishikesh
3129	shri-vyas-homestay-tranquility-peace-in-elegance	1	rishikesh
3130	shri-vyas-homestay-tranquility-peace-in-elegance-h4nss	1	rishikesh
3131	shubham-homestays	1	rishikesh
3132	sky-ganga-resort	1	rishikesh
3133	skyline-ridge-homestay	1	rishikesh
3134	sneha-home-stay	1	rishikesh
3135	snow-white-resort-and-camping	1	rishikesh
3136	sogreen-hostel-rishikesh	1	rishikesh
3137	srinivasa-homestay	1	rishikesh
3138	stay-sukoon-cottage-room	1	rishikesh
3139	stay-sukoonn	1	rishikesh
3140	strawbell-residency	1	rishikesh
3141	studio-shiv-villa-rishikesh	1	rishikesh
3142	sukhdev-resort-rishikesh	1	rishikesh
3143	sun-light-apartment-two-bedroom-apartment	1	rishikesh
3144	sunshine-homestay	1	rishikesh
3145	tapovan-height-camp	1	rishikesh
3146	thakur-house	1	rishikesh
3147	the-aravali-resort	1	rishikesh
3148	the-army-house-1-a-luxury-suite-with-river-mountains-view-one-bedroom-	1	rishikesh
3149	the-army-house-6-premium-condo-with-mountain-view-one-bedroom-apartmen	1	rishikesh
3150	the-badal-stops	1	rishikesh
3151	the-blissful-retreat-one-bedroom-apartment	1	rishikesh
3152	the-bougainvillea-cottage-private-2br-farm-stay-with-hill-and-orchard-	1	rishikesh
3153	the-bungalows-river-front-rishikesh	1	rishikesh
3154	the-carnation-mound	1	rishikesh
3155	the-chirping-sal-villa-by-shivstuti-homestays-king-room-with-mountain-	1	rishikesh
3156	the-ganga-bliss-rishikesh-two-bedroom-apartment	1	rishikesh
3157	the-grand-alova-by-wild-heritage	1	rishikesh
3158	the-grand-haveli-resort-by-atya-hotels	1	rishikesh
3159	the-happy-avenue-ii-3-bhk-apartment-three-bedroom-apartment-with-balco	1	rishikesh
3160	the-jungle-view-guest-house-four-bedroom-house	1	rishikesh
3161	the-leela-house-by-qintara-living	1	rishikesh
3162	the-mountain-hut	1	rishikesh
3163	the-neelkanth-resort	1	rishikesh
3164	the-orchid-rishivan-rishikesh	1	rishikesh
3165	the-parth-resort	1	rishikesh
3166	the-riverside-paradise	1	rishikesh
3167	the-roseate-ganges-rishikesh	1	rishikesh
3168	the-roxxy-royal	1	rishikesh
3169	the-royalistiq-rishikesh	1	rishikesh
3170	the-rudraksh-resort	1	rishikesh
3171	the-silhouette	1	rishikesh
3172	the-unicorn-camps	1	rishikesh
3173	the-yachi-s	1	rishikesh
3174	tiger-estate-by-opulence-hotels	1	rishikesh
3175	tripti-cottage	1	rishikesh
3176	trivansh-resort	1	rishikesh
3177	unwind-resort-and-adventure	1	rishikesh
3178	utsav-hotel	1	rishikesh
3179	vaatika-resort-best-resort-in-rishikesh	1	rishikesh
3180	van-vilas-resort-and-spa	1	rishikesh
3181	velvet-valley-resort	1	rishikesh
3182	vimoksha-cottage	1	rishikesh
3183	viraj-homestay-restaurant	1	rishikesh
3184	vishal-home-stay	1	rishikesh
3185	vismaya-3bhk-apartment-in-tapovan	1	rishikesh
3186	water-hills-resort-camping	1	rishikesh
3187	wild-leaf-camps	1	rishikesh
3188	wildex-adventures	1	rishikesh
3189	wooden-river-resort	1	rishikesh
3190	yamunotri-guest-house	1	rishikesh
3191	yog-kul-home-stay-premium-one-bedroom-apartment-with-balcony-and-mount	1	rishikesh
3192	yog-namah-hotel-cafe	1	rishikesh
3193	yogvan-holidays-1bhk-apartments-tapovan-rishikesh-superior-one-bedroom	1	rishikesh
3194	yogvan-luxury-1bhk-apartments-tapovan-rishikesh-superior-apartment-wit	1	rishikesh
3195	yogvan-luxury-1bhk-apartments-tapovan-rishikesh-superior-one-bedroom-a	1	rishikesh
3196	7-lines-homestay	1	haridwar
3197	aarogyam-haridwar-one-bedroom-apartment	1	haridwar
3198	aastha-guest-house	1	haridwar
3199	abhi-ganga-homestay-deluxe-double-room-2-adults-1-child	1	haridwar
3200	alka-hotel	1	haridwar
3201	amit-homestay-studio	1	haridwar
3202	anand-tirth-homestay	1	haridwar
3203	arihant-hotel-restaurant	1	haridwar
3204	bansal-guest-house	1	haridwar
3205	basanti-devi-yatri-nivas	1	haridwar
3206	bismillah-hotel	1	haridwar
3207	capital-o-hotel-park-grace	1	haridwar
3208	chandigarh-bhawan	1	haridwar
3209	collection-o-hotel-the-orient	1	haridwar
3210	daksh-guest-house	1	haridwar
3211	devanjali-homestay	1	haridwar
3212	devki-sadan	1	haridwar
3213	divintra-hotel-the-rio	1	haridwar
3214	elysium-guest-house	1	haridwar
3215	fabhotel-prime-the-haveli-resort-by-ks-group	1	haridwar
3216	five-elements-hotels-haridwar	1	haridwar
3217	ganga-getaway-homestay	1	haridwar
3218	ganga-palace	1	haridwar
3219	gaurav-lodge	1	haridwar
3220	gokul-dham	1	haridwar
3221	guru-kripa-guest-house	1	haridwar
3222	haridwar-station	1	haridwar
3223	hgv-hotel-ganga-vibes	1	haridwar
3224	himalayan-vista	1	haridwar
3225	hotel-adarsh-residency	1	haridwar
3226	hotel-ahuja	1	haridwar
3227	hotel-all-season	1	haridwar
3228	hotel-amishi	1	haridwar
3229	hotel-anmol	1	haridwar
3230	hotel-anshvi-grand	1	haridwar
3231	hotel-arihant-haridwar	1	haridwar
3232	hotel-aura-residency-haridwar	1	haridwar
3233	hotel-bajrang-bali	1	haridwar
3234	hotel-banke-bihari-haridwar	1	haridwar
3235	hotel-belle-rose	1	haridwar
3236	hotel-bliss	1	haridwar
3237	hotel-city-centre	1	haridwar
3238	hotel-city-park-haridwar	1	haridwar
3239	hotel-de-glace	1	haridwar
3240	hotel-delhi-heart	1	haridwar
3241	hotel-dezire	1	haridwar
3242	hotel-dolphin	1	haridwar
3243	hotel-dream-inn	1	haridwar
3244	hotel-drive-inn	1	haridwar
3245	hotel-elgrovia	1	haridwar
3246	hotel-flora	1	haridwar
3247	hotel-ganga-ashraye	1	haridwar
3248	hotel-ganga-stone	1	haridwar
3249	hotel-ganpati-plaza	1	haridwar
3250	hotel-gayatri	1	haridwar
3251	hotel-gayatri-bliss-home-stay	1	haridwar
3252	hotel-girnar	1	haridwar
3253	hotel-golden-peacock-by-haven-on-hill	1	haridwar
3254	hotel-golden-village-sidcul-haridwar	1	haridwar
3255	hotel-grand-pacific-restaurant	1	haridwar
3256	hotel-grandstay	1	haridwar
3257	hotel-hari-ganga	1	haridwar
3258	hotel-haridwar	1	haridwar
3259	hotel-heavens	1	haridwar
3260	hotel-heritage	1	haridwar
3261	hotel-jimmy	1	haridwar
3262	hotel-kedar-ganga	1	haridwar
3263	hotel-kiran	1	haridwar
3264	hotel-lucky-inn	1	haridwar
3265	hotel-madhav	1	haridwar
3266	hotel-maheshwar-palace	1	haridwar
3267	hotel-mangal-murti	1	haridwar
3268	hotel-modi-inn	1	haridwar
3269	hotel-nakshatra-inn	1	haridwar
3270	hotel-parakh-haridwar	1	haridwar
3271	hotel-parth	1	haridwar
3272	hotel-pavani-inn-haridwar	1	haridwar
3273	hotel-raj-gyan-niwas	1	haridwar
3274	hotel-ramawati-by-sitara-group	1	haridwar
3275	hotel-ramaya-inn-haridwar	1	haridwar
3276	hotel-regency	1	haridwar
3277	hotel-rest-inn	1	haridwar
3278	hotel-rk-inn	1	haridwar
3279	hotel-sachin-international	1	haridwar
3280	hotel-satkar	1	haridwar
3281	hotel-shakumbari	1	haridwar
3282	hotel-sharang	1	haridwar
3283	hotel-shiv-ganga	1	haridwar
3284	hotel-shiv-sai	1	haridwar
3285	hotel-shivalik	1	haridwar
3286	hotel-shivay-inn	1	haridwar
3287	hotel-shree-darshan	1	haridwar
3288	hotel-shri-hari	1	haridwar
3289	hotel-signature-inn	1	haridwar
3290	hotel-siyaram	1	haridwar
3291	hotel-sound-sleep	1	haridwar
3292	hotel-suryahomestay-patanjali-yogpeeth	1	haridwar
3293	hotel-suryodaya	1	haridwar
3294	hotel-the-everlite	1	haridwar
3295	hotel-tulsi-inn	1	haridwar
3296	hotel-urban-hive	1	haridwar
3297	hotel-vedansh	1	haridwar
3298	hotel-vistara-grand	1	haridwar
3299	hotel-winola-inn	1	haridwar
3300	hotels-the-room-by-hotel-anand-near-to-railway-station	1	haridwar
3301	inder-kutir-haridwar	1	haridwar
3302	karni-bhawan-dharamshala	1	haridwar
3303	krishna-dham-aashram	1	haridwar
3304	mansa-apartment-by-uv-stays	1	haridwar
3305	mansarover	1	haridwar
3306	moonlight-farm-house	1	haridwar
3307	narayan-homestay	1	haridwar
3308	narayani-guest-house	1	haridwar
3309	neelkanth-villa	1	haridwar
3310	new-royal-guest-house	1	haridwar
3311	nirvana-homestay-fd8ho	1	haridwar
3312	oaktel-hotel-haridwar-best-budget-hotel-in-haridwar-family-hotels-top-	1	haridwar
3313	oppo-rooms-white-flower	1	haridwar
3314	oyo-18267-sunita	1	haridwar
3315	oyo-82653-hotel-devbhoomi	1	haridwar
3316	patanjali-home-stay	1	haridwar
3317	pebbles-by-the-ganges	1	haridwar
3318	prakash-guest-house	1	haridwar
3319	rainbow-resorts-spa	1	haridwar
3320	revking-at-hotel-riverview	1	haridwar
3321	sanchi-homestay-hotel	1	haridwar
3322	shanti-niketan-dharamshala	1	haridwar
3323	sharma-guest-house-near-emerald-riveria-haridwar-gazziwali-double-room	1	haridwar
3324	shiv-vishram-grah-lodge-haridwar	1	haridwar
3325	shivalik-hotel-restaurant	1	haridwar
3326	shivanta-by-ektham-hotels	1	haridwar
3327	shreshth-homestay-haridwar-family-room	1	haridwar
3328	shri-bhagwan-gopi-dham-dharmsala	1	haridwar
3329	shri-neelkanth-dham	1	haridwar
3330	simran	1	haridwar
3331	sitaram-dharamsala	1	haridwar
3332	sukoon-the-guest-house	1	haridwar
3333	tejasvi-guest-house	1	haridwar
3334	the-forestaa-resort	1	haridwar
3335	the-hotel-classic	1	haridwar
3336	the-royal-aroma	1	haridwar
3337	vedic-portico-hotel-haridwar	1	haridwar
3338	vega-homes	1	haridwar
3339	vega-homes-hk3i0	1	haridwar
3340	vyas-dham	1	haridwar
3341	yog-stays-haridwar-cottage-1-double-bed	1	haridwar
3342	12-22-the-stay	1	rishikesh
3343	360-nature-view-camp-and-resort	1	rishikesh
3344	aarambh-homestay	1	rishikesh
3345	aaron-serene-aaron-patho-homestay	1	rishikesh
3346	adventure-inn	1	rishikesh
3347	alpine-18-camps-cafe	1	rishikesh
3348	amalia-house-3bhk-apartment-three-bedroom-apartment	1	rishikesh
3349	amigos-homestay	1	rishikesh
3350	anand-lok-across-the-ganga	1	rishikesh
3351	anuj-home-stay	1	rishikesh
3352	atullyam-apartments-one-bedroom-apartment	1	rishikesh
3353	aym-hotel-resort	1	rishikesh
3354	bageecha-inn	1	rishikesh
3355	banke-bihari-home-stay	1	rishikesh
3356	bliss-resorts	1	rishikesh
3357	bud-stay-one-bedroom-apartment	1	rishikesh
3358	bungalow-apartment-in-rishikesh-two-bedroom-apartment	1	rishikesh
3359	camp-badal-adventure	1	rishikesh
3360	camp-bagheera-luxury-camps-in-rishikesh	1	rishikesh
3361	camp-footloose	1	rishikesh
3362	camp-jugnoo-camping-in-rishikesh	1	rishikesh
3363	camping-in-rishikesh-dpwtc	1	rishikesh
3364	celestia-by-ganga-kripa-apartment	1	rishikesh
3365	chamoli-homestay	1	rishikesh
3366	dharmshala-bhagwan-ashram	1	rishikesh
3367	doon-valley-guest-house	1	rishikesh
3368	ejaa-s-house	1	rishikesh
3369	evara-by-the-ganges	1	rishikesh
3370	forest-guest-house	1	rishikesh
3371	galaxy-ganga-resort	1	rishikesh
3372	ganga-forest-camp	1	rishikesh
3373	ganga-mension	1	rishikesh
3374	ganga-view-cottage	1	rishikesh
3375	garhwal-nature-camp	1	rishikesh
3376	gateway-camp-resort	1	rishikesh
3377	gauri-s-adobe-in-tapovan-entire-1bhk-two-bedroom-apartment	1	rishikesh
3378	ginger-valley-homestay	1	rishikesh
3379	grand-apartments-rishikesh	1	rishikesh
3380	haritage-bar-restaurant	1	rishikesh
3381	heartbeat-adventure	1	rishikesh
3382	high-garden-stays	1	rishikesh
3383	himalayan-haven-homestay	1	rishikesh
3384	himalayan-nature-camp	1	rishikesh
3385	hoa-resort-luxury-in-the-village	1	rishikesh
3386	homestay-in-vicinity-of-ganga	1	rishikesh
3387	homestay-yuvraj-two-bedroom-apartment	1	rishikesh
3388	hotel-aghore-shaktipeeth	1	rishikesh
3389	hotel-akash-continental-zoukstayz	1	rishikesh
3390	hotel-ayushman-ganga	1	rishikesh
3391	hotel-badri	1	rishikesh
3392	hotel-bharat-palace-tapowan-rishikesh	1	rishikesh
3393	hotel-buransh-inn-restaurant-cafe	1	rishikesh
3394	hotel-dev-nagari	1	rishikesh
3395	hotel-gangotri-hotal	1	rishikesh
3396	hotel-sachin-inn	1	rishikesh
3397	hotel-samrat-hv4ga	1	rishikesh
3398	hotel-shree-kanth-by-sjj	1	rishikesh
3399	hotel-surya	1	rishikesh
3400	hotel-the-mountain-view-tapovan-by-treetown-hospitalty	1	rishikesh
3401	hotel-tip-top	1	rishikesh
3402	hotel-tripal-tree	1	rishikesh
3403	hsk-ask	1	rishikesh
3404	imperial-triangle-resort	1	rishikesh
3405	j-sta-rasa-retreat-spa-rishikesh	1	rishikesh
3406	jungle-adventure-group	1	rishikesh
3407	kanpur-walli-dharamshala	1	rishikesh
3408	kapil-house-one-bedroom-apartment	1	rishikesh
3409	kidr-h-a-serene-stay	1	rishikesh
3410	laalsaa-resort	1	rishikesh
3411	lavanya-hiil-s-resort	1	rishikesh
3412	levelup-plus-hotel-pinaaki-inn	1	rishikesh
3413	luxury-1bhk-in-tapovan-rishikesh-l-fully-furnished-one-bedroom-apartme	1	rishikesh
3414	luxury-2-bedroom-s-apartment-luxury-apartment-2-bedrooms-balcony-river	1	rishikesh
3415	luxury-beatles-resort	1	rishikesh
3416	luxury-cottage-by-itvara-2-bedroom-near-ganges	1	rishikesh
3417	mahadev-homestay-one-bedroom-apartment	1	rishikesh
3418	majri-grant	1	rishikesh
3419	mambos-camp-rishikesh	1	rishikesh
3420	moonshine-camp	1	rishikesh
3421	mountain-mama-resorts	1	rishikesh
3422	nakshatra-ab-home-stay	1	rishikesh
3423	nandini-homestay-near-jollygrant-airport	1	rishikesh
3424	neel-kanth-home-stay	1	rishikesh
3425	now-and-nature-bnb	1	rishikesh
3426	om-mani-retreat-rishikesh	1	rishikesh
3427	om-shanti-home-stay	1	rishikesh
3428	orraica-206-1-bedroom-apartment-in-tapovan-near-lakshman-jhula-for-sta	1	rishikesh
3429	oyo-home-70086-hedony-farms-apartment	1	rishikesh
3430	panchajanya-home-stay	1	rishikesh
3431	peaceful-1-bedroom-apartment-with-ac-in-vibrant-rishikesh	1	rishikesh
3432	prakriti-awas-homestay-in-rishikesh	1	rishikesh
3433	prana-wellness-resort	1	rishikesh
3434	qcent-baragarh	1	rishikesh
3435	radha-krishna-homestay	1	rishikesh
3436	rafting-and-camping-in-rishikesh	1	rishikesh
3437	rafting-ganga-adventure	1	rishikesh
3438	rawat-rooms-and-hotels-services	1	rishikesh
3439	rishikesh-forest-resort	1	rishikesh
3440	rishikesh-luxury-camping-resort	1	rishikesh
3441	rishivashyam-98	1	rishikesh
3442	river-heights	1	rishikesh
3443	rivera-beach-camp	1	rishikesh
3444	sakshi-ganga-one-bedroom-apartment	1	rishikesh
3445	sanskritik-rural-stone-cottages	1	rishikesh
3446	shiven-resort	1	rishikesh
3447	shree-jee-heights-heaven-hideout-on-the-ganges-one-bedroom-apartment	1	rishikesh
3448	shree-ved-exotica	1	rishikesh
3449	shreeji-homestay-deluxe-double-room-2-adults-1-child	1	rishikesh
3450	skylight-suites	1	rishikesh
3451	spacious-5-br-penthouse-apartment	1	rishikesh
3452	sparsh-himalayan-shivir-lekhak-gaon	1	rishikesh
3453	swaastik-yog-homestay-double-or-twin-room	1	rishikesh
3454	taponiwas	1	rishikesh
3455	tapovan-swiss-camp	1	rishikesh
3456	the-aatithiyam-resort-dehradun-a-family-resort	1	rishikesh
3457	the-anand-mountain-view-apartment-two-bedroom-apartment	1	rishikesh
3458	the-aranya	1	rishikesh
3459	the-army-house-4-condo-with-ganga-mountains-view-one-bedroom-apartment	1	rishikesh
3460	the-hivel-paradise	1	rishikesh
3461	the-holy-ganga	1	rishikesh
3462	the-jungle-retreat	1	rishikesh
3463	the-neeraj-river-forest-resort	1	rishikesh
3464	the-olivia-by-shri-hari-group	1	rishikesh
3465	the-shivalik-adventure	1	rishikesh
3466	tripforlife-camps-and-cottages	1	rishikesh
3467	utopia-4-one-bedroom-standard-apartment	1	rishikesh
3468	wacky-woods-shivpuri	1	rishikesh
3469	whispering-birds-homestay-2bhk-home-in-rishikesh	1	rishikesh
3470	wild-brook-retreat-eco-cottage-forest-garden-view	1	rishikesh
3471	yognagri-homestay	1	rishikesh
3472	2-bedroom-apartment-in-enjoyable-haridwar-with-ac	1	haridwar
3473	aggarwal-dham	1	haridwar
3474	anand-bhairav-dharmshala-haridwar	1	haridwar
3475	anandam-farms-and-nature-resort	1	haridwar
3476	atithi-sneh-home-stay	1	haridwar
3477	birla-guest-house	1	haridwar
3478	elysium-hotel	1	haridwar
3479	ganges-portico-sidcul	1	haridwar
3480	gmvn-chilla-rajaji-national-park-haridwar	1	haridwar
3481	haridwar-homestay	1	haridwar
3482	hotel-amar	1	haridwar
3483	hotel-arihant-by-dls-hotels	1	haridwar
3484	hotel-ashoka	1	haridwar
3485	hotel-ganga-aamantaran	1	haridwar
3486	hotel-haveli-guest-house-haridwar	1	haridwar
3487	hotel-imperial-blue	1	haridwar
3488	hotel-magan-restaurant	1	haridwar
3489	hotel-neekanth-and-restaurant	1	haridwar
3490	hotel-neera-home-stay	1	haridwar
3491	hotel-o-panchayanpur-haridwar-adinath-guest-house	1	haridwar
3492	hotel-pali	1	haridwar
3493	hotel-park-prime-by-anagh	1	haridwar
3494	hotel-royal-inn	1	haridwar
3495	hotel-samrat	1	haridwar
3496	hotel-sun-view-yt71y	1	haridwar
3497	hotel-the-white-castle	1	haridwar
3498	j-b-s-regency-hotel-and-banquet	1	haridwar
3499	jaipuriya-dharamshala	1	haridwar
3500	jodhpur-bhavan	1	haridwar
3501	machaan-guest-house	1	haridwar
3502	maruti-sadan	1	haridwar
3503	moon-river	1	haridwar
3504	myspace-arihant-haridwar	1	haridwar
3505	narayan-homestay-guest-house-one-bedroom-house	1	haridwar
3506	om-guest-house	1	haridwar
3507	portyico	1	haridwar
3508	riveron-homestay-three-bedroom-villa	1	haridwar
3509	royal-pg	1	haridwar
3510	sabhya-sansar-three-bedroom-apartment	1	haridwar
3511	shankracharya-bhawan	1	haridwar
3512	shree-bhawalpur-bhawan-trust	1	haridwar
3513	shri-kheteswar-bhawan	1	haridwar
3514	shri-namdev-dharmshala	1	haridwar
3515	stayvista-villa	1	haridwar
3516	the-manstays-homestay-nearby-ganges	1	haridwar
3517	vishwakarma-dharmshala	1	haridwar
3518	yellow-leaf-hotel-in-haridwar	1	haridwar
3519	beautiful-1-bhk-in-tapovan-one-bedroom-apartment	1	rishikesh
3520	bhajan-ashram-rishikesh	1	rishikesh
3521	cozy-bnb-by-the-ganges	1	rishikesh
3522	divine-oak-stay-on-the-valley-in-the-himalayas	1	rishikesh
3523	exclusive-1-bhk-apartment-in-rishikesh-one-bedroom-apartment	1	rishikesh
3524	h7-stay-on-the-ganges	1	rishikesh
3525	hillsqueenresort	1	rishikesh
3526	hotel-sk-grand-comfy-nature-stay	1	rishikesh
3527	hotel-sunshine	1	rishikesh
3528	kingfisher-river-resort	1	rishikesh
3529	mountain-whisper-camp-at-the-most-unique-location-of-rishikesh	1	rishikesh
3530	nearby-hotel-aloha-nim-beach-road	1	rishikesh
3531	oji-s-homestay	1	rishikesh
3532	red-velvet-resort	1	rishikesh
3533	staywell-cottage	1	rishikesh
3534	the-winterline-resort-restaurant	1	rishikesh
3535	vanasutra-resort	1	rishikesh
3536	ashiyana-banquet-hall	1	haridwar
3537	blissful-stays-one-bedroom-apartment	1	haridwar
3538	haridwar-hapoy-stay-hotel	1	haridwar
3539	haridwar-hotel-resorts	1	haridwar
3540	haridwar-yatra-home-stay	1	haridwar
3541	hotel-savera-haridwar	1	haridwar
3542	hotel-suresha	1	haridwar
3543	hotel-swastik	1	haridwar
3544	shiv-om-guest-house	1	haridwar
3545	shivshakti-homestay	1	haridwar
3546	umiya-dham-aashram	1	haridwar
